domain,dimension,type,group,indicator,date,populationTotal,GNIperCap,value,_join_code,indCode,date_grp,dimension_grp,domain_grp,group_grp,indicator_grp,type_grp,value_grp
ecological,climate change,global doughnut,World,co2_ppm,2000,,,368.96,co2,,,,,,,,
ecological,climate change,global doughnut,World,co2_ppm,2001,,,370.57,co2,,,,,,,,
ecological,climate change,global doughnut,World,co2_ppm,2002,,,372.58,co2,,,,,,,,
ecological,climate change,global doughnut,World,co2_ppm,2003,,,375.14,co2,,,,,,,,
ecological,climate change,global doughnut,World,co2_ppm,2004,,,376.95,co2,,,,,,,,
ecological,climate change,global doughnut,World,co2_ppm,2005,,,378.98,co2,,,,,,,,
ecological,climate change,global doughnut,World,co2_ppm,2006,,,381.15,co2,,,,,,,,
ecological,climate change,global doughnut,World,co2_ppm,2007,,,382.9,co2,,,,,,,,
ecological,climate change,global doughnut,World,co2_ppm,2008,,,385.02,co2,,,,,,,,
ecological,climate change,global doughnut,World,co2_ppm,2009,,,386.5,co2,,,,,,,,
ecological,climate change,global doughnut,World,co2_ppm,2010,,,388.76,co2,,,,,,,,
ecological,climate change,global doughnut,World,co2_ppm,2011,,,390.63,co2,,,,,,,,
ecological,climate change,global doughnut,World,co2_ppm,2012,,,392.65,co2,,,,,,,,
ecological,climate change,global doughnut,World,co2_ppm,2013,,,395.4,co2,,,,,,,,
ecological,climate change,global doughnut,World,co2_ppm,2014,,,397.34,co2,,,,,,,,
ecological,climate change,global doughnut,World,co2_ppm,2015,,,399.65,co2,,,,,,,,
ecological,climate change,global doughnut,World,co2_ppm,2016,,,403.07,co2,,,,,,,,
ecological,climate change,global doughnut,World,co2_ppm,2017,,,405.22,co2,,,,,,,,
ecological,climate change,global doughnut,World,co2_ppm,2018,,,407.61,co2,,,,,,,,
ecological,climate change,global doughnut,World,co2_ppm,2019,,,410.07,co2,,,,,,,,
ecological,climate change,global doughnut,World,co2_ppm,2020,,,412.44,co2,,,,,,,,
ecological,climate change,global doughnut,World,co2_ppm,2021,,,414.7,co2,,,,,,,,
ecological,climate change,global doughnut,World,co2_ppm,2022,,,417.07,co2,,,,,,,,
ecological,climate change,global doughnut,World,erf_wm2,2000,,,1.768161509,,,,,,,,,
ecological,climate change,global doughnut,World,erf_wm2,2001,,,1.800168769,,,,,,,,,
ecological,climate change,global doughnut,World,erf_wm2,2002,,,1.769856169,,,,,,,,,
ecological,climate change,global doughnut,World,erf_wm2,2003,,,1.782140571,,,,,,,,,
ecological,climate change,global doughnut,World,erf_wm2,2004,,,1.820539588,,,,,,,,,
ecological,climate change,global doughnut,World,erf_wm2,2005,,,1.818268351,,,,,,,,,
ecological,climate change,global doughnut,World,erf_wm2,2006,,,1.836035212,,,,,,,,,
ecological,climate change,global doughnut,World,erf_wm2,2007,,,1.907146187,,,,,,,,,
ecological,climate change,global doughnut,World,erf_wm2,2008,,,1.989420045,,,,,,,,,
ecological,climate change,global doughnut,World,erf_wm2,2009,,,2.080128136,,,,,,,,,
ecological,climate change,global doughnut,World,erf_wm2,2010,,,2.125213918,,,,,,,,,
ecological,climate change,global doughnut,World,erf_wm2,2011,,,2.170834936,,,,,,,,,
ecological,climate change,global doughnut,World,erf_wm2,2012,,,2.192857836,,,,,,,,,
ecological,climate change,global doughnut,World,erf_wm2,2013,,,2.305792855,,,,,,,,,
ecological,climate change,global doughnut,World,erf_wm2,2014,,,2.345523777,,,,,,,,,
ecological,climate change,global doughnut,World,erf_wm2,2015,,,2.407861829,,,,,,,,,
ecological,climate change,global doughnut,World,erf_wm2,2016,,,2.541620271,,,,,,,,,
ecological,climate change,global doughnut,World,erf_wm2,2017,,,2.584380082,,,,,,,,,
ecological,climate change,global doughnut,World,erf_wm2,2018,,,2.650136802,,,,,,,,,
ecological,climate change,global doughnut,World,erf_wm2,2019,,,2.647117717,,,,,,,,,
ecological,climate change,global doughnut,World,erf_wm2,2020,,,2.794099165,,,,,,,,,
ecological,climate change,global doughnut,World,erf_wm2,2021,,,2.749664805,,,,,,,,,
ecological,climate change,global doughnut,World,erf_wm2,2022,,,2.914967669,,,,,,,,,
ecological,climate change,national aggregate,World,co2_footprint,2000,6022392584.0,10811.19188461706,,co2,,,,,,,,
ecological,climate change,national aggregate,World,co2_footprint,2001,6102449162.0,10941.01552034705,,co2,,,,,,,,
ecological,climate change,national aggregate,World,co2_footprint,2002,6182357789.0,11080.54967625144,,co2,,,,,,,,
ecological,climate change,national aggregate,World,co2_footprint,2003,6262095302.0,11329.91810986508,,co2,,,,,,,,
ecological,climate change,national aggregate,World,co2_footprint,2004,6342183333.0,11754.14061196926,,co2,,,,,,,,
ecological,climate change,national aggregate,World,co2_footprint,2005,6422533547.0,12128.425776384209,,co2,,,,,,,,
ecological,climate change,national aggregate,World,co2_footprint,2006,6503250735.0,12605.283209224684,,co2,,,,,,,,
ecological,climate change,national aggregate,World,co2_footprint,2007,6585123176.0,13100.663689299492,,co2,,,,,,,,
ecological,climate change,national aggregate,World,co2_footprint,2008,6676911713.0,13262.657049384105,,co2,,,,,,,,
ecological,climate change,national aggregate,World,co2_footprint,2009,6761394784.0,13024.213735132083,,co2,,,,,,,,
ecological,climate change,national aggregate,World,co2_footprint,2010,6846578658.0,13505.328973548678,,co2,,,,,,,,
ecological,climate change,national aggregate,World,co2_footprint,2011,6932482993.0,13884.056143385247,,co2,,,,,,,,
ecological,climate change,national aggregate,World,co2_footprint,2012,7019410348.0,14136.919085775233,,co2,,,,,,,,
ecological,climate change,national aggregate,World,co2_footprint,2013,7106227170.0,14397.823223021156,,co2,,,,,,,,
ecological,climate change,national aggregate,World,co2_footprint,2014,7192767875.0,14725.823876377588,,co2,,,,,,,,
ecological,climate change,national aggregate,World,co2_footprint,2015,7278466615.0,15023.8557729071,,co2,,,,,,,,
ecological,climate change,national aggregate,World,co2_footprint,2016,7363461574.0,15309.149487821616,,co2,,,,,,,,
ecological,climate change,national aggregate,World,co2_footprint,2017,7448056322.0,15730.45692085964,3.774512842476268,co2,,,,,,,,
ecological,climate change,national aggregate,World,co2_footprint,2018,7530230552.0,16104.24657715806,,co2,,,,,,,,
ecological,climate change,national aggregate,World,co2_footprint,2019,7609776788.0,16396.30415131602,,co2,,,,,,,,
ecological,climate change,national aggregate,World,co2_footprint,2020,7685261481.0,15722.6243392955,,co2,,,,,,,,
ecological,climate change,national aggregate,World,co2_footprint,2021,7753399602.0,16531.046091322263,,co2,,,,,,,,
ecological,climate change,national aggregate,World,co2_footprint,2022,7818196139.0,16933.95738092833,,co2,,,,,,,,
ecological,climate change,national aggregate,Bottom-40,co2_footprint,2000,2376251180.0,2579.4843396945944,,co2,,,,,,,,
ecological,climate change,national aggregate,Bottom-40,co2_footprint,2001,2426787989.0,2652.5588679937755,,co2,,,,,,,,
ecological,climate change,national aggregate,Bottom-40,co2_footprint,2002,2478235048.0,2722.550528921249,,co2,,,,,,,,
ecological,climate change,national aggregate,Bottom-40,co2_footprint,2003,2529741078.0,2836.395690472428,,co2,,,,,,,,
ecological,climate change,national aggregate,Bottom-40,co2_footprint,2004,2580984201.0,2981.3451289937984,,co2,,,,,,,,
ecological,climate change,national aggregate,Bottom-40,co2_footprint,2005,2632156395.0,3126.9936710480224,,co2,,,,,,,,
ecological,climate change,national aggregate,Bottom-40,co2_footprint,2006,2683431644.0,3297.5807525828877,,co2,,,,,,,,
ecological,climate change,national aggregate,Bottom-40,co2_footprint,2007,2734871536.0,3466.408421660846,,co2,,,,,,,,
ecological,climate change,national aggregate,Bottom-40,co2_footprint,2008,2795001471.0,3534.35709920528,,co2,,,,,,,,
ecological,climate change,national aggregate,Bottom-40,co2_footprint,2009,2847446203.0,3675.288745010788,,co2,,,,,,,,
ecological,climate change,national aggregate,Bottom-40,co2_footprint,2010,2901274477.0,3844.870051171807,,co2,,,,,,,,
ecological,climate change,national aggregate,Bottom-40,co2_footprint,2011,2955832944.0,4009.6372800035233,,co2,,,,,,,,
ecological,climate change,national aggregate,Bottom-40,co2_footprint,2012,3010003314.0,4102.676086858366,,co2,,,,,,,,
ecological,climate change,national aggregate,Bottom-40,co2_footprint,2013,3063131123.0,4245.545393317514,,co2,,,,,,,,
ecological,climate change,national aggregate,Bottom-40,co2_footprint,2014,3115821462.0,4445.625619050939,,co2,,,,,,,,
ecological,climate change,national aggregate,Bottom-40,co2_footprint,2015,3168801188.0,4639.820472799655,,co2,,,,,,,,
ecological,climate change,national aggregate,Bottom-40,co2_footprint,2016,3223415240.0,4820.5434787645945,,co2,,,,,,,,
ecological,climate change,national aggregate,Bottom-40,co2_footprint,2017,3279187003.0,5022.645571175445,0.9389036299243086,co2,,,,,,,,
ecological,climate change,national aggregate,Bottom-40,co2_footprint,2018,3335141885.0,5220.246520639839,,co2,,,,,,,,
ecological,climate change,national aggregate,Bottom-40,co2_footprint,2019,3391515669.0,5351.198468263703,,co2,,,,,,,,
ecological,climate change,national aggregate,Bottom-40,co2_footprint,2020,3448355313.0,5065.89772405755,,co2,,,,,,,,
ecological,climate change,national aggregate,Bottom-40,co2_footprint,2021,3503396785.0,5277.14433390681,,co2,,,,,,,,
ecological,climate change,national aggregate,Bottom-40,co2_footprint,2022,3557061423.0,5519.322704930674,,co2,,,,,,,,
ecological,climate change,national aggregate,Middle-40,co2_footprint,2000,2763213047.0,7654.13769028717,,co2,,,,,,,,
ecological,climate change,national aggregate,Middle-40,co2_footprint,2001,2787097352.0,7864.397438154485,,co2,,,,,,,,
ecological,climate change,national aggregate,Middle-40,co2_footprint,2002,2809777661.0,8129.234599744939,,co2,,,,,,,,
ecological,climate change,national aggregate,Middle-40,co2_footprint,2003,2831990088.0,8482.923214338003,,co2,,,,,,,,
ecological,climate change,national aggregate,Middle-40,co2_footprint,2004,2854580918.0,9026.771620453132,,co2,,,,,,,,
ecological,climate change,national aggregate,Middle-40,co2_footprint,2005,2877350070.0,9530.885164442148,,co2,,,,,,,,
ecological,climate change,national aggregate,Middle-40,co2_footprint,2006,2900011889.0,10226.591130506778,,co2,,,,,,,,
ecological,climate change,national aggregate,Middle-40,co2_footprint,2007,2922803830.0,11027.49896082735,,co2,,,,,,,,
ecological,climate change,national aggregate,Middle-40,co2_footprint,2008,2946612580.0,11563.736297340984,,co2,,,,,,,,
ecological,climate change,national aggregate,Middle-40,co2_footprint,2009,2971502710.0,11577.176573561052,,co2,,,,,,,,
ecological,climate change,national aggregate,Middle-40,co2_footprint,2010,2996720802.0,12250.283021241938,,co2,,,,,,,,
ecological,climate change,national aggregate,Middle-40,co2_footprint,2011,3022345410.0,12853.909105558352,,co2,,,,,,,,
ecological,climate change,national aggregate,Middle-40,co2_footprint,2012,3049383432.0,13375.86948255519,,co2,,,,,,,,
ecological,climate change,national aggregate,Middle-40,co2_footprint,2013,3077662819.0,13828.707635689078,,co2,,,,,,,,
ecological,climate change,national aggregate,Middle-40,co2_footprint,2014,3106304024.0,14298.405942931491,,co2,,,,,,,,
ecological,climate change,national aggregate,Middle-40,co2_footprint,2015,3133943059.0,14664.32213227094,,co2,,,,,,,,
ecological,climate change,national aggregate,Middle-40,co2_footprint,2016,3159258795.0,15076.874706966642,,co2,,,,,,,,
ecological,climate change,national aggregate,Middle-40,co2_footprint,2017,3183138611.0,15659.215592343417,4.25670414835964,co2,,,,,,,,
ecological,climate change,national aggregate,Middle-40,co2_footprint,2018,3204775631.0,16182.731813295552,,co2,,,,,,,,
ecological,climate change,national aggregate,Middle-40,co2_footprint,2019,3223588538.0,16658.463829057677,,co2,,,,,,,,
ecological,climate change,national aggregate,Middle-40,co2_footprint,2020,3239195616.0,16354.337717044236,,co2,,,,,,,,
ecological,climate change,national aggregate,Middle-40,co2_footprint,2021,3250518847.0,17372.882830322826,,co2,,,,,,,,
ecological,climate change,national aggregate,Middle-40,co2_footprint,2022,3259729582.0,17870.61550369402,,co2,,,,,,,,
ecological,climate change,national aggregate,Top-20,co2_footprint,2000,882928357.0,42845.74812313115,,co2,,,,,,,,
ecological,climate change,national aggregate,Top-20,co2_footprint,2001,888563821.0,43228.12926867091,,co2,,,,,,,,
ecological,climate change,national aggregate,Top-20,co2_footprint,2002,894345080.0,43512.80232598735,,co2,,,,,,,,
ecological,climate change,national aggregate,Top-20,co2_footprint,2003,900364136.0,44148.9439955994,,co2,,,,,,,,
ecological,climate change,national aggregate,Top-20,co2_footprint,2004,906618214.0,45316.16435010109,,co2,,,,,,,,
ecological,climate change,national aggregate,Top-20,co2_footprint,2005,913027082.0,46264.555313249664,,co2,,,,,,,,
ecological,climate change,national aggregate,Top-20,co2_footprint,2006,919807202.0,47259.08733723497,,co2,,,,,,,,
ecological,climate change,national aggregate,Top-20,co2_footprint,2007,927447810.0,48043.76664473402,,co2,,,,,,,,
ecological,climate change,national aggregate,Top-20,co2_footprint,2008,935297662.0,47686.64337970848,,co2,,,,,,,,
ecological,climate change,national aggregate,Top-20,co2_footprint,2009,942445871.0,45832.92643024211,,co2,,,,,,,,
ecological,climate change,national aggregate,Top-20,co2_footprint,2010,948583379.0,47017.053850969765,,co2,,,,,,,,
ecological,climate change,national aggregate,Top-20,co2_footprint,2011,954304639.0,47731.31144383859,,co2,,,,,,,,
ecological,climate change,national aggregate,Top-20,co2_footprint,2012,960023602.0,48015.08277201596,,co2,,,,,,,,
ecological,climate change,national aggregate,Top-20,co2_footprint,2013,965433228.0,48423.27741254011,,co2,,,,,,,,
ecological,climate change,national aggregate,Top-20,co2_footprint,2014,970642389.0,49093.73608424506,,co2,,,,,,,,
ecological,climate change,national aggregate,Top-20,co2_footprint,2015,975722368.0,49902.32373559204,,co2,,,,,,,,
ecological,climate change,national aggregate,Top-20,co2_footprint,2016,980787539.0,50528.75335375405,,co2,,,,,,,,
ecological,climate change,national aggregate,Top-20,co2_footprint,2017,985730708.0,51581.71583482991,11.650508840910334,co2,,,,,,,,
ecological,climate change,national aggregate,Top-20,co2_footprint,2018,990313036.0,52505.0164168369,,co2,,,,,,,,
ecological,climate change,national aggregate,Top-20,co2_footprint,2019,994672581.0,53206.96401762948,,co2,,,,,,,,
ecological,climate change,national aggregate,Top-20,co2_footprint,2020,997710552.0,50504.19156789593,,co2,,,,,,,,
ecological,climate change,national aggregate,Top-20,co2_footprint,2021,999483970.0,53240.46630285082,,co2,,,,,,,,
ecological,climate change,national aggregate,Top-20,co2_footprint,2022,1001405134.0,54430.57408254537,,co2,,,,,,,,
ecological,ocean acidification,global doughnut,World,omega_a,2000,,,2.986,,,,,,,,,
ecological,ocean acidification,global doughnut,World,omega_a,2001,,,2.985,,,,,,,,,
ecological,ocean acidification,global doughnut,World,omega_a,2002,,,2.97,,,,,,,,,
ecological,ocean acidification,global doughnut,World,omega_a,2003,,,2.976,,,,,,,,,
ecological,ocean acidification,global doughnut,World,omega_a,2004,,,2.962,,,,,,,,,
ecological,ocean acidification,global doughnut,World,omega_a,2005,,,2.951,,,,,,,,,
ecological,ocean acidification,global doughnut,World,omega_a,2006,,,2.936,,,,,,,,,
ecological,ocean acidification,global doughnut,World,omega_a,2007,,,2.917,,,,,,,,,
ecological,ocean acidification,global doughnut,World,omega_a,2008,,,2.913,,,,,,,,,
ecological,ocean acidification,global doughnut,World,omega_a,2009,,,2.917,,,,,,,,,
ecological,ocean acidification,global doughnut,World,omega_a,2010,,,2.907,,,,,,,,,
ecological,ocean acidification,global doughnut,World,omega_a,2011,,,2.881,,,,,,,,,
ecological,ocean acidification,global doughnut,World,omega_a,2012,,,2.88,,,,,,,,,
ecological,ocean acidification,global doughnut,World,omega_a,2013,,,2.882,,,,,,,,,
ecological,ocean acidification,global doughnut,World,omega_a,2014,,,2.882,,,,,,,,,
ecological,ocean acidification,global doughnut,World,omega_a,2015,,,2.879,,,,,,,,,
ecological,ocean acidification,global doughnut,World,omega_a,2016,,,2.859,,,,,,,,,
ecological,ocean acidification,global doughnut,World,omega_a,2017,,,2.841,,,,,,,,,
ecological,ocean acidification,global doughnut,World,omega_a,2018,,,2.826,,,,,,,,,
ecological,ocean acidification,global doughnut,World,omega_a,2019,,,2.829,,,,,,,,,
ecological,ocean acidification,global doughnut,World,omega_a,2020,,,2.821,,,,,,,,,
ecological,ocean acidification,global doughnut,World,omega_a,2021,,,2.803,,,,,,,,,
ecological,ocean acidification,global doughnut,World,omega_a,2022,,,2.786,,,,,,,,,
ecological,ocean acidification,national aggregate,World,omega_a_footprint,2000,6087113661.0,11033.593778486846,,,,,,,,,,
ecological,ocean acidification,national aggregate,World,omega_a_footprint,2001,6168321963.0,11157.924027657036,,,,,,,,,,
ecological,ocean acidification,national aggregate,World,omega_a_footprint,2002,6249366588.0,11289.939082169089,,,,,,,,,,
ecological,ocean acidification,national aggregate,World,omega_a_footprint,2003,6330239342.0,11559.495576669651,,,,,,,,,,
ecological,ocean acidification,national aggregate,World,omega_a_footprint,2004,6411455695.0,12000.204077563389,,,,,,,,,,
ecological,ocean acidification,national aggregate,World,omega_a_footprint,2005,6493271134.0,12388.84340932646,,,,,,,,,,
ecological,ocean acidification,national aggregate,World,omega_a_footprint,2006,6575894375.0,12881.718983200612,,,,,,,,,,
ecological,ocean acidification,national aggregate,World,omega_a_footprint,2007,6659804230.0,13384.936003439365,,,,,,,,,,
ecological,ocean acidification,national aggregate,World,omega_a_footprint,2008,6753659772.0,13554.87644970591,,,,,,,,,,
ecological,ocean acidification,national aggregate,World,omega_a_footprint,2009,6840172498.0,13303.153428987966,,,,,,,,,,
ecological,ocean acidification,national aggregate,World,omega_a_footprint,2010,6927291704.0,13796.6417931423,,,,,,,,,,
ecological,ocean acidification,national aggregate,World,omega_a_footprint,2011,7014617158.0,14181.534053313428,,,,,,,,,,
ecological,ocean acidification,national aggregate,World,omega_a_footprint,2012,7102957187.0,14457.278813069255,,,,,,,,,,
ecological,ocean acidification,national aggregate,World,omega_a_footprint,2013,7191631788.0,14719.598108524537,,,,,,,,,,
ecological,ocean acidification,national aggregate,World,omega_a_footprint,2014,7279857340.0,15050.324979535386,,,,,,,,,,
ecological,ocean acidification,national aggregate,World,omega_a_footprint,2015,7367243918.0,15354.313495222154,,,,,,,,,,
ecological,ocean acidification,national aggregate,World,omega_a_footprint,2016,7453927854.0,15641.917922024915,,,,,,,,,,
ecological,ocean acidification,national aggregate,World,omega_a_footprint,2017,7540109842.0,16060.191327793138,,,,,,,,,,
ecological,ocean acidification,national aggregate,World,omega_a_footprint,2018,7623892512.0,16431.285562868605,,,,,,,,,,
ecological,ocean acidification,national aggregate,World,omega_a_footprint,2019,7704868157.0,16713.676317093705,,,,,,,,,,
ecological,ocean acidification,national aggregate,World,omega_a_footprint,2020,7780698402.0,16015.845882759748,,,,,,,,,,
ecological,ocean acidification,national aggregate,World,omega_a_footprint,2021,7848869118.0,16837.8414884704,,,,,,,,,,
ecological,ocean acidification,national aggregate,World,omega_a_footprint,2022,7914502913.0,17254.434027524196,,,,,,,,,,
ecological,ocean acidification,national aggregate,Bottom-40,omega_a_footprint,2000,2390496925.0,2590.9974391428664,,,,,,,,,,
ecological,ocean acidification,national aggregate,Bottom-40,omega_a_footprint,2001,2441157194.0,2663.2031090486253,,,,,,,,,,
ecological,ocean acidification,national aggregate,Bottom-40,omega_a_footprint,2002,2492714585.0,2731.9750022323224,,,,,,,,,,
ecological,ocean acidification,national aggregate,Bottom-40,omega_a_footprint,2003,2544324485.0,2846.256099720923,,,,,,,,,,
ecological,ocean acidification,national aggregate,Bottom-40,omega_a_footprint,2004,2595669620.0,2992.2508778064066,,,,,,,,,,
ecological,ocean acidification,national aggregate,Bottom-40,omega_a_footprint,2005,2646943702.0,3139.9579892205297,,,,,,,,,,
ecological,ocean acidification,national aggregate,Bottom-40,omega_a_footprint,2006,2698319942.0,3312.081416215672,,,,,,,,,,
ecological,ocean acidification,national aggregate,Bottom-40,omega_a_footprint,2007,2749859301.0,3481.6419270781485,,,,,,,,,,
ecological,ocean acidification,national aggregate,Bottom-40,omega_a_footprint,2008,2810086898.0,3550.327833144699,,,,,,,,,,
ecological,ocean acidification,national aggregate,Bottom-40,omega_a_footprint,2009,2862628786.0,3690.6612219346794,,,,,,,,,,
ecological,ocean acidification,national aggregate,Bottom-40,omega_a_footprint,2010,2916557172.0,3860.087593058656,,,,,,,,,,
ecological,ocean acidification,national aggregate,Bottom-40,omega_a_footprint,2011,2971219398.0,4025.339575358574,,,,,,,,,,
ecological,ocean acidification,national aggregate,Bottom-40,omega_a_footprint,2012,3025496765.0,4118.907239318242,,,,,,,,,,
ecological,ocean acidification,national aggregate,Bottom-40,omega_a_footprint,2013,3078734496.0,4261.941562979554,,,,,,,,,,
ecological,ocean acidification,national aggregate,Bottom-40,omega_a_footprint,2014,3131533963.0,4461.00717186334,,,,,,,,,,
ecological,ocean acidification,national aggregate,Bottom-40,omega_a_footprint,2015,3184625696.0,4655.56473539207,,,,,,,,,,
ecological,ocean acidification,national aggregate,Bottom-40,omega_a_footprint,2016,3239351100.0,4835.955023097456,,,,,,,,,,
ecological,ocean acidification,national aggregate,Bottom-40,omega_a_footprint,2017,3295224355.0,5037.397493099811,,,,,,,,,,
ecological,ocean acidification,national aggregate,Bottom-40,omega_a_footprint,2018,3351275676.0,5234.702054758413,,,,,,,,,,
ecological,ocean acidification,national aggregate,Bottom-40,omega_a_footprint,2019,3407742141.0,5364.77105881448,,,,,,,,,,
ecological,ocean acidification,national aggregate,Bottom-40,omega_a_footprint,2020,3464675412.0,5076.04284296782,,,,,,,,,,
ecological,ocean acidification,national aggregate,Bottom-40,omega_a_footprint,2021,3519786549.0,5287.298647675415,,,,,,,,,,
ecological,ocean acidification,national aggregate,Bottom-40,omega_a_footprint,2022,3573523686.0,5529.041654165806,,,,,,,,,,
ecological,ocean acidification,national aggregate,Middle-40,omega_a_footprint,2000,2771079507.0,7692.85018485735,,,,,,,,,,
ecological,ocean acidification,national aggregate,Middle-40,omega_a_footprint,2001,2795128241.0,7902.984182376066,,,,,,,,,,
ecological,ocean acidification,national aggregate,Middle-40,omega_a_footprint,2002,2817982774.0,8168.321690814426,,,,,,,,,,
ecological,ocean acidification,national aggregate,Middle-40,omega_a_footprint,2003,2840378133.0,8528.850379276693,,,,,,,,,,
ecological,ocean acidification,national aggregate,Middle-40,omega_a_footprint,2004,2863160639.0,9073.696198278563,,,,,,,,,,
ecological,ocean acidification,national aggregate,Middle-40,omega_a_footprint,2005,2886128730.0,9583.909852877112,,,,,,,,,,
ecological,ocean acidification,national aggregate,Middle-40,omega_a_footprint,2006,2908976565.0,10285.251123919892,,,,,,,,,,
ecological,ocean acidification,national aggregate,Middle-40,omega_a_footprint,2007,2931945847.0,11087.96033204242,,,,,,,,,,
ecological,ocean acidification,national aggregate,Middle-40,omega_a_footprint,2008,2955942444.0,11621.247297116652,,,,,,,,,,
ecological,ocean acidification,national aggregate,Middle-40,omega_a_footprint,2009,2981024091.0,11630.725189742872,,,,,,,,,,
ecological,ocean acidification,national aggregate,Middle-40,omega_a_footprint,2010,3006436061.0,12302.342501699068,,,,,,,,,,
ecological,ocean acidification,national aggregate,Middle-40,omega_a_footprint,2011,3031818549.0,12869.064810164246,,,,,,,,,,
ecological,ocean acidification,national aggregate,Middle-40,omega_a_footprint,2012,3058599742.0,13418.780155524284,,,,,,,,,,
ecological,ocean acidification,national aggregate,Middle-40,omega_a_footprint,2013,3087056858.0,13858.936902267154,,,,,,,,,,
ecological,ocean acidification,national aggregate,Middle-40,omega_a_footprint,2014,3115874201.0,14317.047425141602,,,,,,,,,,
ecological,ocean acidification,national aggregate,Middle-40,omega_a_footprint,2015,3143671521.0,14682.35031361053,,,,,,,,,,
ecological,ocean acidification,national aggregate,Middle-40,omega_a_footprint,2016,3169140069.0,15090.746063579065,,,,,,,,,,
ecological,ocean acidification,national aggregate,Middle-40,omega_a_footprint,2017,3193178974.0,15681.633581815418,,,,,,,,,,
ecological,ocean acidification,national aggregate,Middle-40,omega_a_footprint,2018,3214995105.0,16205.265939374283,,,,,,,,,,
ecological,ocean acidification,national aggregate,Middle-40,omega_a_footprint,2019,3233967613.0,16672.718839130957,,,,,,,,,,
ecological,ocean acidification,national aggregate,Middle-40,omega_a_footprint,2020,3249703015.0,16353.946617090254,,,,,,,,,,
ecological,ocean acidification,national aggregate,Middle-40,omega_a_footprint,2021,3261155656.0,17377.02988724466,,,,,,,,,,
ecological,ocean acidification,national aggregate,Middle-40,omega_a_footprint,2022,3270491108.0,17872.515797620435,,,,,,,,,,
ecological,ocean acidification,national aggregate,Top-20,omega_a_footprint,2000,925537229.0,42841.57056886864,,,,,,,,,,
ecological,ocean acidification,national aggregate,Top-20,omega_a_footprint,2001,932036528.0,43168.38978676752,,,,,,,,,,
ecological,ocean acidification,national aggregate,Top-20,omega_a_footprint,2002,938669229.0,43387.74839026642,,,,,,,,,,
ecological,ocean acidification,national aggregate,Top-20,omega_a_footprint,2003,945536724.0,44109.777454907606,,,,,,,,,,
ecological,ocean acidification,national aggregate,Top-20,omega_a_footprint,2004,952625436.0,45340.414645573714,,,,,,,,,,
ecological,ocean acidification,national aggregate,Top-20,omega_a_footprint,2005,960198702.0,46315.86108642239,,,,,,,,,,
ecological,ocean acidification,national aggregate,Top-20,omega_a_footprint,2006,968597868.0,47338.75129945506,,,,,,,,,,
ecological,ocean acidification,national aggregate,Top-20,omega_a_footprint,2007,977999082.0,48116.33221024317,,,,,,,,,,
ecological,ocean acidification,national aggregate,Top-20,omega_a_footprint,2008,987630430.0,47807.91933225158,,,,,,,,,,
ecological,ocean acidification,national aggregate,Top-20,omega_a_footprint,2009,996519621.0,45919.21545509608,,,,,,,,,,
ecological,ocean acidification,national aggregate,Top-20,omega_a_footprint,2010,1004298471.0,47126.41840786978,,,,,,,,,,
ecological,ocean acidification,national aggregate,Top-20,omega_a_footprint,2011,1011579211.0,47946.01860155472,,,,,,,,,,
ecological,ocean acidification,national aggregate,Top-20,omega_a_footprint,2012,1018860680.0,48274.52404996078,,,,,,,,,,
ecological,ocean acidification,national aggregate,Top-20,omega_a_footprint,2013,1025840434.0,48694.91910204364,,,,,,,,,,
ecological,ocean acidification,national aggregate,Top-20,omega_a_footprint,2014,1032449176.0,49381.90255022027,,,,,,,,,,
ecological,ocean acidification,national aggregate,Top-20,omega_a_footprint,2015,1038946701.0,50181.83804288999,,,,,,,,,,
ecological,ocean acidification,national aggregate,Top-20,omega_a_footprint,2016,1045436685.0,50795.6954314738,,,,,,,,,,
ecological,ocean acidification,national aggregate,Top-20,omega_a_footprint,2017,1051706513.0,51746.36506086974,,,,,,,,,,
ecological,ocean acidification,national aggregate,Top-20,omega_a_footprint,2018,1057621731.0,52596.85291749837,,,,,,,,,,
ecological,ocean acidification,national aggregate,Top-20,omega_a_footprint,2019,1063158403.0,53214.91427993404,,,,,,,,,,
ecological,ocean acidification,national aggregate,Top-20,omega_a_footprint,2020,1066319975.0,50530.94500051039,,,,,,,,,,
ecological,ocean acidification,national aggregate,Top-20,omega_a_footprint,2021,1067926913.0,53260.809722408114,,,,,,,,,,
ecological,ocean acidification,national aggregate,Top-20,omega_a_footprint,2022,1070488119.0,54508.03426175838,,,,,,,,,,
ecological,chemical pollution,global doughnut,World,chemicalsMt,2000,,,1186.0,,,,,,,,,
ecological,chemical pollution,global doughnut,World,chemicalsMt,2001,,,1250.1176470588234,,,,,,,,,
ecological,chemical pollution,global doughnut,World,chemicalsMt,2002,,,1314.235294117647,,,,,,,,,
ecological,chemical pollution,global doughnut,World,chemicalsMt,2003,,,1378.3529411764707,,,,,,,,,
ecological,chemical pollution,global doughnut,World,chemicalsMt,2004,,,1442.470588235294,,,,,,,,,
ecological,chemical pollution,global doughnut,World,chemicalsMt,2005,,,1506.5882352941176,,,,,,,,,
ecological,chemical pollution,global doughnut,World,chemicalsMt,2006,,,1570.7058823529412,,,,,,,,,
ecological,chemical pollution,global doughnut,World,chemicalsMt,2007,,,1634.8235294117646,,,,,,,,,
ecological,chemical pollution,global doughnut,World,chemicalsMt,2008,,,1698.9411764705883,,,,,,,,,
ecological,chemical pollution,global doughnut,World,chemicalsMt,2009,,,1763.0588235294117,,,,,,,,,
ecological,chemical pollution,global doughnut,World,chemicalsMt,2010,,,1827.1764705882351,,,,,,,,,
ecological,chemical pollution,global doughnut,World,chemicalsMt,2011,,,1891.294117647059,,,,,,,,,
ecological,chemical pollution,global doughnut,World,chemicalsMt,2012,,,1955.4117647058824,,,,,,,,,
ecological,chemical pollution,global doughnut,World,chemicalsMt,2013,,,2019.529411764706,,,,,,,,,
ecological,chemical pollution,global doughnut,World,chemicalsMt,2014,,,2083.6470588235293,,,,,,,,,
ecological,chemical pollution,global doughnut,World,chemicalsMt,2015,,,2147.764705882353,,,,,,,,,
ecological,chemical pollution,global doughnut,World,chemicalsMt,2016,,,2211.8823529411766,,,,,,,,,
ecological,chemical pollution,global doughnut,World,chemicalsMt,2017,,,2276.0,,,,,,,,,
ecological,chemical pollution,global doughnut,World,chemicalsMt,2018,,,,,,,,,,,,
ecological,chemical pollution,global doughnut,World,chemicalsMt,2019,,,,,,,,,,,,
ecological,chemical pollution,global doughnut,World,chemicalsMt,2020,,,,,,,,,,,,
ecological,chemical pollution,global doughnut,World,chemicalsMt,2021,,,,,,,,,,,,
ecological,chemical pollution,global doughnut,World,chemicalsMt,2022,,,,,,,,,,,,
ecological,chemical pollution,global doughnut,World,EUshare_hzdHealth,2000,,,76.59,,,,,,,,,
ecological,chemical pollution,global doughnut,World,EUshare_hzdHealth,2001,,,76.59,,,,,,,,,
ecological,chemical pollution,global doughnut,World,EUshare_hzdHealth,2002,,,76.59,,,,,,,,,
ecological,chemical pollution,global doughnut,World,EUshare_hzdHealth,2003,,,76.59,,,,,,,,,
ecological,chemical pollution,global doughnut,World,EUshare_hzdHealth,2004,,,76.59,,,,,,,,,
ecological,chemical pollution,global doughnut,World,EUshare_hzdHealth,2005,,,76.59,,,,,,,,,
ecological,chemical pollution,global doughnut,World,EUshare_hzdHealth,2006,,,76.59,,,,,,,,,
ecological,chemical pollution,global doughnut,World,EUshare_hzdHealth,2007,,,76.59,,,,,,,,,
ecological,chemical pollution,global doughnut,World,EUshare_hzdHealth,2008,,,76.59,,,,,,,,,
ecological,chemical pollution,global doughnut,World,EUshare_hzdHealth,2009,,,76.59,,,,,,,,,
ecological,chemical pollution,global doughnut,World,EUshare_hzdHealth,2010,,,76.59,,,,,,,,,
ecological,chemical pollution,global doughnut,World,EUshare_hzdHealth,2011,,,76.59,,,,,,,,,
ecological,chemical pollution,global doughnut,World,EUshare_hzdHealth,2012,,,76.59,,,,,,,,,
ecological,chemical pollution,global doughnut,World,EUshare_hzdHealth,2013,,,76.59,,,,,,,,,
ecological,chemical pollution,global doughnut,World,EUshare_hzdHealth,2014,,,76.59,,,,,,,,,
ecological,chemical pollution,global doughnut,World,EUshare_hzdHealth,2015,,,76.59,,,,,,,,,
ecological,chemical pollution,global doughnut,World,EUshare_hzdHealth,2016,,,76.59,,,,,,,,,
ecological,chemical pollution,global doughnut,World,EUshare_hzdHealth,2017,,,76.59,,,,,,,,,
ecological,chemical pollution,global doughnut,World,EUshare_hzdHealth,2018,,,76.59,,,,,,,,,
ecological,chemical pollution,global doughnut,World,EUshare_hzdHealth,2019,,,76.59,,,,,,,,,
ecological,chemical pollution,global doughnut,World,EUshare_hzdHealth,2020,,,76.59,,,,,,,,,
ecological,chemical pollution,global doughnut,World,EUshare_hzdHealth,2021,,,76.59,,,,,,,,,
ecological,chemical pollution,global doughnut,World,EUshare_hzdHealth,2022,,,76.59,,,,,,,,,
ecological,chemical pollution,national aggregate,World,hzdChemicals_footprint,2000,6087113661.0,11033.593778486846,,,,,,,,,,
ecological,chemical pollution,national aggregate,World,hzdChemicals_footprint,2001,6168321963.0,11157.924027657036,,,,,,,,,,
ecological,chemical pollution,national aggregate,World,hzdChemicals_footprint,2002,6249366588.0,11289.939082169089,,,,,,,,,,
ecological,chemical pollution,national aggregate,World,hzdChemicals_footprint,2003,6330239342.0,11559.495576669651,,,,,,,,,,
ecological,chemical pollution,national aggregate,World,hzdChemicals_footprint,2004,6411455695.0,12000.204077563389,,,,,,,,,,
ecological,chemical pollution,national aggregate,World,hzdChemicals_footprint,2005,6493271134.0,12388.84340932646,,,,,,,,,,
ecological,chemical pollution,national aggregate,World,hzdChemicals_footprint,2006,6575894375.0,12881.718983200612,,,,,,,,,,
ecological,chemical pollution,national aggregate,World,hzdChemicals_footprint,2007,6659804230.0,13384.936003439365,,,,,,,,,,
ecological,chemical pollution,national aggregate,World,hzdChemicals_footprint,2008,6753659772.0,13554.87644970591,,,,,,,,,,
ecological,chemical pollution,national aggregate,World,hzdChemicals_footprint,2009,6840172498.0,13303.153428987966,,,,,,,,,,
ecological,chemical pollution,national aggregate,World,hzdChemicals_footprint,2010,6927291704.0,13796.6417931423,,,,,,,,,,
ecological,chemical pollution,national aggregate,World,hzdChemicals_footprint,2011,7014617158.0,14181.534053313428,,,,,,,,,,
ecological,chemical pollution,national aggregate,World,hzdChemicals_footprint,2012,7102957187.0,14457.278813069255,,,,,,,,,,
ecological,chemical pollution,national aggregate,World,hzdChemicals_footprint,2013,7191631788.0,14719.598108524537,,,,,,,,,,
ecological,chemical pollution,national aggregate,World,hzdChemicals_footprint,2014,7279857340.0,15050.324979535386,,,,,,,,,,
ecological,chemical pollution,national aggregate,World,hzdChemicals_footprint,2015,7367243918.0,15354.313495222154,,,,,,,,,,
ecological,chemical pollution,national aggregate,World,hzdChemicals_footprint,2016,7453927854.0,15641.917922024915,,,,,,,,,,
ecological,chemical pollution,national aggregate,World,hzdChemicals_footprint,2017,7540109842.0,16060.191327793138,,,,,,,,,,
ecological,chemical pollution,national aggregate,World,hzdChemicals_footprint,2018,7623892512.0,16431.285562868605,,,,,,,,,,
ecological,chemical pollution,national aggregate,World,hzdChemicals_footprint,2019,7704868157.0,16713.676317093705,,,,,,,,,,
ecological,chemical pollution,national aggregate,World,hzdChemicals_footprint,2020,7780698402.0,16015.845882759748,,,,,,,,,,
ecological,chemical pollution,national aggregate,World,hzdChemicals_footprint,2021,7848869118.0,16837.8414884704,,,,,,,,,,
ecological,chemical pollution,national aggregate,World,hzdChemicals_footprint,2022,7914502913.0,17254.434027524196,,,,,,,,,,
ecological,chemical pollution,national aggregate,Bottom-40,hzdChemicals_footprint,2000,2390496925.0,2590.9974391428664,,,,,,,,,,
ecological,chemical pollution,national aggregate,Bottom-40,hzdChemicals_footprint,2001,2441157194.0,2663.2031090486253,,,,,,,,,,
ecological,chemical pollution,national aggregate,Bottom-40,hzdChemicals_footprint,2002,2492714585.0,2731.9750022323224,,,,,,,,,,
ecological,chemical pollution,national aggregate,Bottom-40,hzdChemicals_footprint,2003,2544324485.0,2846.256099720923,,,,,,,,,,
ecological,chemical pollution,national aggregate,Bottom-40,hzdChemicals_footprint,2004,2595669620.0,2992.2508778064066,,,,,,,,,,
ecological,chemical pollution,national aggregate,Bottom-40,hzdChemicals_footprint,2005,2646943702.0,3139.9579892205297,,,,,,,,,,
ecological,chemical pollution,national aggregate,Bottom-40,hzdChemicals_footprint,2006,2698319942.0,3312.081416215672,,,,,,,,,,
ecological,chemical pollution,national aggregate,Bottom-40,hzdChemicals_footprint,2007,2749859301.0,3481.6419270781485,,,,,,,,,,
ecological,chemical pollution,national aggregate,Bottom-40,hzdChemicals_footprint,2008,2810086898.0,3550.327833144699,,,,,,,,,,
ecological,chemical pollution,national aggregate,Bottom-40,hzdChemicals_footprint,2009,2862628786.0,3690.6612219346794,,,,,,,,,,
ecological,chemical pollution,national aggregate,Bottom-40,hzdChemicals_footprint,2010,2916557172.0,3860.087593058656,,,,,,,,,,
ecological,chemical pollution,national aggregate,Bottom-40,hzdChemicals_footprint,2011,2971219398.0,4025.339575358574,,,,,,,,,,
ecological,chemical pollution,national aggregate,Bottom-40,hzdChemicals_footprint,2012,3025496765.0,4118.907239318242,,,,,,,,,,
ecological,chemical pollution,national aggregate,Bottom-40,hzdChemicals_footprint,2013,3078734496.0,4261.941562979554,,,,,,,,,,
ecological,chemical pollution,national aggregate,Bottom-40,hzdChemicals_footprint,2014,3131533963.0,4461.00717186334,,,,,,,,,,
ecological,chemical pollution,national aggregate,Bottom-40,hzdChemicals_footprint,2015,3184625696.0,4655.56473539207,,,,,,,,,,
ecological,chemical pollution,national aggregate,Bottom-40,hzdChemicals_footprint,2016,3239351100.0,4835.955023097456,,,,,,,,,,
ecological,chemical pollution,national aggregate,Bottom-40,hzdChemicals_footprint,2017,3295224355.0,5037.397493099811,,,,,,,,,,
ecological,chemical pollution,national aggregate,Bottom-40,hzdChemicals_footprint,2018,3351275676.0,5234.702054758413,,,,,,,,,,
ecological,chemical pollution,national aggregate,Bottom-40,hzdChemicals_footprint,2019,3407742141.0,5364.77105881448,,,,,,,,,,
ecological,chemical pollution,national aggregate,Bottom-40,hzdChemicals_footprint,2020,3464675412.0,5076.04284296782,,,,,,,,,,
ecological,chemical pollution,national aggregate,Bottom-40,hzdChemicals_footprint,2021,3519786549.0,5287.298647675415,,,,,,,,,,
ecological,chemical pollution,national aggregate,Bottom-40,hzdChemicals_footprint,2022,3573523686.0,5529.041654165806,,,,,,,,,,
ecological,chemical pollution,national aggregate,Middle-40,hzdChemicals_footprint,2000,2771079507.0,7692.85018485735,,,,,,,,,,
ecological,chemical pollution,national aggregate,Middle-40,hzdChemicals_footprint,2001,2795128241.0,7902.984182376066,,,,,,,,,,
ecological,chemical pollution,national aggregate,Middle-40,hzdChemicals_footprint,2002,2817982774.0,8168.321690814426,,,,,,,,,,
ecological,chemical pollution,national aggregate,Middle-40,hzdChemicals_footprint,2003,2840378133.0,8528.850379276693,,,,,,,,,,
ecological,chemical pollution,national aggregate,Middle-40,hzdChemicals_footprint,2004,2863160639.0,9073.696198278563,,,,,,,,,,
ecological,chemical pollution,national aggregate,Middle-40,hzdChemicals_footprint,2005,2886128730.0,9583.909852877112,,,,,,,,,,
ecological,chemical pollution,national aggregate,Middle-40,hzdChemicals_footprint,2006,2908976565.0,10285.251123919892,,,,,,,,,,
ecological,chemical pollution,national aggregate,Middle-40,hzdChemicals_footprint,2007,2931945847.0,11087.96033204242,,,,,,,,,,
ecological,chemical pollution,national aggregate,Middle-40,hzdChemicals_footprint,2008,2955942444.0,11621.247297116652,,,,,,,,,,
ecological,chemical pollution,national aggregate,Middle-40,hzdChemicals_footprint,2009,2981024091.0,11630.725189742872,,,,,,,,,,
ecological,chemical pollution,national aggregate,Middle-40,hzdChemicals_footprint,2010,3006436061.0,12302.342501699068,,,,,,,,,,
ecological,chemical pollution,national aggregate,Middle-40,hzdChemicals_footprint,2011,3031818549.0,12869.064810164246,,,,,,,,,,
ecological,chemical pollution,national aggregate,Middle-40,hzdChemicals_footprint,2012,3058599742.0,13418.780155524284,,,,,,,,,,
ecological,chemical pollution,national aggregate,Middle-40,hzdChemicals_footprint,2013,3087056858.0,13858.936902267154,,,,,,,,,,
ecological,chemical pollution,national aggregate,Middle-40,hzdChemicals_footprint,2014,3115874201.0,14317.047425141602,,,,,,,,,,
ecological,chemical pollution,national aggregate,Middle-40,hzdChemicals_footprint,2015,3143671521.0,14682.35031361053,,,,,,,,,,
ecological,chemical pollution,national aggregate,Middle-40,hzdChemicals_footprint,2016,3169140069.0,15090.746063579065,,,,,,,,,,
ecological,chemical pollution,national aggregate,Middle-40,hzdChemicals_footprint,2017,3193178974.0,15681.633581815418,,,,,,,,,,
ecological,chemical pollution,national aggregate,Middle-40,hzdChemicals_footprint,2018,3214995105.0,16205.265939374283,,,,,,,,,,
ecological,chemical pollution,national aggregate,Middle-40,hzdChemicals_footprint,2019,3233967613.0,16672.718839130957,,,,,,,,,,
ecological,chemical pollution,national aggregate,Middle-40,hzdChemicals_footprint,2020,3249703015.0,16353.946617090254,,,,,,,,,,
ecological,chemical pollution,national aggregate,Middle-40,hzdChemicals_footprint,2021,3261155656.0,17377.02988724466,,,,,,,,,,
ecological,chemical pollution,national aggregate,Middle-40,hzdChemicals_footprint,2022,3270491108.0,17872.515797620435,,,,,,,,,,
ecological,chemical pollution,national aggregate,Top-20,hzdChemicals_footprint,2000,925537229.0,42841.57056886864,,,,,,,,,,
ecological,chemical pollution,national aggregate,Top-20,hzdChemicals_footprint,2001,932036528.0,43168.38978676752,,,,,,,,,,
ecological,chemical pollution,national aggregate,Top-20,hzdChemicals_footprint,2002,938669229.0,43387.74839026642,,,,,,,,,,
ecological,chemical pollution,national aggregate,Top-20,hzdChemicals_footprint,2003,945536724.0,44109.777454907606,,,,,,,,,,
ecological,chemical pollution,national aggregate,Top-20,hzdChemicals_footprint,2004,952625436.0,45340.414645573714,,,,,,,,,,
ecological,chemical pollution,national aggregate,Top-20,hzdChemicals_footprint,2005,960198702.0,46315.86108642239,,,,,,,,,,
ecological,chemical pollution,national aggregate,Top-20,hzdChemicals_footprint,2006,968597868.0,47338.75129945506,,,,,,,,,,
ecological,chemical pollution,national aggregate,Top-20,hzdChemicals_footprint,2007,977999082.0,48116.33221024317,,,,,,,,,,
ecological,chemical pollution,national aggregate,Top-20,hzdChemicals_footprint,2008,987630430.0,47807.91933225158,,,,,,,,,,
ecological,chemical pollution,national aggregate,Top-20,hzdChemicals_footprint,2009,996519621.0,45919.21545509608,,,,,,,,,,
ecological,chemical pollution,national aggregate,Top-20,hzdChemicals_footprint,2010,1004298471.0,47126.41840786978,,,,,,,,,,
ecological,chemical pollution,national aggregate,Top-20,hzdChemicals_footprint,2011,1011579211.0,47946.01860155472,,,,,,,,,,
ecological,chemical pollution,national aggregate,Top-20,hzdChemicals_footprint,2012,1018860680.0,48274.52404996078,,,,,,,,,,
ecological,chemical pollution,national aggregate,Top-20,hzdChemicals_footprint,2013,1025840434.0,48694.91910204364,,,,,,,,,,
ecological,chemical pollution,national aggregate,Top-20,hzdChemicals_footprint,2014,1032449176.0,49381.90255022027,,,,,,,,,,
ecological,chemical pollution,national aggregate,Top-20,hzdChemicals_footprint,2015,1038946701.0,50181.83804288999,,,,,,,,,,
ecological,chemical pollution,national aggregate,Top-20,hzdChemicals_footprint,2016,1045436685.0,50795.6954314738,,,,,,,,,,
ecological,chemical pollution,national aggregate,Top-20,hzdChemicals_footprint,2017,1051706513.0,51746.36506086974,,,,,,,,,,
ecological,chemical pollution,national aggregate,Top-20,hzdChemicals_footprint,2018,1057621731.0,52596.85291749837,,,,,,,,,,
ecological,chemical pollution,national aggregate,Top-20,hzdChemicals_footprint,2019,1063158403.0,53214.91427993404,,,,,,,,,,
ecological,chemical pollution,national aggregate,Top-20,hzdChemicals_footprint,2020,1066319975.0,50530.94500051039,,,,,,,,,,
ecological,chemical pollution,national aggregate,Top-20,hzdChemicals_footprint,2021,1067926913.0,53260.809722408114,,,,,,,,,,
ecological,chemical pollution,national aggregate,Top-20,hzdChemicals_footprint,2022,1070488119.0,54508.03426175838,,,,,,,,,,
ecological,nutrient pollution,global doughnut,World,nitrogenMt,2000,,,132.2432713,,,,,,,,,
ecological,nutrient pollution,global doughnut,World,nitrogenMt,2001,,,134.93367778,,,,,,,,,
ecological,nutrient pollution,global doughnut,World,nitrogenMt,2002,,,137.62408426000002,,,,,,,,,
ecological,nutrient pollution,global doughnut,World,nitrogenMt,2003,,,140.31449074,,,,,,,,,
ecological,nutrient pollution,global doughnut,World,nitrogenMt,2004,,,143.00489722,,,,,,,,,
ecological,nutrient pollution,global doughnut,World,nitrogenMt,2005,,,145.6953037,,,,,,,,,
ecological,nutrient pollution,global doughnut,World,nitrogenMt,2006,,,148.6046776,,,,,,,,,
ecological,nutrient pollution,global doughnut,World,nitrogenMt,2007,,,151.5140515,,,,,,,,,
ecological,nutrient pollution,global doughnut,World,nitrogenMt,2008,,,154.4234254,,,,,,,,,
ecological,nutrient pollution,global doughnut,World,nitrogenMt,2009,,,157.3327993,,,,,,,,,
ecological,nutrient pollution,global doughnut,World,nitrogenMt,2010,,,160.2421732,,,,,,,,,
ecological,nutrient pollution,global doughnut,World,nitrogenMt,2011,,,163.24602382,,,,,,,,,
ecological,nutrient pollution,global doughnut,World,nitrogenMt,2012,,,166.24987444,,,,,,,,,
ecological,nutrient pollution,global doughnut,World,nitrogenMt,2013,,,169.25372506,,,,,,,,,
ecological,nutrient pollution,global doughnut,World,nitrogenMt,2014,,,172.25757568,,,,,,,,,
ecological,nutrient pollution,global doughnut,World,nitrogenMt,2015,,,175.2614263,,,,,,,,,
ecological,nutrient pollution,global doughnut,World,nitrogenMt,2016,,,178.13090856,,,,,,,,,
ecological,nutrient pollution,global doughnut,World,nitrogenMt,2017,,,181.00039082,,,,,,,,,
ecological,nutrient pollution,global doughnut,World,nitrogenMt,2018,,,183.86987308,,,,,,,,,
ecological,nutrient pollution,global doughnut,World,nitrogenMt,2019,,,186.73935534,,,,,,,,,
ecological,nutrient pollution,global doughnut,World,nitrogenMt,2020,,,189.6088376,,,,,,,,,
ecological,nutrient pollution,global doughnut,World,nitrogenMt,2021,,,191.97349848,,,,,,,,,
ecological,nutrient pollution,global doughnut,World,nitrogenMt,2022,,,194.33815936,,,,,,,,,
ecological,nutrient pollution,global doughnut,World,phosphorusMt,2000,,,13.549286446478872,,,,,,,,,
ecological,nutrient pollution,global doughnut,World,phosphorusMt,2001,,,14.09326414225352,,,,,,,,,
ecological,nutrient pollution,global doughnut,World,phosphorusMt,2002,,,14.637241838028167,,,,,,,,,
ecological,nutrient pollution,global doughnut,World,phosphorusMt,2003,,,15.181219533802816,,,,,,,,,
ecological,nutrient pollution,global doughnut,World,phosphorusMt,2004,,,15.725197229577464,,,,,,,,,
ecological,nutrient pollution,global doughnut,World,phosphorusMt,2005,,,16.26917492535211,,,,,,,,,
ecological,nutrient pollution,global doughnut,World,phosphorusMt,2006,,,16.690833231549295,,,,,,,,,
ecological,nutrient pollution,global doughnut,World,phosphorusMt,2007,,,17.11249153774648,,,,,,,,,
ecological,nutrient pollution,global doughnut,World,phosphorusMt,2008,,,17.53414984394366,,,,,,,,,
ecological,nutrient pollution,global doughnut,World,phosphorusMt,2009,,,17.955808150140843,,,,,,,,,
ecological,nutrient pollution,global doughnut,World,phosphorusMt,2010,,,18.377466456338027,,,,,,,,,
ecological,nutrient pollution,global doughnut,World,phosphorusMt,2011,,,18.77253890929577,,,,,,,,,
ecological,nutrient pollution,global doughnut,World,phosphorusMt,2012,,,19.16761136225352,,,,,,,,,
ecological,nutrient pollution,global doughnut,World,phosphorusMt,2013,,,19.562683815211265,,,,,,,,,
ecological,nutrient pollution,global doughnut,World,phosphorusMt,2014,,,19.957756268169017,,,,,,,,,
ecological,nutrient pollution,global doughnut,World,phosphorusMt,2015,,,20.35282872112676,,,,,,,,,
ecological,nutrient pollution,global doughnut,World,phosphorusMt,2016,,,20.875580629577463,,,,,,,,,
ecological,nutrient pollution,global doughnut,World,phosphorusMt,2017,,,21.398332538028168,,,,,,,,,
ecological,nutrient pollution,global doughnut,World,phosphorusMt,2018,,,21.921084446478872,,,,,,,,,
ecological,nutrient pollution,global doughnut,World,phosphorusMt,2019,,,22.443836354929577,,,,,,,,,
ecological,nutrient pollution,global doughnut,World,phosphorusMt,2020,,,22.96658826338028,,,,,,,,,
ecological,nutrient pollution,global doughnut,World,phosphorusMt,2021,,,23.069493470704224,,,,,,,,,
ecological,nutrient pollution,global doughnut,World,phosphorusMt,2022,,,23.172398678028166,,,,,,,,,
ecological,nutrient pollution,national aggregate,World,N_footprint,2000,6022392584.0,10811.19188461706,,,,,,,,,,
ecological,nutrient pollution,national aggregate,World,N_footprint,2001,6102449162.0,10941.01552034705,,,,,,,,,,
ecological,nutrient pollution,national aggregate,World,N_footprint,2002,6182357789.0,11080.54967625144,,,,,,,,,,
ecological,nutrient pollution,national aggregate,World,N_footprint,2003,6262095302.0,11329.91810986508,,,,,,,,,,
ecological,nutrient pollution,national aggregate,World,N_footprint,2004,6342183333.0,11754.14061196926,,,,,,,,,,
ecological,nutrient pollution,national aggregate,World,N_footprint,2005,6422533547.0,12128.425776384209,,,,,,,,,,
ecological,nutrient pollution,national aggregate,World,N_footprint,2006,6503250735.0,12605.283209224684,,,,,,,,,,
ecological,nutrient pollution,national aggregate,World,N_footprint,2007,6585123176.0,13100.663689299492,,,,,,,,,,
ecological,nutrient pollution,national aggregate,World,N_footprint,2008,6676911713.0,13262.657049384105,,,,,,,,,,
ecological,nutrient pollution,national aggregate,World,N_footprint,2009,6761394784.0,13024.213735132083,,,,,,,,,,
ecological,nutrient pollution,national aggregate,World,N_footprint,2010,6846578658.0,13505.328973548678,,,,,,,,,,
ecological,nutrient pollution,national aggregate,World,N_footprint,2011,6932482993.0,13884.056143385247,,,,,,,,,,
ecological,nutrient pollution,national aggregate,World,N_footprint,2012,7019410348.0,14136.919085775233,,,,,,,,,,
ecological,nutrient pollution,national aggregate,World,N_footprint,2013,7106227170.0,14397.823223021156,,,,,,,,,,
ecological,nutrient pollution,national aggregate,World,N_footprint,2014,7192767875.0,14725.823876377588,,,,,,,,,,
ecological,nutrient pollution,national aggregate,World,N_footprint,2015,7278466615.0,15023.8557729071,,,,,,,,,,
ecological,nutrient pollution,national aggregate,World,N_footprint,2016,7363461574.0,15309.149487821616,,,,,,,,,,
ecological,nutrient pollution,national aggregate,World,N_footprint,2017,7448056322.0,15730.45692085964,18.117922775865477,,,,,,,,,
ecological,nutrient pollution,national aggregate,World,N_footprint,2018,7530230552.0,16104.24657715806,,,,,,,,,,
ecological,nutrient pollution,national aggregate,World,N_footprint,2019,7609776788.0,16396.30415131602,,,,,,,,,,
ecological,nutrient pollution,national aggregate,World,N_footprint,2020,7685261481.0,15722.6243392955,,,,,,,,,,
ecological,nutrient pollution,national aggregate,World,N_footprint,2021,7753399602.0,16531.046091322263,,,,,,,,,,
ecological,nutrient pollution,national aggregate,World,N_footprint,2022,7818196139.0,16933.95738092833,,,,,,,,,,
ecological,nutrient pollution,national aggregate,Bottom-40,N_footprint,2000,2376251180.0,2579.4843396945944,,,,,,,,,,
ecological,nutrient pollution,national aggregate,Bottom-40,N_footprint,2001,2426787989.0,2652.5588679937755,,,,,,,,,,
ecological,nutrient pollution,national aggregate,Bottom-40,N_footprint,2002,2478235048.0,2722.550528921249,,,,,,,,,,
ecological,nutrient pollution,national aggregate,Bottom-40,N_footprint,2003,2529741078.0,2836.395690472428,,,,,,,,,,
ecological,nutrient pollution,national aggregate,Bottom-40,N_footprint,2004,2580984201.0,2981.3451289937984,,,,,,,,,,
ecological,nutrient pollution,national aggregate,Bottom-40,N_footprint,2005,2632156395.0,3126.9936710480224,,,,,,,,,,
ecological,nutrient pollution,national aggregate,Bottom-40,N_footprint,2006,2683431644.0,3297.5807525828877,,,,,,,,,,
ecological,nutrient pollution,national aggregate,Bottom-40,N_footprint,2007,2734871536.0,3466.408421660846,,,,,,,,,,
ecological,nutrient pollution,national aggregate,Bottom-40,N_footprint,2008,2795001471.0,3534.35709920528,,,,,,,,,,
ecological,nutrient pollution,national aggregate,Bottom-40,N_footprint,2009,2847446203.0,3675.288745010788,,,,,,,,,,
ecological,nutrient pollution,national aggregate,Bottom-40,N_footprint,2010,2901274477.0,3844.870051171807,,,,,,,,,,
ecological,nutrient pollution,national aggregate,Bottom-40,N_footprint,2011,2955832944.0,4009.6372800035233,,,,,,,,,,
ecological,nutrient pollution,national aggregate,Bottom-40,N_footprint,2012,3010003314.0,4102.676086858366,,,,,,,,,,
ecological,nutrient pollution,national aggregate,Bottom-40,N_footprint,2013,3063131123.0,4245.545393317514,,,,,,,,,,
ecological,nutrient pollution,national aggregate,Bottom-40,N_footprint,2014,3115821462.0,4445.625619050939,,,,,,,,,,
ecological,nutrient pollution,national aggregate,Bottom-40,N_footprint,2015,3168801188.0,4639.820472799655,,,,,,,,,,
ecological,nutrient pollution,national aggregate,Bottom-40,N_footprint,2016,3223415240.0,4820.5434787645945,,,,,,,,,,
ecological,nutrient pollution,national aggregate,Bottom-40,N_footprint,2017,3279187003.0,5022.645571175445,10.597805911103135,,,,,,,,,
ecological,nutrient pollution,national aggregate,Bottom-40,N_footprint,2018,3335141885.0,5220.246520639839,,,,,,,,,,
ecological,nutrient pollution,national aggregate,Bottom-40,N_footprint,2019,3391515669.0,5351.198468263703,,,,,,,,,,
ecological,nutrient pollution,national aggregate,Bottom-40,N_footprint,2020,3448355313.0,5065.89772405755,,,,,,,,,,
ecological,nutrient pollution,national aggregate,Bottom-40,N_footprint,2021,3503396785.0,5277.14433390681,,,,,,,,,,
ecological,nutrient pollution,national aggregate,Bottom-40,N_footprint,2022,3557061423.0,5519.322704930674,,,,,,,,,,
ecological,nutrient pollution,national aggregate,Middle-40,N_footprint,2000,2763213047.0,7654.13769028717,,,,,,,,,,
ecological,nutrient pollution,national aggregate,Middle-40,N_footprint,2001,2787097352.0,7864.397438154485,,,,,,,,,,
ecological,nutrient pollution,national aggregate,Middle-40,N_footprint,2002,2809777661.0,8129.234599744939,,,,,,,,,,
ecological,nutrient pollution,national aggregate,Middle-40,N_footprint,2003,2831990088.0,8482.923214338003,,,,,,,,,,
ecological,nutrient pollution,national aggregate,Middle-40,N_footprint,2004,2854580918.0,9026.771620453132,,,,,,,,,,
ecological,nutrient pollution,national aggregate,Middle-40,N_footprint,2005,2877350070.0,9530.885164442148,,,,,,,,,,
ecological,nutrient pollution,national aggregate,Middle-40,N_footprint,2006,2900011889.0,10226.591130506778,,,,,,,,,,
ecological,nutrient pollution,national aggregate,Middle-40,N_footprint,2007,2922803830.0,11027.49896082735,,,,,,,,,,
ecological,nutrient pollution,national aggregate,Middle-40,N_footprint,2008,2946612580.0,11563.736297340984,,,,,,,,,,
ecological,nutrient pollution,national aggregate,Middle-40,N_footprint,2009,2971502710.0,11577.176573561052,,,,,,,,,,
ecological,nutrient pollution,national aggregate,Middle-40,N_footprint,2010,2996720802.0,12250.283021241938,,,,,,,,,,
ecological,nutrient pollution,national aggregate,Middle-40,N_footprint,2011,3022345410.0,12853.909105558352,,,,,,,,,,
ecological,nutrient pollution,national aggregate,Middle-40,N_footprint,2012,3049383432.0,13375.86948255519,,,,,,,,,,
ecological,nutrient pollution,national aggregate,Middle-40,N_footprint,2013,3077662819.0,13828.707635689078,,,,,,,,,,
ecological,nutrient pollution,national aggregate,Middle-40,N_footprint,2014,3106304024.0,14298.405942931491,,,,,,,,,,
ecological,nutrient pollution,national aggregate,Middle-40,N_footprint,2015,3133943059.0,14664.32213227094,,,,,,,,,,
ecological,nutrient pollution,national aggregate,Middle-40,N_footprint,2016,3159258795.0,15076.874706966642,,,,,,,,,,
ecological,nutrient pollution,national aggregate,Middle-40,N_footprint,2017,3183138611.0,15659.215592343417,21.440116459605857,,,,,,,,,
ecological,nutrient pollution,national aggregate,Middle-40,N_footprint,2018,3204775631.0,16182.731813295552,,,,,,,,,,
ecological,nutrient pollution,national aggregate,Middle-40,N_footprint,2019,3223588538.0,16658.463829057677,,,,,,,,,,
ecological,nutrient pollution,national aggregate,Middle-40,N_footprint,2020,3239195616.0,16354.337717044236,,,,,,,,,,
ecological,nutrient pollution,national aggregate,Middle-40,N_footprint,2021,3250518847.0,17372.882830322826,,,,,,,,,,
ecological,nutrient pollution,national aggregate,Middle-40,N_footprint,2022,3259729582.0,17870.61550369402,,,,,,,,,,
ecological,nutrient pollution,national aggregate,Top-20,N_footprint,2000,882928357.0,42845.74812313115,,,,,,,,,,
ecological,nutrient pollution,national aggregate,Top-20,N_footprint,2001,888563821.0,43228.12926867091,,,,,,,,,,
ecological,nutrient pollution,national aggregate,Top-20,N_footprint,2002,894345080.0,43512.80232598735,,,,,,,,,,
ecological,nutrient pollution,national aggregate,Top-20,N_footprint,2003,900364136.0,44148.9439955994,,,,,,,,,,
ecological,nutrient pollution,national aggregate,Top-20,N_footprint,2004,906618214.0,45316.16435010109,,,,,,,,,,
ecological,nutrient pollution,national aggregate,Top-20,N_footprint,2005,913027082.0,46264.555313249664,,,,,,,,,,
ecological,nutrient pollution,national aggregate,Top-20,N_footprint,2006,919807202.0,47259.08733723497,,,,,,,,,,
ecological,nutrient pollution,national aggregate,Top-20,N_footprint,2007,927447810.0,48043.76664473402,,,,,,,,,,
ecological,nutrient pollution,national aggregate,Top-20,N_footprint,2008,935297662.0,47686.64337970848,,,,,,,,,,
ecological,nutrient pollution,national aggregate,Top-20,N_footprint,2009,942445871.0,45832.92643024211,,,,,,,,,,
ecological,nutrient pollution,national aggregate,Top-20,N_footprint,2010,948583379.0,47017.053850969765,,,,,,,,,,
ecological,nutrient pollution,national aggregate,Top-20,N_footprint,2011,954304639.0,47731.31144383859,,,,,,,,,,
ecological,nutrient pollution,national aggregate,Top-20,N_footprint,2012,960023602.0,48015.08277201596,,,,,,,,,,
ecological,nutrient pollution,national aggregate,Top-20,N_footprint,2013,965433228.0,48423.27741254011,,,,,,,,,,
ecological,nutrient pollution,national aggregate,Top-20,N_footprint,2014,970642389.0,49093.73608424506,,,,,,,,,,
ecological,nutrient pollution,national aggregate,Top-20,N_footprint,2015,975722368.0,49902.32373559204,,,,,,,,,,
ecological,nutrient pollution,national aggregate,Top-20,N_footprint,2016,980787539.0,50528.75335375405,,,,,,,,,,
ecological,nutrient pollution,national aggregate,Top-20,N_footprint,2017,985730708.0,51581.71583482991,32.40667971701113,,,,,,,,,
ecological,nutrient pollution,national aggregate,Top-20,N_footprint,2018,990313036.0,52505.0164168369,,,,,,,,,,
ecological,nutrient pollution,national aggregate,Top-20,N_footprint,2019,994672581.0,53206.96401762948,,,,,,,,,,
ecological,nutrient pollution,national aggregate,Top-20,N_footprint,2020,997710552.0,50504.19156789593,,,,,,,,,,
ecological,nutrient pollution,national aggregate,Top-20,N_footprint,2021,999483970.0,53240.46630285082,,,,,,,,,,
ecological,nutrient pollution,national aggregate,Top-20,N_footprint,2022,1001405134.0,54430.57408254537,,,,,,,,,,
ecological,nutrient pollution,national aggregate,World,P_footprint,2000,6022392584.0,10811.19188461706,,,,,,,,,,
ecological,nutrient pollution,national aggregate,World,P_footprint,2001,6102449162.0,10941.01552034705,,,,,,,,,,
ecological,nutrient pollution,national aggregate,World,P_footprint,2002,6182357789.0,11080.54967625144,,,,,,,,,,
ecological,nutrient pollution,national aggregate,World,P_footprint,2003,6262095302.0,11329.91810986508,,,,,,,,,,
ecological,nutrient pollution,national aggregate,World,P_footprint,2004,6342183333.0,11754.14061196926,,,,,,,,,,
ecological,nutrient pollution,national aggregate,World,P_footprint,2005,6422533547.0,12128.425776384209,,,,,,,,,,
ecological,nutrient pollution,national aggregate,World,P_footprint,2006,6503250735.0,12605.283209224684,,,,,,,,,,
ecological,nutrient pollution,national aggregate,World,P_footprint,2007,6585123176.0,13100.663689299492,,,,,,,,,,
ecological,nutrient pollution,national aggregate,World,P_footprint,2008,6676911713.0,13262.657049384105,,,,,,,,,,
ecological,nutrient pollution,national aggregate,World,P_footprint,2009,6761394784.0,13024.213735132083,,,,,,,,,,
ecological,nutrient pollution,national aggregate,World,P_footprint,2010,6846578658.0,13505.328973548678,,,,,,,,,,
ecological,nutrient pollution,national aggregate,World,P_footprint,2011,6932482993.0,13884.056143385247,,,,,,,,,,
ecological,nutrient pollution,national aggregate,World,P_footprint,2012,7019410348.0,14136.919085775233,,,,,,,,,,
ecological,nutrient pollution,national aggregate,World,P_footprint,2013,7106227170.0,14397.823223021156,,,,,,,,,,
ecological,nutrient pollution,national aggregate,World,P_footprint,2014,7192767875.0,14725.823876377588,,,,,,,,,,
ecological,nutrient pollution,national aggregate,World,P_footprint,2015,7278466615.0,15023.8557729071,,,,,,,,,,
ecological,nutrient pollution,national aggregate,World,P_footprint,2016,7363461574.0,15309.149487821616,,,,,,,,,,
ecological,nutrient pollution,national aggregate,World,P_footprint,2017,7448056322.0,15730.45692085964,2.544863687785732,,,,,,,,,
ecological,nutrient pollution,national aggregate,World,P_footprint,2018,7530230552.0,16104.24657715806,,,,,,,,,,
ecological,nutrient pollution,national aggregate,World,P_footprint,2019,7609776788.0,16396.30415131602,,,,,,,,,,
ecological,nutrient pollution,national aggregate,World,P_footprint,2020,7685261481.0,15722.6243392955,,,,,,,,,,
ecological,nutrient pollution,national aggregate,World,P_footprint,2021,7753399602.0,16531.046091322263,,,,,,,,,,
ecological,nutrient pollution,national aggregate,World,P_footprint,2022,7818196139.0,16933.95738092833,,,,,,,,,,
ecological,nutrient pollution,national aggregate,Bottom-40,P_footprint,2000,2376251180.0,2579.4843396945944,,,,,,,,,,
ecological,nutrient pollution,national aggregate,Bottom-40,P_footprint,2001,2426787989.0,2652.5588679937755,,,,,,,,,,
ecological,nutrient pollution,national aggregate,Bottom-40,P_footprint,2002,2478235048.0,2722.550528921249,,,,,,,,,,
ecological,nutrient pollution,national aggregate,Bottom-40,P_footprint,2003,2529741078.0,2836.395690472428,,,,,,,,,,
ecological,nutrient pollution,national aggregate,Bottom-40,P_footprint,2004,2580984201.0,2981.3451289937984,,,,,,,,,,
ecological,nutrient pollution,national aggregate,Bottom-40,P_footprint,2005,2632156395.0,3126.9936710480224,,,,,,,,,,
ecological,nutrient pollution,national aggregate,Bottom-40,P_footprint,2006,2683431644.0,3297.5807525828877,,,,,,,,,,
ecological,nutrient pollution,national aggregate,Bottom-40,P_footprint,2007,2734871536.0,3466.408421660846,,,,,,,,,,
ecological,nutrient pollution,national aggregate,Bottom-40,P_footprint,2008,2795001471.0,3534.35709920528,,,,,,,,,,
ecological,nutrient pollution,national aggregate,Bottom-40,P_footprint,2009,2847446203.0,3675.288745010788,,,,,,,,,,
ecological,nutrient pollution,national aggregate,Bottom-40,P_footprint,2010,2901274477.0,3844.870051171807,,,,,,,,,,
ecological,nutrient pollution,national aggregate,Bottom-40,P_footprint,2011,2955832944.0,4009.6372800035233,,,,,,,,,,
ecological,nutrient pollution,national aggregate,Bottom-40,P_footprint,2012,3010003314.0,4102.676086858366,,,,,,,,,,
ecological,nutrient pollution,national aggregate,Bottom-40,P_footprint,2013,3063131123.0,4245.545393317514,,,,,,,,,,
ecological,nutrient pollution,national aggregate,Bottom-40,P_footprint,2014,3115821462.0,4445.625619050939,,,,,,,,,,
ecological,nutrient pollution,national aggregate,Bottom-40,P_footprint,2015,3168801188.0,4639.820472799655,,,,,,,,,,
ecological,nutrient pollution,national aggregate,Bottom-40,P_footprint,2016,3223415240.0,4820.5434787645945,,,,,,,,,,
ecological,nutrient pollution,national aggregate,Bottom-40,P_footprint,2017,3279187003.0,5022.645571175445,1.5362494606396042,,,,,,,,,
ecological,nutrient pollution,national aggregate,Bottom-40,P_footprint,2018,3335141885.0,5220.246520639839,,,,,,,,,,
ecological,nutrient pollution,national aggregate,Bottom-40,P_footprint,2019,3391515669.0,5351.198468263703,,,,,,,,,,
ecological,nutrient pollution,national aggregate,Bottom-40,P_footprint,2020,3448355313.0,5065.89772405755,,,,,,,,,,
ecological,nutrient pollution,national aggregate,Bottom-40,P_footprint,2021,3503396785.0,5277.14433390681,,,,,,,,,,
ecological,nutrient pollution,national aggregate,Bottom-40,P_footprint,2022,3557061423.0,5519.322704930674,,,,,,,,,,
ecological,nutrient pollution,national aggregate,Middle-40,P_footprint,2000,2763213047.0,7654.13769028717,,,,,,,,,,
ecological,nutrient pollution,national aggregate,Middle-40,P_footprint,2001,2787097352.0,7864.397438154485,,,,,,,,,,
ecological,nutrient pollution,national aggregate,Middle-40,P_footprint,2002,2809777661.0,8129.234599744939,,,,,,,,,,
ecological,nutrient pollution,national aggregate,Middle-40,P_footprint,2003,2831990088.0,8482.923214338003,,,,,,,,,,
ecological,nutrient pollution,national aggregate,Middle-40,P_footprint,2004,2854580918.0,9026.771620453132,,,,,,,,,,
ecological,nutrient pollution,national aggregate,Middle-40,P_footprint,2005,2877350070.0,9530.885164442148,,,,,,,,,,
ecological,nutrient pollution,national aggregate,Middle-40,P_footprint,2006,2900011889.0,10226.591130506778,,,,,,,,,,
ecological,nutrient pollution,national aggregate,Middle-40,P_footprint,2007,2922803830.0,11027.49896082735,,,,,,,,,,
ecological,nutrient pollution,national aggregate,Middle-40,P_footprint,2008,2946612580.0,11563.736297340984,,,,,,,,,,
ecological,nutrient pollution,national aggregate,Middle-40,P_footprint,2009,2971502710.0,11577.176573561052,,,,,,,,,,
ecological,nutrient pollution,national aggregate,Middle-40,P_footprint,2010,2996720802.0,12250.283021241938,,,,,,,,,,
ecological,nutrient pollution,national aggregate,Middle-40,P_footprint,2011,3022345410.0,12853.909105558352,,,,,,,,,,
ecological,nutrient pollution,national aggregate,Middle-40,P_footprint,2012,3049383432.0,13375.86948255519,,,,,,,,,,
ecological,nutrient pollution,national aggregate,Middle-40,P_footprint,2013,3077662819.0,13828.707635689078,,,,,,,,,,
ecological,nutrient pollution,national aggregate,Middle-40,P_footprint,2014,3106304024.0,14298.405942931491,,,,,,,,,,
ecological,nutrient pollution,national aggregate,Middle-40,P_footprint,2015,3133943059.0,14664.32213227094,,,,,,,,,,
ecological,nutrient pollution,national aggregate,Middle-40,P_footprint,2016,3159258795.0,15076.874706966642,,,,,,,,,,
ecological,nutrient pollution,national aggregate,Middle-40,P_footprint,2017,3183138611.0,15659.215592343417,3.081176999540948,,,,,,,,,
ecological,nutrient pollution,national aggregate,Middle-40,P_footprint,2018,3204775631.0,16182.731813295552,,,,,,,,,,
ecological,nutrient pollution,national aggregate,Middle-40,P_footprint,2019,3223588538.0,16658.463829057677,,,,,,,,,,
ecological,nutrient pollution,national aggregate,Middle-40,P_footprint,2020,3239195616.0,16354.337717044236,,,,,,,,,,
ecological,nutrient pollution,national aggregate,Middle-40,P_footprint,2021,3250518847.0,17372.882830322826,,,,,,,,,,
ecological,nutrient pollution,national aggregate,Middle-40,P_footprint,2022,3259729582.0,17870.61550369402,,,,,,,,,,
ecological,nutrient pollution,national aggregate,Top-20,P_footprint,2000,882928357.0,42845.74812313115,,,,,,,,,,
ecological,nutrient pollution,national aggregate,Top-20,P_footprint,2001,888563821.0,43228.12926867091,,,,,,,,,,
ecological,nutrient pollution,national aggregate,Top-20,P_footprint,2002,894345080.0,43512.80232598735,,,,,,,,,,
ecological,nutrient pollution,national aggregate,Top-20,P_footprint,2003,900364136.0,44148.9439955994,,,,,,,,,,
ecological,nutrient pollution,national aggregate,Top-20,P_footprint,2004,906618214.0,45316.16435010109,,,,,,,,,,
ecological,nutrient pollution,national aggregate,Top-20,P_footprint,2005,913027082.0,46264.555313249664,,,,,,,,,,
ecological,nutrient pollution,national aggregate,Top-20,P_footprint,2006,919807202.0,47259.08733723497,,,,,,,,,,
ecological,nutrient pollution,national aggregate,Top-20,P_footprint,2007,927447810.0,48043.76664473402,,,,,,,,,,
ecological,nutrient pollution,national aggregate,Top-20,P_footprint,2008,935297662.0,47686.64337970848,,,,,,,,,,
ecological,nutrient pollution,national aggregate,Top-20,P_footprint,2009,942445871.0,45832.92643024211,,,,,,,,,,
ecological,nutrient pollution,national aggregate,Top-20,P_footprint,2010,948583379.0,47017.053850969765,,,,,,,,,,
ecological,nutrient pollution,national aggregate,Top-20,P_footprint,2011,954304639.0,47731.31144383859,,,,,,,,,,
ecological,nutrient pollution,national aggregate,Top-20,P_footprint,2012,960023602.0,48015.08277201596,,,,,,,,,,
ecological,nutrient pollution,national aggregate,Top-20,P_footprint,2013,965433228.0,48423.27741254011,,,,,,,,,,
ecological,nutrient pollution,national aggregate,Top-20,P_footprint,2014,970642389.0,49093.73608424506,,,,,,,,,,
ecological,nutrient pollution,national aggregate,Top-20,P_footprint,2015,975722368.0,49902.32373559204,,,,,,,,,,
ecological,nutrient pollution,national aggregate,Top-20,P_footprint,2016,980787539.0,50528.75335375405,,,,,,,,,,
ecological,nutrient pollution,national aggregate,Top-20,P_footprint,2017,985730708.0,51581.71583482991,4.16830408734886,,,,,,,,,
ecological,nutrient pollution,national aggregate,Top-20,P_footprint,2018,990313036.0,52505.0164168369,,,,,,,,,,
ecological,nutrient pollution,national aggregate,Top-20,P_footprint,2019,994672581.0,53206.96401762948,,,,,,,,,,
ecological,nutrient pollution,national aggregate,Top-20,P_footprint,2020,997710552.0,50504.19156789593,,,,,,,,,,
ecological,nutrient pollution,national aggregate,Top-20,P_footprint,2021,999483970.0,53240.46630285082,,,,,,,,,,
ecological,nutrient pollution,national aggregate,Top-20,P_footprint,2022,1001405134.0,54430.57408254537,,,,,,,,,,
ecological,air pollution,global doughnut,World,interhemAOD,2000,,,0.08,,,,,,,,,
ecological,air pollution,global doughnut,World,interhemAOD,2001,,,0.08,,,,,,,,,
ecological,air pollution,global doughnut,World,interhemAOD,2002,,,0.08,,,,,,,,,
ecological,air pollution,global doughnut,World,interhemAOD,2003,,,0.08,,,,,,,,,
ecological,air pollution,global doughnut,World,interhemAOD,2004,,,0.08,,,,,,,,,
ecological,air pollution,global doughnut,World,interhemAOD,2005,,,0.08,,,,,,,,,
ecological,air pollution,global doughnut,World,interhemAOD,2006,,,0.08,,,,,,,,,
ecological,air pollution,global doughnut,World,interhemAOD,2007,,,0.08,,,,,,,,,
ecological,air pollution,global doughnut,World,interhemAOD,2008,,,0.08,,,,,,,,,
ecological,air pollution,global doughnut,World,interhemAOD,2009,,,0.08,,,,,,,,,
ecological,air pollution,global doughnut,World,interhemAOD,2010,,,0.08,,,,,,,,,
ecological,air pollution,global doughnut,World,interhemAOD,2011,,,0.08,,,,,,,,,
ecological,air pollution,global doughnut,World,interhemAOD,2012,,,0.08,,,,,,,,,
ecological,air pollution,global doughnut,World,interhemAOD,2013,,,0.08,,,,,,,,,
ecological,air pollution,global doughnut,World,interhemAOD,2014,,,0.08,,,,,,,,,
ecological,air pollution,global doughnut,World,interhemAOD,2015,,,0.08,,,,,,,,,
ecological,air pollution,global doughnut,World,interhemAOD,2016,,,0.08,,,,,,,,,
ecological,air pollution,global doughnut,World,interhemAOD,2017,,,0.08,,,,,,,,,
ecological,air pollution,global doughnut,World,interhemAOD,2018,,,0.08,,,,,,,,,
ecological,air pollution,global doughnut,World,interhemAOD,2019,,,0.08,,,,,,,,,
ecological,air pollution,global doughnut,World,interhemAOD,2020,,,0.08,,,,,,,,,
ecological,air pollution,global doughnut,World,interhemAOD,2021,,,0.08,,,,,,,,,
ecological,air pollution,global doughnut,World,interhemAOD,2022,,,0.08,,,,,,,,,
ecological,air pollution,national aggregate,World,airPollution_footprint,2000,6087113661.0,11033.593778486846,,,,,,,,,,
ecological,air pollution,national aggregate,World,airPollution_footprint,2001,6168321963.0,11157.924027657036,,,,,,,,,,
ecological,air pollution,national aggregate,World,airPollution_footprint,2002,6249366588.0,11289.939082169089,,,,,,,,,,
ecological,air pollution,national aggregate,World,airPollution_footprint,2003,6330239342.0,11559.495576669651,,,,,,,,,,
ecological,air pollution,national aggregate,World,airPollution_footprint,2004,6411455695.0,12000.204077563389,,,,,,,,,,
ecological,air pollution,national aggregate,World,airPollution_footprint,2005,6493271134.0,12388.84340932646,,,,,,,,,,
ecological,air pollution,national aggregate,World,airPollution_footprint,2006,6575894375.0,12881.718983200612,,,,,,,,,,
ecological,air pollution,national aggregate,World,airPollution_footprint,2007,6659804230.0,13384.936003439365,,,,,,,,,,
ecological,air pollution,national aggregate,World,airPollution_footprint,2008,6753659772.0,13554.87644970591,,,,,,,,,,
ecological,air pollution,national aggregate,World,airPollution_footprint,2009,6840172498.0,13303.153428987966,,,,,,,,,,
ecological,air pollution,national aggregate,World,airPollution_footprint,2010,6927291704.0,13796.6417931423,,,,,,,,,,
ecological,air pollution,national aggregate,World,airPollution_footprint,2011,7014617158.0,14181.534053313428,,,,,,,,,,
ecological,air pollution,national aggregate,World,airPollution_footprint,2012,7102957187.0,14457.278813069255,,,,,,,,,,
ecological,air pollution,national aggregate,World,airPollution_footprint,2013,7191631788.0,14719.598108524537,,,,,,,,,,
ecological,air pollution,national aggregate,World,airPollution_footprint,2014,7279857340.0,15050.324979535386,,,,,,,,,,
ecological,air pollution,national aggregate,World,airPollution_footprint,2015,7367243918.0,15354.313495222154,,,,,,,,,,
ecological,air pollution,national aggregate,World,airPollution_footprint,2016,7453927854.0,15641.917922024915,,,,,,,,,,
ecological,air pollution,national aggregate,World,airPollution_footprint,2017,7540109842.0,16060.191327793138,,,,,,,,,,
ecological,air pollution,national aggregate,World,airPollution_footprint,2018,7623892512.0,16431.285562868605,,,,,,,,,,
ecological,air pollution,national aggregate,World,airPollution_footprint,2019,7704868157.0,16713.676317093705,,,,,,,,,,
ecological,air pollution,national aggregate,World,airPollution_footprint,2020,7780698402.0,16015.845882759748,,,,,,,,,,
ecological,air pollution,national aggregate,World,airPollution_footprint,2021,7848869118.0,16837.8414884704,,,,,,,,,,
ecological,air pollution,national aggregate,World,airPollution_footprint,2022,7914502913.0,17254.434027524196,,,,,,,,,,
ecological,air pollution,national aggregate,Bottom-40,airPollution_footprint,2000,2390496925.0,2590.9974391428664,,,,,,,,,,
ecological,air pollution,national aggregate,Bottom-40,airPollution_footprint,2001,2441157194.0,2663.2031090486253,,,,,,,,,,
ecological,air pollution,national aggregate,Bottom-40,airPollution_footprint,2002,2492714585.0,2731.9750022323224,,,,,,,,,,
ecological,air pollution,national aggregate,Bottom-40,airPollution_footprint,2003,2544324485.0,2846.256099720923,,,,,,,,,,
ecological,air pollution,national aggregate,Bottom-40,airPollution_footprint,2004,2595669620.0,2992.2508778064066,,,,,,,,,,
ecological,air pollution,national aggregate,Bottom-40,airPollution_footprint,2005,2646943702.0,3139.9579892205297,,,,,,,,,,
ecological,air pollution,national aggregate,Bottom-40,airPollution_footprint,2006,2698319942.0,3312.081416215672,,,,,,,,,,
ecological,air pollution,national aggregate,Bottom-40,airPollution_footprint,2007,2749859301.0,3481.6419270781485,,,,,,,,,,
ecological,air pollution,national aggregate,Bottom-40,airPollution_footprint,2008,2810086898.0,3550.327833144699,,,,,,,,,,
ecological,air pollution,national aggregate,Bottom-40,airPollution_footprint,2009,2862628786.0,3690.6612219346794,,,,,,,,,,
ecological,air pollution,national aggregate,Bottom-40,airPollution_footprint,2010,2916557172.0,3860.087593058656,,,,,,,,,,
ecological,air pollution,national aggregate,Bottom-40,airPollution_footprint,2011,2971219398.0,4025.339575358574,,,,,,,,,,
ecological,air pollution,national aggregate,Bottom-40,airPollution_footprint,2012,3025496765.0,4118.907239318242,,,,,,,,,,
ecological,air pollution,national aggregate,Bottom-40,airPollution_footprint,2013,3078734496.0,4261.941562979554,,,,,,,,,,
ecological,air pollution,national aggregate,Bottom-40,airPollution_footprint,2014,3131533963.0,4461.00717186334,,,,,,,,,,
ecological,air pollution,national aggregate,Bottom-40,airPollution_footprint,2015,3184625696.0,4655.56473539207,,,,,,,,,,
ecological,air pollution,national aggregate,Bottom-40,airPollution_footprint,2016,3239351100.0,4835.955023097456,,,,,,,,,,
ecological,air pollution,national aggregate,Bottom-40,airPollution_footprint,2017,3295224355.0,5037.397493099811,,,,,,,,,,
ecological,air pollution,national aggregate,Bottom-40,airPollution_footprint,2018,3351275676.0,5234.702054758413,,,,,,,,,,
ecological,air pollution,national aggregate,Bottom-40,airPollution_footprint,2019,3407742141.0,5364.77105881448,,,,,,,,,,
ecological,air pollution,national aggregate,Bottom-40,airPollution_footprint,2020,3464675412.0,5076.04284296782,,,,,,,,,,
ecological,air pollution,national aggregate,Bottom-40,airPollution_footprint,2021,3519786549.0,5287.298647675415,,,,,,,,,,
ecological,air pollution,national aggregate,Bottom-40,airPollution_footprint,2022,3573523686.0,5529.041654165806,,,,,,,,,,
ecological,air pollution,national aggregate,Middle-40,airPollution_footprint,2000,2771079507.0,7692.85018485735,,,,,,,,,,
ecological,air pollution,national aggregate,Middle-40,airPollution_footprint,2001,2795128241.0,7902.984182376066,,,,,,,,,,
ecological,air pollution,national aggregate,Middle-40,airPollution_footprint,2002,2817982774.0,8168.321690814426,,,,,,,,,,
ecological,air pollution,national aggregate,Middle-40,airPollution_footprint,2003,2840378133.0,8528.850379276693,,,,,,,,,,
ecological,air pollution,national aggregate,Middle-40,airPollution_footprint,2004,2863160639.0,9073.696198278563,,,,,,,,,,
ecological,air pollution,national aggregate,Middle-40,airPollution_footprint,2005,2886128730.0,9583.909852877112,,,,,,,,,,
ecological,air pollution,national aggregate,Middle-40,airPollution_footprint,2006,2908976565.0,10285.251123919892,,,,,,,,,,
ecological,air pollution,national aggregate,Middle-40,airPollution_footprint,2007,2931945847.0,11087.96033204242,,,,,,,,,,
ecological,air pollution,national aggregate,Middle-40,airPollution_footprint,2008,2955942444.0,11621.247297116652,,,,,,,,,,
ecological,air pollution,national aggregate,Middle-40,airPollution_footprint,2009,2981024091.0,11630.725189742872,,,,,,,,,,
ecological,air pollution,national aggregate,Middle-40,airPollution_footprint,2010,3006436061.0,12302.342501699068,,,,,,,,,,
ecological,air pollution,national aggregate,Middle-40,airPollution_footprint,2011,3031818549.0,12869.064810164246,,,,,,,,,,
ecological,air pollution,national aggregate,Middle-40,airPollution_footprint,2012,3058599742.0,13418.780155524284,,,,,,,,,,
ecological,air pollution,national aggregate,Middle-40,airPollution_footprint,2013,3087056858.0,13858.936902267154,,,,,,,,,,
ecological,air pollution,national aggregate,Middle-40,airPollution_footprint,2014,3115874201.0,14317.047425141602,,,,,,,,,,
ecological,air pollution,national aggregate,Middle-40,airPollution_footprint,2015,3143671521.0,14682.35031361053,,,,,,,,,,
ecological,air pollution,national aggregate,Middle-40,airPollution_footprint,2016,3169140069.0,15090.746063579065,,,,,,,,,,
ecological,air pollution,national aggregate,Middle-40,airPollution_footprint,2017,3193178974.0,15681.633581815418,,,,,,,,,,
ecological,air pollution,national aggregate,Middle-40,airPollution_footprint,2018,3214995105.0,16205.265939374283,,,,,,,,,,
ecological,air pollution,national aggregate,Middle-40,airPollution_footprint,2019,3233967613.0,16672.718839130957,,,,,,,,,,
ecological,air pollution,national aggregate,Middle-40,airPollution_footprint,2020,3249703015.0,16353.946617090254,,,,,,,,,,
ecological,air pollution,national aggregate,Middle-40,airPollution_footprint,2021,3261155656.0,17377.02988724466,,,,,,,,,,
ecological,air pollution,national aggregate,Middle-40,airPollution_footprint,2022,3270491108.0,17872.515797620435,,,,,,,,,,
ecological,air pollution,national aggregate,Top-20,airPollution_footprint,2000,925537229.0,42841.57056886864,,,,,,,,,,
ecological,air pollution,national aggregate,Top-20,airPollution_footprint,2001,932036528.0,43168.38978676752,,,,,,,,,,
ecological,air pollution,national aggregate,Top-20,airPollution_footprint,2002,938669229.0,43387.74839026642,,,,,,,,,,
ecological,air pollution,national aggregate,Top-20,airPollution_footprint,2003,945536724.0,44109.777454907606,,,,,,,,,,
ecological,air pollution,national aggregate,Top-20,airPollution_footprint,2004,952625436.0,45340.414645573714,,,,,,,,,,
ecological,air pollution,national aggregate,Top-20,airPollution_footprint,2005,960198702.0,46315.86108642239,,,,,,,,,,
ecological,air pollution,national aggregate,Top-20,airPollution_footprint,2006,968597868.0,47338.75129945506,,,,,,,,,,
ecological,air pollution,national aggregate,Top-20,airPollution_footprint,2007,977999082.0,48116.33221024317,,,,,,,,,,
ecological,air pollution,national aggregate,Top-20,airPollution_footprint,2008,987630430.0,47807.91933225158,,,,,,,,,,
ecological,air pollution,national aggregate,Top-20,airPollution_footprint,2009,996519621.0,45919.21545509608,,,,,,,,,,
ecological,air pollution,national aggregate,Top-20,airPollution_footprint,2010,1004298471.0,47126.41840786978,,,,,,,,,,
ecological,air pollution,national aggregate,Top-20,airPollution_footprint,2011,1011579211.0,47946.01860155472,,,,,,,,,,
ecological,air pollution,national aggregate,Top-20,airPollution_footprint,2012,1018860680.0,48274.52404996078,,,,,,,,,,
ecological,air pollution,national aggregate,Top-20,airPollution_footprint,2013,1025840434.0,48694.91910204364,,,,,,,,,,
ecological,air pollution,national aggregate,Top-20,airPollution_footprint,2014,1032449176.0,49381.90255022027,,,,,,,,,,
ecological,air pollution,national aggregate,Top-20,airPollution_footprint,2015,1038946701.0,50181.83804288999,,,,,,,,,,
ecological,air pollution,national aggregate,Top-20,airPollution_footprint,2016,1045436685.0,50795.6954314738,,,,,,,,,,
ecological,air pollution,national aggregate,Top-20,airPollution_footprint,2017,1051706513.0,51746.36506086974,,,,,,,,,,
ecological,air pollution,national aggregate,Top-20,airPollution_footprint,2018,1057621731.0,52596.85291749837,,,,,,,,,,
ecological,air pollution,national aggregate,Top-20,airPollution_footprint,2019,1063158403.0,53214.91427993404,,,,,,,,,,
ecological,air pollution,national aggregate,Top-20,airPollution_footprint,2020,1066319975.0,50530.94500051039,,,,,,,,,,
ecological,air pollution,national aggregate,Top-20,airPollution_footprint,2021,1067926913.0,53260.809722408114,,,,,,,,,,
ecological,air pollution,national aggregate,Top-20,airPollution_footprint,2022,1070488119.0,54508.03426175838,,,,,,,,,,
ecological,freshwater disruption,global doughnut,World,blueDev,2000,,,0.178260506,,,,,,,,,
ecological,freshwater disruption,global doughnut,World,blueDev,2001,,,0.186394076,,,,,,,,,
ecological,freshwater disruption,global doughnut,World,blueDev,2002,,,0.190024222,,,,,,,,,
ecological,freshwater disruption,global doughnut,World,blueDev,2003,,,0.17694945,,,,,,,,,
ecological,freshwater disruption,global doughnut,World,blueDev,2004,,,0.169619058,,,,,,,,,
ecological,freshwater disruption,global doughnut,World,blueDev,2005,,,0.185958863,,,,,,,,,
ecological,freshwater disruption,global doughnut,World,blueDev,2006,,,,,,,,,,,,
ecological,freshwater disruption,global doughnut,World,blueDev,2007,,,,,,,,,,,,
ecological,freshwater disruption,global doughnut,World,blueDev,2008,,,,,,,,,,,,
ecological,freshwater disruption,global doughnut,World,blueDev,2009,,,,,,,,,,,,
ecological,freshwater disruption,global doughnut,World,blueDev,2010,,,,,,,,,,,,
ecological,freshwater disruption,global doughnut,World,blueDev,2011,,,,,,,,,,,,
ecological,freshwater disruption,global doughnut,World,blueDev,2012,,,,,,,,,,,,
ecological,freshwater disruption,global doughnut,World,blueDev,2013,,,,,,,,,,,,
ecological,freshwater disruption,global doughnut,World,blueDev,2014,,,,,,,,,,,,
ecological,freshwater disruption,global doughnut,World,blueDev,2015,,,,,,,,,,,,
ecological,freshwater disruption,global doughnut,World,blueDev,2016,,,,,,,,,,,,
ecological,freshwater disruption,global doughnut,World,blueDev,2017,,,,,,,,,,,,
ecological,freshwater disruption,global doughnut,World,blueDev,2018,,,,,,,,,,,,
ecological,freshwater disruption,global doughnut,World,blueDev,2019,,,,,,,,,,,,
ecological,freshwater disruption,global doughnut,World,blueDev,2020,,,,,,,,,,,,
ecological,freshwater disruption,global doughnut,World,blueDev,2021,,,,,,,,,,,,
ecological,freshwater disruption,global doughnut,World,blueDev,2022,,,,,,,,,,,,
ecological,freshwater disruption,global doughnut,World,soilDev,2000,,,15.4341226,,,,,,,,,
ecological,freshwater disruption,global doughnut,World,soilDev,2001,,,16.3706921,,,,,,,,,
ecological,freshwater disruption,global doughnut,World,soilDev,2002,,,15.8370206,,,,,,,,,
ecological,freshwater disruption,global doughnut,World,soilDev,2003,,,16.0208689,,,,,,,,,
ecological,freshwater disruption,global doughnut,World,soilDev,2004,,,16.0148805,,,,,,,,,
ecological,freshwater disruption,global doughnut,World,soilDev,2005,,,17.3549622,,,,,,,,,
ecological,freshwater disruption,global doughnut,World,soilDev,2006,,,16.830362,,,,,,,,,
ecological,freshwater disruption,global doughnut,World,soilDev,2007,,,17.01594111,,,,,,,,,
ecological,freshwater disruption,global doughnut,World,soilDev,2008,,,18.44078872,,,,,,,,,
ecological,freshwater disruption,global doughnut,World,soilDev,2009,,,18.95743115,,,,,,,,,
ecological,freshwater disruption,global doughnut,World,soilDev,2010,,,18.67666496,,,,,,,,,
ecological,freshwater disruption,global doughnut,World,soilDev,2011,,,18.21123787,,,,,,,,,
ecological,freshwater disruption,global doughnut,World,soilDev,2012,,,17.81222749,,,,,,,,,
ecological,freshwater disruption,global doughnut,World,soilDev,2013,,,19.73872021,,,,,,,,,
ecological,freshwater disruption,global doughnut,World,soilDev,2014,,,19.25329669,,,,,,,,,
ecological,freshwater disruption,global doughnut,World,soilDev,2015,,,,,,,,,,,,
ecological,freshwater disruption,global doughnut,World,soilDev,2016,,,,,,,,,,,,
ecological,freshwater disruption,global doughnut,World,soilDev,2017,,,,,,,,,,,,
ecological,freshwater disruption,global doughnut,World,soilDev,2018,,,,,,,,,,,,
ecological,freshwater disruption,global doughnut,World,soilDev,2019,,,,,,,,,,,,
ecological,freshwater disruption,global doughnut,World,soilDev,2020,,,,,,,,,,,,
ecological,freshwater disruption,global doughnut,World,soilDev,2021,,,,,,,,,,,,
ecological,freshwater disruption,global doughnut,World,soilDev,2022,,,,,,,,,,,,
ecological,freshwater disruption,national aggregate,World,blueH2O_footprint,2000,6022392584.0,10811.19188461706,,,,,,,,,,
ecological,freshwater disruption,national aggregate,World,blueH2O_footprint,2001,6102449162.0,10941.01552034705,,,,,,,,,,
ecological,freshwater disruption,national aggregate,World,blueH2O_footprint,2002,6182357789.0,11080.54967625144,,,,,,,,,,
ecological,freshwater disruption,national aggregate,World,blueH2O_footprint,2003,6262095302.0,11329.91810986508,,,,,,,,,,
ecological,freshwater disruption,national aggregate,World,blueH2O_footprint,2004,6342183333.0,11754.14061196926,,,,,,,,,,
ecological,freshwater disruption,national aggregate,World,blueH2O_footprint,2005,6422533547.0,12128.425776384209,,,,,,,,,,
ecological,freshwater disruption,national aggregate,World,blueH2O_footprint,2006,6503250735.0,12605.283209224684,,,,,,,,,,
ecological,freshwater disruption,national aggregate,World,blueH2O_footprint,2007,6585123176.0,13100.663689299492,,,,,,,,,,
ecological,freshwater disruption,national aggregate,World,blueH2O_footprint,2008,6676911713.0,13262.657049384105,,,,,,,,,,
ecological,freshwater disruption,national aggregate,World,blueH2O_footprint,2009,6761394784.0,13024.213735132083,,,,,,,,,,
ecological,freshwater disruption,national aggregate,World,blueH2O_footprint,2010,6846578658.0,13505.328973548678,,,,,,,,,,
ecological,freshwater disruption,national aggregate,World,blueH2O_footprint,2011,6932482993.0,13884.056143385247,,,,,,,,,,
ecological,freshwater disruption,national aggregate,World,blueH2O_footprint,2012,7019410348.0,14136.919085775233,,,,,,,,,,
ecological,freshwater disruption,national aggregate,World,blueH2O_footprint,2013,7106227170.0,14397.823223021156,,,,,,,,,,
ecological,freshwater disruption,national aggregate,World,blueH2O_footprint,2014,7192767875.0,14725.823876377588,,,,,,,,,,
ecological,freshwater disruption,national aggregate,World,blueH2O_footprint,2015,7278466615.0,15023.8557729071,,,,,,,,,,
ecological,freshwater disruption,national aggregate,World,blueH2O_footprint,2016,7363461574.0,15309.149487821616,,,,,,,,,,
ecological,freshwater disruption,national aggregate,World,blueH2O_footprint,2017,7448056322.0,15730.45692085964,196.2136324788955,,,,,,,,,
ecological,freshwater disruption,national aggregate,World,blueH2O_footprint,2018,7530230552.0,16104.24657715806,,,,,,,,,,
ecological,freshwater disruption,national aggregate,World,blueH2O_footprint,2019,7609776788.0,16396.30415131602,,,,,,,,,,
ecological,freshwater disruption,national aggregate,World,blueH2O_footprint,2020,7685261481.0,15722.6243392955,,,,,,,,,,
ecological,freshwater disruption,national aggregate,World,blueH2O_footprint,2021,7753399602.0,16531.046091322263,,,,,,,,,,
ecological,freshwater disruption,national aggregate,World,blueH2O_footprint,2022,7818196139.0,16933.95738092833,,,,,,,,,,
ecological,freshwater disruption,national aggregate,Bottom-40,blueH2O_footprint,2000,2376251180.0,2579.4843396945944,,,,,,,,,,
ecological,freshwater disruption,national aggregate,Bottom-40,blueH2O_footprint,2001,2426787989.0,2652.5588679937755,,,,,,,,,,
ecological,freshwater disruption,national aggregate,Bottom-40,blueH2O_footprint,2002,2478235048.0,2722.550528921249,,,,,,,,,,
ecological,freshwater disruption,national aggregate,Bottom-40,blueH2O_footprint,2003,2529741078.0,2836.395690472428,,,,,,,,,,
ecological,freshwater disruption,national aggregate,Bottom-40,blueH2O_footprint,2004,2580984201.0,2981.3451289937984,,,,,,,,,,
ecological,freshwater disruption,national aggregate,Bottom-40,blueH2O_footprint,2005,2632156395.0,3126.9936710480224,,,,,,,,,,
ecological,freshwater disruption,national aggregate,Bottom-40,blueH2O_footprint,2006,2683431644.0,3297.5807525828877,,,,,,,,,,
ecological,freshwater disruption,national aggregate,Bottom-40,blueH2O_footprint,2007,2734871536.0,3466.408421660846,,,,,,,,,,
ecological,freshwater disruption,national aggregate,Bottom-40,blueH2O_footprint,2008,2795001471.0,3534.35709920528,,,,,,,,,,
ecological,freshwater disruption,national aggregate,Bottom-40,blueH2O_footprint,2009,2847446203.0,3675.288745010788,,,,,,,,,,
ecological,freshwater disruption,national aggregate,Bottom-40,blueH2O_footprint,2010,2901274477.0,3844.870051171807,,,,,,,,,,
ecological,freshwater disruption,national aggregate,Bottom-40,blueH2O_footprint,2011,2955832944.0,4009.6372800035233,,,,,,,,,,
ecological,freshwater disruption,national aggregate,Bottom-40,blueH2O_footprint,2012,3010003314.0,4102.676086858366,,,,,,,,,,
ecological,freshwater disruption,national aggregate,Bottom-40,blueH2O_footprint,2013,3063131123.0,4245.545393317514,,,,,,,,,,
ecological,freshwater disruption,national aggregate,Bottom-40,blueH2O_footprint,2014,3115821462.0,4445.625619050939,,,,,,,,,,
ecological,freshwater disruption,national aggregate,Bottom-40,blueH2O_footprint,2015,3168801188.0,4639.820472799655,,,,,,,,,,
ecological,freshwater disruption,national aggregate,Bottom-40,blueH2O_footprint,2016,3223415240.0,4820.5434787645945,,,,,,,,,,
ecological,freshwater disruption,national aggregate,Bottom-40,blueH2O_footprint,2017,3279187003.0,5022.645571175445,207.11904184293635,,,,,,,,,
ecological,freshwater disruption,national aggregate,Bottom-40,blueH2O_footprint,2018,3335141885.0,5220.246520639839,,,,,,,,,,
ecological,freshwater disruption,national aggregate,Bottom-40,blueH2O_footprint,2019,3391515669.0,5351.198468263703,,,,,,,,,,
ecological,freshwater disruption,national aggregate,Bottom-40,blueH2O_footprint,2020,3448355313.0,5065.89772405755,,,,,,,,,,
ecological,freshwater disruption,national aggregate,Bottom-40,blueH2O_footprint,2021,3503396785.0,5277.14433390681,,,,,,,,,,
ecological,freshwater disruption,national aggregate,Bottom-40,blueH2O_footprint,2022,3557061423.0,5519.322704930674,,,,,,,,,,
ecological,freshwater disruption,national aggregate,Middle-40,blueH2O_footprint,2000,2763213047.0,7654.13769028717,,,,,,,,,,
ecological,freshwater disruption,national aggregate,Middle-40,blueH2O_footprint,2001,2787097352.0,7864.397438154485,,,,,,,,,,
ecological,freshwater disruption,national aggregate,Middle-40,blueH2O_footprint,2002,2809777661.0,8129.234599744939,,,,,,,,,,
ecological,freshwater disruption,national aggregate,Middle-40,blueH2O_footprint,2003,2831990088.0,8482.923214338003,,,,,,,,,,
ecological,freshwater disruption,national aggregate,Middle-40,blueH2O_footprint,2004,2854580918.0,9026.771620453132,,,,,,,,,,
ecological,freshwater disruption,national aggregate,Middle-40,blueH2O_footprint,2005,2877350070.0,9530.885164442148,,,,,,,,,,
ecological,freshwater disruption,national aggregate,Middle-40,blueH2O_footprint,2006,2900011889.0,10226.591130506778,,,,,,,,,,
ecological,freshwater disruption,national aggregate,Middle-40,blueH2O_footprint,2007,2922803830.0,11027.49896082735,,,,,,,,,,
ecological,freshwater disruption,national aggregate,Middle-40,blueH2O_footprint,2008,2946612580.0,11563.736297340984,,,,,,,,,,
ecological,freshwater disruption,national aggregate,Middle-40,blueH2O_footprint,2009,2971502710.0,11577.176573561052,,,,,,,,,,
ecological,freshwater disruption,national aggregate,Middle-40,blueH2O_footprint,2010,2996720802.0,12250.283021241938,,,,,,,,,,
ecological,freshwater disruption,national aggregate,Middle-40,blueH2O_footprint,2011,3022345410.0,12853.909105558352,,,,,,,,,,
ecological,freshwater disruption,national aggregate,Middle-40,blueH2O_footprint,2012,3049383432.0,13375.86948255519,,,,,,,,,,
ecological,freshwater disruption,national aggregate,Middle-40,blueH2O_footprint,2013,3077662819.0,13828.707635689078,,,,,,,,,,
ecological,freshwater disruption,national aggregate,Middle-40,blueH2O_footprint,2014,3106304024.0,14298.405942931491,,,,,,,,,,
ecological,freshwater disruption,national aggregate,Middle-40,blueH2O_footprint,2015,3133943059.0,14664.32213227094,,,,,,,,,,
ecological,freshwater disruption,national aggregate,Middle-40,blueH2O_footprint,2016,3159258795.0,15076.874706966642,,,,,,,,,,
ecological,freshwater disruption,national aggregate,Middle-40,blueH2O_footprint,2017,3183138611.0,15659.215592343417,163.0255630802871,,,,,,,,,
ecological,freshwater disruption,national aggregate,Middle-40,blueH2O_footprint,2018,3204775631.0,16182.731813295552,,,,,,,,,,
ecological,freshwater disruption,national aggregate,Middle-40,blueH2O_footprint,2019,3223588538.0,16658.463829057677,,,,,,,,,,
ecological,freshwater disruption,national aggregate,Middle-40,blueH2O_footprint,2020,3239195616.0,16354.337717044236,,,,,,,,,,
ecological,freshwater disruption,national aggregate,Middle-40,blueH2O_footprint,2021,3250518847.0,17372.882830322826,,,,,,,,,,
ecological,freshwater disruption,national aggregate,Middle-40,blueH2O_footprint,2022,3259729582.0,17870.61550369402,,,,,,,,,,
ecological,freshwater disruption,national aggregate,Top-20,blueH2O_footprint,2000,882928357.0,42845.74812313115,,,,,,,,,,
ecological,freshwater disruption,national aggregate,Top-20,blueH2O_footprint,2001,888563821.0,43228.12926867091,,,,,,,,,,
ecological,freshwater disruption,national aggregate,Top-20,blueH2O_footprint,2002,894345080.0,43512.80232598735,,,,,,,,,,
ecological,freshwater disruption,national aggregate,Top-20,blueH2O_footprint,2003,900364136.0,44148.9439955994,,,,,,,,,,
ecological,freshwater disruption,national aggregate,Top-20,blueH2O_footprint,2004,906618214.0,45316.16435010109,,,,,,,,,,
ecological,freshwater disruption,national aggregate,Top-20,blueH2O_footprint,2005,913027082.0,46264.555313249664,,,,,,,,,,
ecological,freshwater disruption,national aggregate,Top-20,blueH2O_footprint,2006,919807202.0,47259.08733723497,,,,,,,,,,
ecological,freshwater disruption,national aggregate,Top-20,blueH2O_footprint,2007,927447810.0,48043.76664473402,,,,,,,,,,
ecological,freshwater disruption,national aggregate,Top-20,blueH2O_footprint,2008,935297662.0,47686.64337970848,,,,,,,,,,
ecological,freshwater disruption,national aggregate,Top-20,blueH2O_footprint,2009,942445871.0,45832.92643024211,,,,,,,,,,
ecological,freshwater disruption,national aggregate,Top-20,blueH2O_footprint,2010,948583379.0,47017.053850969765,,,,,,,,,,
ecological,freshwater disruption,national aggregate,Top-20,blueH2O_footprint,2011,954304639.0,47731.31144383859,,,,,,,,,,
ecological,freshwater disruption,national aggregate,Top-20,blueH2O_footprint,2012,960023602.0,48015.08277201596,,,,,,,,,,
ecological,freshwater disruption,national aggregate,Top-20,blueH2O_footprint,2013,965433228.0,48423.27741254011,,,,,,,,,,
ecological,freshwater disruption,national aggregate,Top-20,blueH2O_footprint,2014,970642389.0,49093.73608424506,,,,,,,,,,
ecological,freshwater disruption,national aggregate,Top-20,blueH2O_footprint,2015,975722368.0,49902.32373559204,,,,,,,,,,
ecological,freshwater disruption,national aggregate,Top-20,blueH2O_footprint,2016,980787539.0,50528.75335375405,,,,,,,,,,
ecological,freshwater disruption,national aggregate,Top-20,blueH2O_footprint,2017,985730708.0,51581.71583482991,267.10657302661014,,,,,,,,,
ecological,freshwater disruption,national aggregate,Top-20,blueH2O_footprint,2018,990313036.0,52505.0164168369,,,,,,,,,,
ecological,freshwater disruption,national aggregate,Top-20,blueH2O_footprint,2019,994672581.0,53206.96401762948,,,,,,,,,,
ecological,freshwater disruption,national aggregate,Top-20,blueH2O_footprint,2020,997710552.0,50504.19156789593,,,,,,,,,,
ecological,freshwater disruption,national aggregate,Top-20,blueH2O_footprint,2021,999483970.0,53240.46630285082,,,,,,,,,,
ecological,freshwater disruption,national aggregate,Top-20,blueH2O_footprint,2022,1001405134.0,54430.57408254537,,,,,,,,,,
ecological,land conversion,global doughnut,World,forestAreaMKM2,2000,,,39.20756255,,,,,,,,,
ecological,land conversion,global doughnut,World,forestAreaMKM2,2001,,,39.15878214,,,,,,,,,
ecological,land conversion,global doughnut,World,forestAreaMKM2,2002,,,39.11000165,,,,,,,,,
ecological,land conversion,global doughnut,World,forestAreaMKM2,2003,,,39.06122115,,,,,,,,,
ecological,land conversion,global doughnut,World,forestAreaMKM2,2004,,,39.01244066,,,,,,,,,
ecological,land conversion,global doughnut,World,forestAreaMKM2,2005,,,38.96366025,,,,,,,,,
ecological,land conversion,global doughnut,World,forestAreaMKM2,2006,,,38.91487976,,,,,,,,,
ecological,land conversion,global doughnut,World,forestAreaMKM2,2007,,,38.86609926,,,,,,,,,
ecological,land conversion,global doughnut,World,forestAreaMKM2,2008,,,38.81731886,,,,,,,,,
ecological,land conversion,global doughnut,World,forestAreaMKM2,2009,,,38.76853836,,,,,,,,,
ecological,land conversion,global doughnut,World,forestAreaMKM2,2010,,,38.71975787,,,,,,,,,
ecological,land conversion,global doughnut,World,forestAreaMKM2,2011,,,38.67745512,,,,,,,,,
ecological,land conversion,global doughnut,World,forestAreaMKM2,2012,,,38.63511853,,,,,,,,,
ecological,land conversion,global doughnut,World,forestAreaMKM2,2013,,,38.59278184,,,,,,,,,
ecological,land conversion,global doughnut,World,forestAreaMKM2,2014,,,38.55044524,,,,,,,,,
ecological,land conversion,global doughnut,World,forestAreaMKM2,2015,,,38.50810865,,,,,,,,,
ecological,land conversion,global doughnut,World,forestAreaMKM2,2016,,,38.46108144,,,,,,,,,
ecological,land conversion,global doughnut,World,forestAreaMKM2,2017,,,38.41405432,,,,,,,,,
ecological,land conversion,global doughnut,World,forestAreaMKM2,2018,,,38.36702721,,,,,,,,,
ecological,land conversion,global doughnut,World,forestAreaMKM2,2019,,,38.32,,,,,,,,,
ecological,land conversion,global doughnut,World,forestAreaMKM2,2020,,,38.27297289,,,,,,,,,
ecological,land conversion,global doughnut,World,forestAreaMKM2,2021,,,,,,,,,,,,
ecological,land conversion,global doughnut,World,forestAreaMKM2,2022,,,,,,,,,,,,
ecological,land conversion,national aggregate,World,land_footprint,2000,6087113661.0,11033.593778486846,,,,,,,,,,
ecological,land conversion,national aggregate,World,land_footprint,2001,6168321963.0,11157.924027657036,,,,,,,,,,
ecological,land conversion,national aggregate,World,land_footprint,2002,6249366588.0,11289.939082169089,,,,,,,,,,
ecological,land conversion,national aggregate,World,land_footprint,2003,6330239342.0,11559.495576669651,,,,,,,,,,
ecological,land conversion,national aggregate,World,land_footprint,2004,6411455695.0,12000.204077563389,,,,,,,,,,
ecological,land conversion,national aggregate,World,land_footprint,2005,6493271134.0,12388.84340932646,,,,,,,,,,
ecological,land conversion,national aggregate,World,land_footprint,2006,6575894375.0,12881.718983200612,,,,,,,,,,
ecological,land conversion,national aggregate,World,land_footprint,2007,6659804230.0,13384.936003439365,,,,,,,,,,
ecological,land conversion,national aggregate,World,land_footprint,2008,6753659772.0,13554.87644970591,,,,,,,,,,
ecological,land conversion,national aggregate,World,land_footprint,2009,6840172498.0,13303.153428987966,,,,,,,,,,
ecological,land conversion,national aggregate,World,land_footprint,2010,6927291704.0,13796.6417931423,,,,,,,,,,
ecological,land conversion,national aggregate,World,land_footprint,2011,7014617158.0,14181.534053313428,,,,,,,,,,
ecological,land conversion,national aggregate,World,land_footprint,2012,7102957187.0,14457.278813069255,,,,,,,,,,
ecological,land conversion,national aggregate,World,land_footprint,2013,7191631788.0,14719.598108524537,,,,,,,,,,
ecological,land conversion,national aggregate,World,land_footprint,2014,7279857340.0,15050.324979535386,,,,,,,,,,
ecological,land conversion,national aggregate,World,land_footprint,2015,7367243918.0,15354.313495222154,,,,,,,,,,
ecological,land conversion,national aggregate,World,land_footprint,2016,7453927854.0,15641.917922024915,,,,,,,,,,
ecological,land conversion,national aggregate,World,land_footprint,2017,7540109842.0,16060.191327793138,,,,,,,,,,
ecological,land conversion,national aggregate,World,land_footprint,2018,7623892512.0,16431.285562868605,,,,,,,,,,
ecological,land conversion,national aggregate,World,land_footprint,2019,7704868157.0,16713.676317093705,,,,,,,,,,
ecological,land conversion,national aggregate,World,land_footprint,2020,7780698402.0,16015.845882759748,,,,,,,,,,
ecological,land conversion,national aggregate,World,land_footprint,2021,7848869118.0,16837.8414884704,,,,,,,,,,
ecological,land conversion,national aggregate,World,land_footprint,2022,7914502913.0,17254.434027524196,,,,,,,,,,
ecological,land conversion,national aggregate,Bottom-40,land_footprint,2000,2390496925.0,2590.9974391428664,,,,,,,,,,
ecological,land conversion,national aggregate,Bottom-40,land_footprint,2001,2441157194.0,2663.2031090486253,,,,,,,,,,
ecological,land conversion,national aggregate,Bottom-40,land_footprint,2002,2492714585.0,2731.9750022323224,,,,,,,,,,
ecological,land conversion,national aggregate,Bottom-40,land_footprint,2003,2544324485.0,2846.256099720923,,,,,,,,,,
ecological,land conversion,national aggregate,Bottom-40,land_footprint,2004,2595669620.0,2992.2508778064066,,,,,,,,,,
ecological,land conversion,national aggregate,Bottom-40,land_footprint,2005,2646943702.0,3139.9579892205297,,,,,,,,,,
ecological,land conversion,national aggregate,Bottom-40,land_footprint,2006,2698319942.0,3312.081416215672,,,,,,,,,,
ecological,land conversion,national aggregate,Bottom-40,land_footprint,2007,2749859301.0,3481.6419270781485,,,,,,,,,,
ecological,land conversion,national aggregate,Bottom-40,land_footprint,2008,2810086898.0,3550.327833144699,,,,,,,,,,
ecological,land conversion,national aggregate,Bottom-40,land_footprint,2009,2862628786.0,3690.6612219346794,,,,,,,,,,
ecological,land conversion,national aggregate,Bottom-40,land_footprint,2010,2916557172.0,3860.087593058656,,,,,,,,,,
ecological,land conversion,national aggregate,Bottom-40,land_footprint,2011,2971219398.0,4025.339575358574,,,,,,,,,,
ecological,land conversion,national aggregate,Bottom-40,land_footprint,2012,3025496765.0,4118.907239318242,,,,,,,,,,
ecological,land conversion,national aggregate,Bottom-40,land_footprint,2013,3078734496.0,4261.941562979554,,,,,,,,,,
ecological,land conversion,national aggregate,Bottom-40,land_footprint,2014,3131533963.0,4461.00717186334,,,,,,,,,,
ecological,land conversion,national aggregate,Bottom-40,land_footprint,2015,3184625696.0,4655.56473539207,,,,,,,,,,
ecological,land conversion,national aggregate,Bottom-40,land_footprint,2016,3239351100.0,4835.955023097456,,,,,,,,,,
ecological,land conversion,national aggregate,Bottom-40,land_footprint,2017,3295224355.0,5037.397493099811,,,,,,,,,,
ecological,land conversion,national aggregate,Bottom-40,land_footprint,2018,3351275676.0,5234.702054758413,,,,,,,,,,
ecological,land conversion,national aggregate,Bottom-40,land_footprint,2019,3407742141.0,5364.77105881448,,,,,,,,,,
ecological,land conversion,national aggregate,Bottom-40,land_footprint,2020,3464675412.0,5076.04284296782,,,,,,,,,,
ecological,land conversion,national aggregate,Bottom-40,land_footprint,2021,3519786549.0,5287.298647675415,,,,,,,,,,
ecological,land conversion,national aggregate,Bottom-40,land_footprint,2022,3573523686.0,5529.041654165806,,,,,,,,,,
ecological,land conversion,national aggregate,Middle-40,land_footprint,2000,2771079507.0,7692.85018485735,,,,,,,,,,
ecological,land conversion,national aggregate,Middle-40,land_footprint,2001,2795128241.0,7902.984182376066,,,,,,,,,,
ecological,land conversion,national aggregate,Middle-40,land_footprint,2002,2817982774.0,8168.321690814426,,,,,,,,,,
ecological,land conversion,national aggregate,Middle-40,land_footprint,2003,2840378133.0,8528.850379276693,,,,,,,,,,
ecological,land conversion,national aggregate,Middle-40,land_footprint,2004,2863160639.0,9073.696198278563,,,,,,,,,,
ecological,land conversion,national aggregate,Middle-40,land_footprint,2005,2886128730.0,9583.909852877112,,,,,,,,,,
ecological,land conversion,national aggregate,Middle-40,land_footprint,2006,2908976565.0,10285.251123919892,,,,,,,,,,
ecological,land conversion,national aggregate,Middle-40,land_footprint,2007,2931945847.0,11087.96033204242,,,,,,,,,,
ecological,land conversion,national aggregate,Middle-40,land_footprint,2008,2955942444.0,11621.247297116652,,,,,,,,,,
ecological,land conversion,national aggregate,Middle-40,land_footprint,2009,2981024091.0,11630.725189742872,,,,,,,,,,
ecological,land conversion,national aggregate,Middle-40,land_footprint,2010,3006436061.0,12302.342501699068,,,,,,,,,,
ecological,land conversion,national aggregate,Middle-40,land_footprint,2011,3031818549.0,12869.064810164246,,,,,,,,,,
ecological,land conversion,national aggregate,Middle-40,land_footprint,2012,3058599742.0,13418.780155524284,,,,,,,,,,
ecological,land conversion,national aggregate,Middle-40,land_footprint,2013,3087056858.0,13858.936902267154,,,,,,,,,,
ecological,land conversion,national aggregate,Middle-40,land_footprint,2014,3115874201.0,14317.047425141602,,,,,,,,,,
ecological,land conversion,national aggregate,Middle-40,land_footprint,2015,3143671521.0,14682.35031361053,,,,,,,,,,
ecological,land conversion,national aggregate,Middle-40,land_footprint,2016,3169140069.0,15090.746063579065,,,,,,,,,,
ecological,land conversion,national aggregate,Middle-40,land_footprint,2017,3193178974.0,15681.633581815418,,,,,,,,,,
ecological,land conversion,national aggregate,Middle-40,land_footprint,2018,3214995105.0,16205.265939374283,,,,,,,,,,
ecological,land conversion,national aggregate,Middle-40,land_footprint,2019,3233967613.0,16672.718839130957,,,,,,,,,,
ecological,land conversion,national aggregate,Middle-40,land_footprint,2020,3249703015.0,16353.946617090254,,,,,,,,,,
ecological,land conversion,national aggregate,Middle-40,land_footprint,2021,3261155656.0,17377.02988724466,,,,,,,,,,
ecological,land conversion,national aggregate,Middle-40,land_footprint,2022,3270491108.0,17872.515797620435,,,,,,,,,,
ecological,land conversion,national aggregate,Top-20,land_footprint,2000,925537229.0,42841.57056886864,,,,,,,,,,
ecological,land conversion,national aggregate,Top-20,land_footprint,2001,932036528.0,43168.38978676752,,,,,,,,,,
ecological,land conversion,national aggregate,Top-20,land_footprint,2002,938669229.0,43387.74839026642,,,,,,,,,,
ecological,land conversion,national aggregate,Top-20,land_footprint,2003,945536724.0,44109.777454907606,,,,,,,,,,
ecological,land conversion,national aggregate,Top-20,land_footprint,2004,952625436.0,45340.414645573714,,,,,,,,,,
ecological,land conversion,national aggregate,Top-20,land_footprint,2005,960198702.0,46315.86108642239,,,,,,,,,,
ecological,land conversion,national aggregate,Top-20,land_footprint,2006,968597868.0,47338.75129945506,,,,,,,,,,
ecological,land conversion,national aggregate,Top-20,land_footprint,2007,977999082.0,48116.33221024317,,,,,,,,,,
ecological,land conversion,national aggregate,Top-20,land_footprint,2008,987630430.0,47807.91933225158,,,,,,,,,,
ecological,land conversion,national aggregate,Top-20,land_footprint,2009,996519621.0,45919.21545509608,,,,,,,,,,
ecological,land conversion,national aggregate,Top-20,land_footprint,2010,1004298471.0,47126.41840786978,,,,,,,,,,
ecological,land conversion,national aggregate,Top-20,land_footprint,2011,1011579211.0,47946.01860155472,,,,,,,,,,
ecological,land conversion,national aggregate,Top-20,land_footprint,2012,1018860680.0,48274.52404996078,,,,,,,,,,
ecological,land conversion,national aggregate,Top-20,land_footprint,2013,1025840434.0,48694.91910204364,,,,,,,,,,
ecological,land conversion,national aggregate,Top-20,land_footprint,2014,1032449176.0,49381.90255022027,,,,,,,,,,
ecological,land conversion,national aggregate,Top-20,land_footprint,2015,1038946701.0,50181.83804288999,,,,,,,,,,
ecological,land conversion,national aggregate,Top-20,land_footprint,2016,1045436685.0,50795.6954314738,,,,,,,,,,
ecological,land conversion,national aggregate,Top-20,land_footprint,2017,1051706513.0,51746.36506086974,,,,,,,,,,
ecological,land conversion,national aggregate,Top-20,land_footprint,2018,1057621731.0,52596.85291749837,,,,,,,,,,
ecological,land conversion,national aggregate,Top-20,land_footprint,2019,1063158403.0,53214.91427993404,,,,,,,,,,
ecological,land conversion,national aggregate,Top-20,land_footprint,2020,1066319975.0,50530.94500051039,,,,,,,,,,
ecological,land conversion,national aggregate,Top-20,land_footprint,2021,1067926913.0,53260.809722408114,,,,,,,,,,
ecological,land conversion,national aggregate,Top-20,land_footprint,2022,1070488119.0,54508.03426175838,,,,,,,,,,
ecological,biodiversity breakdown,global doughnut,World,extinction1900,2000,,,100.0,,,,,,,,,
ecological,biodiversity breakdown,global doughnut,World,extinction1900,2001,,,100.0,,,,,,,,,
ecological,biodiversity breakdown,global doughnut,World,extinction1900,2002,,,100.0,,,,,,,,,
ecological,biodiversity breakdown,global doughnut,World,extinction1900,2003,,,100.0,,,,,,,,,
ecological,biodiversity breakdown,global doughnut,World,extinction1900,2004,,,100.0,,,,,,,,,
ecological,biodiversity breakdown,global doughnut,World,extinction1900,2005,,,100.0,,,,,,,,,
ecological,biodiversity breakdown,global doughnut,World,extinction1900,2006,,,100.0,,,,,,,,,
ecological,biodiversity breakdown,global doughnut,World,extinction1900,2007,,,100.0,,,,,,,,,
ecological,biodiversity breakdown,global doughnut,World,extinction1900,2008,,,100.0,,,,,,,,,
ecological,biodiversity breakdown,global doughnut,World,extinction1900,2009,,,100.0,,,,,,,,,
ecological,biodiversity breakdown,global doughnut,World,extinction1900,2010,,,100.0,,,,,,,,,
ecological,biodiversity breakdown,global doughnut,World,extinction1900,2011,,,100.0,,,,,,,,,
ecological,biodiversity breakdown,global doughnut,World,extinction1900,2012,,,100.0,,,,,,,,,
ecological,biodiversity breakdown,global doughnut,World,extinction1900,2013,,,100.0,,,,,,,,,
ecological,biodiversity breakdown,global doughnut,World,extinction1900,2014,,,100.0,,,,,,,,,
ecological,biodiversity breakdown,global doughnut,World,extinction1900,2015,,,100.0,,,,,,,,,
ecological,biodiversity breakdown,global doughnut,World,extinction1900,2016,,,100.0,,,,,,,,,
ecological,biodiversity breakdown,global doughnut,World,extinction1900,2017,,,100.0,,,,,,,,,
ecological,biodiversity breakdown,global doughnut,World,extinction1900,2018,,,100.0,,,,,,,,,
ecological,biodiversity breakdown,global doughnut,World,extinction1900,2019,,,100.0,,,,,,,,,
ecological,biodiversity breakdown,global doughnut,World,extinction1900,2020,,,100.0,,,,,,,,,
ecological,biodiversity breakdown,global doughnut,World,extinction1900,2021,,,100.0,,,,,,,,,
ecological,biodiversity breakdown,global doughnut,World,extinction1900,2022,,,100.0,,,,,,,,,
ecological,biodiversity breakdown,global doughnut,World,hanppGtC,2000,,,14.6,,,,,,,,,
ecological,biodiversity breakdown,global doughnut,World,hanppGtC,2001,,,14.71,,,,,,,,,
ecological,biodiversity breakdown,global doughnut,World,hanppGtC,2002,,,14.82,,,,,,,,,
ecological,biodiversity breakdown,global doughnut,World,hanppGtC,2003,,,14.93,,,,,,,,,
ecological,biodiversity breakdown,global doughnut,World,hanppGtC,2004,,,15.04,,,,,,,,,
ecological,biodiversity breakdown,global doughnut,World,hanppGtC,2005,,,15.15,,,,,,,,,
ecological,biodiversity breakdown,global doughnut,World,hanppGtC,2006,,,15.26,,,,,,,,,
ecological,biodiversity breakdown,global doughnut,World,hanppGtC,2007,,,15.37,,,,,,,,,
ecological,biodiversity breakdown,global doughnut,World,hanppGtC,2008,,,15.48,,,,,,,,,
ecological,biodiversity breakdown,global doughnut,World,hanppGtC,2009,,,15.59,,,,,,,,,
ecological,biodiversity breakdown,global doughnut,World,hanppGtC,2010,,,15.7,,,,,,,,,
ecological,biodiversity breakdown,global doughnut,World,hanppGtC,2011,,,15.81,,,,,,,,,
ecological,biodiversity breakdown,global doughnut,World,hanppGtC,2012,,,15.92,,,,,,,,,
ecological,biodiversity breakdown,global doughnut,World,hanppGtC,2013,,,16.03,,,,,,,,,
ecological,biodiversity breakdown,global doughnut,World,hanppGtC,2014,,,16.14,,,,,,,,,
ecological,biodiversity breakdown,global doughnut,World,hanppGtC,2015,,,16.25,,,,,,,,,
ecological,biodiversity breakdown,global doughnut,World,hanppGtC,2016,,,16.36,,,,,,,,,
ecological,biodiversity breakdown,global doughnut,World,hanppGtC,2017,,,16.47,,,,,,,,,
ecological,biodiversity breakdown,global doughnut,World,hanppGtC,2018,,,16.580000000000002,,,,,,,,,
ecological,biodiversity breakdown,global doughnut,World,hanppGtC,2019,,,16.69,,,,,,,,,
ecological,biodiversity breakdown,global doughnut,World,hanppGtC,2020,,,16.8,,,,,,,,,
ecological,biodiversity breakdown,global doughnut,World,hanppGtC,2021,,,,,,,,,,,,
ecological,biodiversity breakdown,global doughnut,World,hanppGtC,2022,,,,,,,,,,,,
ecological,biodiversity breakdown,national aggregate,World,species_footprint,2000,6022392584.0,10811.19188461706,,,,,,,,,,
ecological,biodiversity breakdown,national aggregate,World,species_footprint,2001,6102449162.0,10941.01552034705,,,,,,,,,,
ecological,biodiversity breakdown,national aggregate,World,species_footprint,2002,6182357789.0,11080.54967625144,,,,,,,,,,
ecological,biodiversity breakdown,national aggregate,World,species_footprint,2003,6262095302.0,11329.91810986508,,,,,,,,,,
ecological,biodiversity breakdown,national aggregate,World,species_footprint,2004,6342183333.0,11754.14061196926,,,,,,,,,,
ecological,biodiversity breakdown,national aggregate,World,species_footprint,2005,6422533547.0,12128.425776384209,,,,,,,,,,
ecological,biodiversity breakdown,national aggregate,World,species_footprint,2006,6503250735.0,12605.283209224684,,,,,,,,,,
ecological,biodiversity breakdown,national aggregate,World,species_footprint,2007,6585123176.0,13100.663689299492,,,,,,,,,,
ecological,biodiversity breakdown,national aggregate,World,species_footprint,2008,6676911713.0,13262.657049384105,,,,,,,,,,
ecological,biodiversity breakdown,national aggregate,World,species_footprint,2009,6761394784.0,13024.213735132083,,,,,,,,,,
ecological,biodiversity breakdown,national aggregate,World,species_footprint,2010,6846578658.0,13505.328973548678,,,,,,,,,,
ecological,biodiversity breakdown,national aggregate,World,species_footprint,2011,6932482993.0,13884.056143385247,,,,,,,,,,
ecological,biodiversity breakdown,national aggregate,World,species_footprint,2012,7019410348.0,14136.919085775233,,,,,,,,,,
ecological,biodiversity breakdown,national aggregate,World,species_footprint,2013,7106227170.0,14397.823223021156,,,,,,,,,,
ecological,biodiversity breakdown,national aggregate,World,species_footprint,2014,7192767875.0,14725.823876377588,,,,,,,,,,
ecological,biodiversity breakdown,national aggregate,World,species_footprint,2015,7278466615.0,15023.8557729071,,,,,,,,,,
ecological,biodiversity breakdown,national aggregate,World,species_footprint,2016,7363461574.0,15309.149487821616,,,,,,,,,,
ecological,biodiversity breakdown,national aggregate,World,species_footprint,2017,7448056322.0,15730.45692085964,0.6612590614097671,,,,,,,,,
ecological,biodiversity breakdown,national aggregate,World,species_footprint,2018,7530230552.0,16104.24657715806,,,,,,,,,,
ecological,biodiversity breakdown,national aggregate,World,species_footprint,2019,7609776788.0,16396.30415131602,,,,,,,,,,
ecological,biodiversity breakdown,national aggregate,World,species_footprint,2020,7685261481.0,15722.6243392955,,,,,,,,,,
ecological,biodiversity breakdown,national aggregate,World,species_footprint,2021,7753399602.0,16531.046091322263,,,,,,,,,,
ecological,biodiversity breakdown,national aggregate,World,species_footprint,2022,7818196139.0,16933.95738092833,,,,,,,,,,
ecological,biodiversity breakdown,national aggregate,Bottom-40,species_footprint,2000,2376251180.0,2579.4843396945944,,,,,,,,,,
ecological,biodiversity breakdown,national aggregate,Bottom-40,species_footprint,2001,2426787989.0,2652.5588679937755,,,,,,,,,,
ecological,biodiversity breakdown,national aggregate,Bottom-40,species_footprint,2002,2478235048.0,2722.550528921249,,,,,,,,,,
ecological,biodiversity breakdown,national aggregate,Bottom-40,species_footprint,2003,2529741078.0,2836.395690472428,,,,,,,,,,
ecological,biodiversity breakdown,national aggregate,Bottom-40,species_footprint,2004,2580984201.0,2981.3451289937984,,,,,,,,,,
ecological,biodiversity breakdown,national aggregate,Bottom-40,species_footprint,2005,2632156395.0,3126.9936710480224,,,,,,,,,,
ecological,biodiversity breakdown,national aggregate,Bottom-40,species_footprint,2006,2683431644.0,3297.5807525828877,,,,,,,,,,
ecological,biodiversity breakdown,national aggregate,Bottom-40,species_footprint,2007,2734871536.0,3466.408421660846,,,,,,,,,,
ecological,biodiversity breakdown,national aggregate,Bottom-40,species_footprint,2008,2795001471.0,3534.35709920528,,,,,,,,,,
ecological,biodiversity breakdown,national aggregate,Bottom-40,species_footprint,2009,2847446203.0,3675.288745010788,,,,,,,,,,
ecological,biodiversity breakdown,national aggregate,Bottom-40,species_footprint,2010,2901274477.0,3844.870051171807,,,,,,,,,,
ecological,biodiversity breakdown,national aggregate,Bottom-40,species_footprint,2011,2955832944.0,4009.6372800035233,,,,,,,,,,
ecological,biodiversity breakdown,national aggregate,Bottom-40,species_footprint,2012,3010003314.0,4102.676086858366,,,,,,,,,,
ecological,biodiversity breakdown,national aggregate,Bottom-40,species_footprint,2013,3063131123.0,4245.545393317514,,,,,,,,,,
ecological,biodiversity breakdown,national aggregate,Bottom-40,species_footprint,2014,3115821462.0,4445.625619050939,,,,,,,,,,
ecological,biodiversity breakdown,national aggregate,Bottom-40,species_footprint,2015,3168801188.0,4639.820472799655,,,,,,,,,,
ecological,biodiversity breakdown,national aggregate,Bottom-40,species_footprint,2016,3223415240.0,4820.5434787645945,,,,,,,,,,
ecological,biodiversity breakdown,national aggregate,Bottom-40,species_footprint,2017,3279187003.0,5022.645571175445,0.295702190918563,,,,,,,,,
ecological,biodiversity breakdown,national aggregate,Bottom-40,species_footprint,2018,3335141885.0,5220.246520639839,,,,,,,,,,
ecological,biodiversity breakdown,national aggregate,Bottom-40,species_footprint,2019,3391515669.0,5351.198468263703,,,,,,,,,,
ecological,biodiversity breakdown,national aggregate,Bottom-40,species_footprint,2020,3448355313.0,5065.89772405755,,,,,,,,,,
ecological,biodiversity breakdown,national aggregate,Bottom-40,species_footprint,2021,3503396785.0,5277.14433390681,,,,,,,,,,
ecological,biodiversity breakdown,national aggregate,Bottom-40,species_footprint,2022,3557061423.0,5519.322704930674,,,,,,,,,,
ecological,biodiversity breakdown,national aggregate,Middle-40,species_footprint,2000,2763213047.0,7654.13769028717,,,,,,,,,,
ecological,biodiversity breakdown,national aggregate,Middle-40,species_footprint,2001,2787097352.0,7864.397438154485,,,,,,,,,,
ecological,biodiversity breakdown,national aggregate,Middle-40,species_footprint,2002,2809777661.0,8129.234599744939,,,,,,,,,,
ecological,biodiversity breakdown,national aggregate,Middle-40,species_footprint,2003,2831990088.0,8482.923214338003,,,,,,,,,,
ecological,biodiversity breakdown,national aggregate,Middle-40,species_footprint,2004,2854580918.0,9026.771620453132,,,,,,,,,,
ecological,biodiversity breakdown,national aggregate,Middle-40,species_footprint,2005,2877350070.0,9530.885164442148,,,,,,,,,,
ecological,biodiversity breakdown,national aggregate,Middle-40,species_footprint,2006,2900011889.0,10226.591130506778,,,,,,,,,,
ecological,biodiversity breakdown,national aggregate,Middle-40,species_footprint,2007,2922803830.0,11027.49896082735,,,,,,,,,,
ecological,biodiversity breakdown,national aggregate,Middle-40,species_footprint,2008,2946612580.0,11563.736297340984,,,,,,,,,,
ecological,biodiversity breakdown,national aggregate,Middle-40,species_footprint,2009,2971502710.0,11577.176573561052,,,,,,,,,,
ecological,biodiversity breakdown,national aggregate,Middle-40,species_footprint,2010,2996720802.0,12250.283021241938,,,,,,,,,,
ecological,biodiversity breakdown,national aggregate,Middle-40,species_footprint,2011,3022345410.0,12853.909105558352,,,,,,,,,,
ecological,biodiversity breakdown,national aggregate,Middle-40,species_footprint,2012,3049383432.0,13375.86948255519,,,,,,,,,,
ecological,biodiversity breakdown,national aggregate,Middle-40,species_footprint,2013,3077662819.0,13828.707635689078,,,,,,,,,,
ecological,biodiversity breakdown,national aggregate,Middle-40,species_footprint,2014,3106304024.0,14298.405942931491,,,,,,,,,,
ecological,biodiversity breakdown,national aggregate,Middle-40,species_footprint,2015,3133943059.0,14664.32213227094,,,,,,,,,,
ecological,biodiversity breakdown,national aggregate,Middle-40,species_footprint,2016,3159258795.0,15076.874706966642,,,,,,,,,,
ecological,biodiversity breakdown,national aggregate,Middle-40,species_footprint,2017,3183138611.0,15659.215592343417,0.6663256202246388,,,,,,,,,
ecological,biodiversity breakdown,national aggregate,Middle-40,species_footprint,2018,3204775631.0,16182.731813295552,,,,,,,,,,
ecological,biodiversity breakdown,national aggregate,Middle-40,species_footprint,2019,3223588538.0,16658.463829057677,,,,,,,,,,
ecological,biodiversity breakdown,national aggregate,Middle-40,species_footprint,2020,3239195616.0,16354.337717044236,,,,,,,,,,
ecological,biodiversity breakdown,national aggregate,Middle-40,species_footprint,2021,3250518847.0,17372.882830322826,,,,,,,,,,
ecological,biodiversity breakdown,national aggregate,Middle-40,species_footprint,2022,3259729582.0,17870.61550369402,,,,,,,,,,
ecological,biodiversity breakdown,national aggregate,Top-20,species_footprint,2000,882928357.0,42845.74812313115,,,,,,,,,,
ecological,biodiversity breakdown,national aggregate,Top-20,species_footprint,2001,888563821.0,43228.12926867091,,,,,,,,,,
ecological,biodiversity breakdown,national aggregate,Top-20,species_footprint,2002,894345080.0,43512.80232598735,,,,,,,,,,
ecological,biodiversity breakdown,national aggregate,Top-20,species_footprint,2003,900364136.0,44148.9439955994,,,,,,,,,,
ecological,biodiversity breakdown,national aggregate,Top-20,species_footprint,2004,906618214.0,45316.16435010109,,,,,,,,,,
ecological,biodiversity breakdown,national aggregate,Top-20,species_footprint,2005,913027082.0,46264.555313249664,,,,,,,,,,
ecological,biodiversity breakdown,national aggregate,Top-20,species_footprint,2006,919807202.0,47259.08733723497,,,,,,,,,,
ecological,biodiversity breakdown,national aggregate,Top-20,species_footprint,2007,927447810.0,48043.76664473402,,,,,,,,,,
ecological,biodiversity breakdown,national aggregate,Top-20,species_footprint,2008,935297662.0,47686.64337970848,,,,,,,,,,
ecological,biodiversity breakdown,national aggregate,Top-20,species_footprint,2009,942445871.0,45832.92643024211,,,,,,,,,,
ecological,biodiversity breakdown,national aggregate,Top-20,species_footprint,2010,948583379.0,47017.053850969765,,,,,,,,,,
ecological,biodiversity breakdown,national aggregate,Top-20,species_footprint,2011,954304639.0,47731.31144383859,,,,,,,,,,
ecological,biodiversity breakdown,national aggregate,Top-20,species_footprint,2012,960023602.0,48015.08277201596,,,,,,,,,,
ecological,biodiversity breakdown,national aggregate,Top-20,species_footprint,2013,965433228.0,48423.27741254011,,,,,,,,,,
ecological,biodiversity breakdown,national aggregate,Top-20,species_footprint,2014,970642389.0,49093.73608424506,,,,,,,,,,
ecological,biodiversity breakdown,national aggregate,Top-20,species_footprint,2015,975722368.0,49902.32373559204,,,,,,,,,,
ecological,biodiversity breakdown,national aggregate,Top-20,species_footprint,2016,980787539.0,50528.75335375405,,,,,,,,,,
ecological,biodiversity breakdown,national aggregate,Top-20,species_footprint,2017,985730708.0,51581.71583482991,1.8609800095204665,,,,,,,,,
ecological,biodiversity breakdown,national aggregate,Top-20,species_footprint,2018,990313036.0,52505.0164168369,,,,,,,,,,
ecological,biodiversity breakdown,national aggregate,Top-20,species_footprint,2019,994672581.0,53206.96401762948,,,,,,,,,,
ecological,biodiversity breakdown,national aggregate,Top-20,species_footprint,2020,997710552.0,50504.19156789593,,,,,,,,,,
ecological,biodiversity breakdown,national aggregate,Top-20,species_footprint,2021,999483970.0,53240.46630285082,,,,,,,,,,
ecological,biodiversity breakdown,national aggregate,Top-20,species_footprint,2022,1001405134.0,54430.57408254537,,,,,,,,,,
ecological,biodiversity breakdown,national aggregate,World,hanpp_footprint,2000,6022392584.0,10811.19188461706,,,,,,,,,,
ecological,biodiversity breakdown,national aggregate,World,hanpp_footprint,2001,6102449162.0,10941.01552034705,,,,,,,,,,
ecological,biodiversity breakdown,national aggregate,World,hanpp_footprint,2002,6182357789.0,11080.54967625144,,,,,,,,,,
ecological,biodiversity breakdown,national aggregate,World,hanpp_footprint,2003,6262095302.0,11329.91810986508,,,,,,,,,,
ecological,biodiversity breakdown,national aggregate,World,hanpp_footprint,2004,6342183333.0,11754.14061196926,,,,,,,,,,
ecological,biodiversity breakdown,national aggregate,World,hanpp_footprint,2005,6422533547.0,12128.425776384209,,,,,,,,,,
ecological,biodiversity breakdown,national aggregate,World,hanpp_footprint,2006,6503250735.0,12605.283209224684,,,,,,,,,,
ecological,biodiversity breakdown,national aggregate,World,hanpp_footprint,2007,6585123176.0,13100.663689299492,,,,,,,,,,
ecological,biodiversity breakdown,national aggregate,World,hanpp_footprint,2008,6676911713.0,13262.657049384105,,,,,,,,,,
ecological,biodiversity breakdown,national aggregate,World,hanpp_footprint,2009,6761394784.0,13024.213735132083,,,,,,,,,,
ecological,biodiversity breakdown,national aggregate,World,hanpp_footprint,2010,6846578658.0,13505.328973548678,,,,,,,,,,
ecological,biodiversity breakdown,national aggregate,World,hanpp_footprint,2011,6932482993.0,13884.056143385247,,,,,,,,,,
ecological,biodiversity breakdown,national aggregate,World,hanpp_footprint,2012,7019410348.0,14136.919085775233,,,,,,,,,,
ecological,biodiversity breakdown,national aggregate,World,hanpp_footprint,2013,7106227170.0,14397.823223021156,,,,,,,,,,
ecological,biodiversity breakdown,national aggregate,World,hanpp_footprint,2014,7192767875.0,14725.823876377588,,,,,,,,,,
ecological,biodiversity breakdown,national aggregate,World,hanpp_footprint,2015,7278466615.0,15023.8557729071,,,,,,,,,,
ecological,biodiversity breakdown,national aggregate,World,hanpp_footprint,2016,7363461574.0,15309.149487821616,,,,,,,,,,
ecological,biodiversity breakdown,national aggregate,World,hanpp_footprint,2017,7448056322.0,15730.45692085964,1.9445190951329496,,,,,,,,,
ecological,biodiversity breakdown,national aggregate,World,hanpp_footprint,2018,7530230552.0,16104.24657715806,,,,,,,,,,
ecological,biodiversity breakdown,national aggregate,World,hanpp_footprint,2019,7609776788.0,16396.30415131602,,,,,,,,,,
ecological,biodiversity breakdown,national aggregate,World,hanpp_footprint,2020,7685261481.0,15722.6243392955,,,,,,,,,,
ecological,biodiversity breakdown,national aggregate,World,hanpp_footprint,2021,7753399602.0,16531.046091322263,,,,,,,,,,
ecological,biodiversity breakdown,national aggregate,World,hanpp_footprint,2022,7818196139.0,16933.95738092833,,,,,,,,,,
ecological,biodiversity breakdown,national aggregate,Bottom-40,hanpp_footprint,2000,2376251180.0,2579.4843396945944,,,,,,,,,,
ecological,biodiversity breakdown,national aggregate,Bottom-40,hanpp_footprint,2001,2426787989.0,2652.5588679937755,,,,,,,,,,
ecological,biodiversity breakdown,national aggregate,Bottom-40,hanpp_footprint,2002,2478235048.0,2722.550528921249,,,,,,,,,,
ecological,biodiversity breakdown,national aggregate,Bottom-40,hanpp_footprint,2003,2529741078.0,2836.395690472428,,,,,,,,,,
ecological,biodiversity breakdown,national aggregate,Bottom-40,hanpp_footprint,2004,2580984201.0,2981.3451289937984,,,,,,,,,,
ecological,biodiversity breakdown,national aggregate,Bottom-40,hanpp_footprint,2005,2632156395.0,3126.9936710480224,,,,,,,,,,
ecological,biodiversity breakdown,national aggregate,Bottom-40,hanpp_footprint,2006,2683431644.0,3297.5807525828877,,,,,,,,,,
ecological,biodiversity breakdown,national aggregate,Bottom-40,hanpp_footprint,2007,2734871536.0,3466.408421660846,,,,,,,,,,
ecological,biodiversity breakdown,national aggregate,Bottom-40,hanpp_footprint,2008,2795001471.0,3534.35709920528,,,,,,,,,,
ecological,biodiversity breakdown,national aggregate,Bottom-40,hanpp_footprint,2009,2847446203.0,3675.288745010788,,,,,,,,,,
ecological,biodiversity breakdown,national aggregate,Bottom-40,hanpp_footprint,2010,2901274477.0,3844.870051171807,,,,,,,,,,
ecological,biodiversity breakdown,national aggregate,Bottom-40,hanpp_footprint,2011,2955832944.0,4009.6372800035233,,,,,,,,,,
ecological,biodiversity breakdown,national aggregate,Bottom-40,hanpp_footprint,2012,3010003314.0,4102.676086858366,,,,,,,,,,
ecological,biodiversity breakdown,national aggregate,Bottom-40,hanpp_footprint,2013,3063131123.0,4245.545393317514,,,,,,,,,,
ecological,biodiversity breakdown,national aggregate,Bottom-40,hanpp_footprint,2014,3115821462.0,4445.625619050939,,,,,,,,,,
ecological,biodiversity breakdown,national aggregate,Bottom-40,hanpp_footprint,2015,3168801188.0,4639.820472799655,,,,,,,,,,
ecological,biodiversity breakdown,national aggregate,Bottom-40,hanpp_footprint,2016,3223415240.0,4820.5434787645945,,,,,,,,,,
ecological,biodiversity breakdown,national aggregate,Bottom-40,hanpp_footprint,2017,3279187003.0,5022.645571175445,1.5146478178675444,,,,,,,,,
ecological,biodiversity breakdown,national aggregate,Bottom-40,hanpp_footprint,2018,3335141885.0,5220.246520639839,,,,,,,,,,
ecological,biodiversity breakdown,national aggregate,Bottom-40,hanpp_footprint,2019,3391515669.0,5351.198468263703,,,,,,,,,,
ecological,biodiversity breakdown,national aggregate,Bottom-40,hanpp_footprint,2020,3448355313.0,5065.89772405755,,,,,,,,,,
ecological,biodiversity breakdown,national aggregate,Bottom-40,hanpp_footprint,2021,3503396785.0,5277.14433390681,,,,,,,,,,
ecological,biodiversity breakdown,national aggregate,Bottom-40,hanpp_footprint,2022,3557061423.0,5519.322704930674,,,,,,,,,,
ecological,biodiversity breakdown,national aggregate,Middle-40,hanpp_footprint,2000,2763213047.0,7654.13769028717,,,,,,,,,,
ecological,biodiversity breakdown,national aggregate,Middle-40,hanpp_footprint,2001,2787097352.0,7864.397438154485,,,,,,,,,,
ecological,biodiversity breakdown,national aggregate,Middle-40,hanpp_footprint,2002,2809777661.0,8129.234599744939,,,,,,,,,,
ecological,biodiversity breakdown,national aggregate,Middle-40,hanpp_footprint,2003,2831990088.0,8482.923214338003,,,,,,,,,,
ecological,biodiversity breakdown,national aggregate,Middle-40,hanpp_footprint,2004,2854580918.0,9026.771620453132,,,,,,,,,,
ecological,biodiversity breakdown,national aggregate,Middle-40,hanpp_footprint,2005,2877350070.0,9530.885164442148,,,,,,,,,,
ecological,biodiversity breakdown,national aggregate,Middle-40,hanpp_footprint,2006,2900011889.0,10226.591130506778,,,,,,,,,,
ecological,biodiversity breakdown,national aggregate,Middle-40,hanpp_footprint,2007,2922803830.0,11027.49896082735,,,,,,,,,,
ecological,biodiversity breakdown,national aggregate,Middle-40,hanpp_footprint,2008,2946612580.0,11563.736297340984,,,,,,,,,,
ecological,biodiversity breakdown,national aggregate,Middle-40,hanpp_footprint,2009,2971502710.0,11577.176573561052,,,,,,,,,,
ecological,biodiversity breakdown,national aggregate,Middle-40,hanpp_footprint,2010,2996720802.0,12250.283021241938,,,,,,,,,,
ecological,biodiversity breakdown,national aggregate,Middle-40,hanpp_footprint,2011,3022345410.0,12853.909105558352,,,,,,,,,,
ecological,biodiversity breakdown,national aggregate,Middle-40,hanpp_footprint,2012,3049383432.0,13375.86948255519,,,,,,,,,,
ecological,biodiversity breakdown,national aggregate,Middle-40,hanpp_footprint,2013,3077662819.0,13828.707635689078,,,,,,,,,,
ecological,biodiversity breakdown,national aggregate,Middle-40,hanpp_footprint,2014,3106304024.0,14298.405942931491,,,,,,,,,,
ecological,biodiversity breakdown,national aggregate,Middle-40,hanpp_footprint,2015,3133943059.0,14664.32213227094,,,,,,,,,,
ecological,biodiversity breakdown,national aggregate,Middle-40,hanpp_footprint,2016,3159258795.0,15076.874706966642,,,,,,,,,,
ecological,biodiversity breakdown,national aggregate,Middle-40,hanpp_footprint,2017,3183138611.0,15659.215592343417,2.0423884628351607,,,,,,,,,
ecological,biodiversity breakdown,national aggregate,Middle-40,hanpp_footprint,2018,3204775631.0,16182.731813295552,,,,,,,,,,
ecological,biodiversity breakdown,national aggregate,Middle-40,hanpp_footprint,2019,3223588538.0,16658.463829057677,,,,,,,,,,
ecological,biodiversity breakdown,national aggregate,Middle-40,hanpp_footprint,2020,3239195616.0,16354.337717044236,,,,,,,,,,
ecological,biodiversity breakdown,national aggregate,Middle-40,hanpp_footprint,2021,3250518847.0,17372.882830322826,,,,,,,,,,
ecological,biodiversity breakdown,national aggregate,Middle-40,hanpp_footprint,2022,3259729582.0,17870.61550369402,,,,,,,,,,
ecological,biodiversity breakdown,national aggregate,Top-20,hanpp_footprint,2000,882928357.0,42845.74812313115,,,,,,,,,,
ecological,biodiversity breakdown,national aggregate,Top-20,hanpp_footprint,2001,888563821.0,43228.12926867091,,,,,,,,,,
ecological,biodiversity breakdown,national aggregate,Top-20,hanpp_footprint,2002,894345080.0,43512.80232598735,,,,,,,,,,
ecological,biodiversity breakdown,national aggregate,Top-20,hanpp_footprint,2003,900364136.0,44148.9439955994,,,,,,,,,,
ecological,biodiversity breakdown,national aggregate,Top-20,hanpp_footprint,2004,906618214.0,45316.16435010109,,,,,,,,,,
ecological,biodiversity breakdown,national aggregate,Top-20,hanpp_footprint,2005,913027082.0,46264.555313249664,,,,,,,,,,
ecological,biodiversity breakdown,national aggregate,Top-20,hanpp_footprint,2006,919807202.0,47259.08733723497,,,,,,,,,,
ecological,biodiversity breakdown,national aggregate,Top-20,hanpp_footprint,2007,927447810.0,48043.76664473402,,,,,,,,,,
ecological,biodiversity breakdown,national aggregate,Top-20,hanpp_footprint,2008,935297662.0,47686.64337970848,,,,,,,,,,
ecological,biodiversity breakdown,national aggregate,Top-20,hanpp_footprint,2009,942445871.0,45832.92643024211,,,,,,,,,,
ecological,biodiversity breakdown,national aggregate,Top-20,hanpp_footprint,2010,948583379.0,47017.053850969765,,,,,,,,,,
ecological,biodiversity breakdown,national aggregate,Top-20,hanpp_footprint,2011,954304639.0,47731.31144383859,,,,,,,,,,
ecological,biodiversity breakdown,national aggregate,Top-20,hanpp_footprint,2012,960023602.0,48015.08277201596,,,,,,,,,,
ecological,biodiversity breakdown,national aggregate,Top-20,hanpp_footprint,2013,965433228.0,48423.27741254011,,,,,,,,,,
ecological,biodiversity breakdown,national aggregate,Top-20,hanpp_footprint,2014,970642389.0,49093.73608424506,,,,,,,,,,
ecological,biodiversity breakdown,national aggregate,Top-20,hanpp_footprint,2015,975722368.0,49902.32373559204,,,,,,,,,,
ecological,biodiversity breakdown,national aggregate,Top-20,hanpp_footprint,2016,980787539.0,50528.75335375405,,,,,,,,,,
ecological,biodiversity breakdown,national aggregate,Top-20,hanpp_footprint,2017,985730708.0,51581.71583482991,3.0585115205415545,,,,,,,,,
ecological,biodiversity breakdown,national aggregate,Top-20,hanpp_footprint,2018,990313036.0,52505.0164168369,,,,,,,,,,
ecological,biodiversity breakdown,national aggregate,Top-20,hanpp_footprint,2019,994672581.0,53206.96401762948,,,,,,,,,,
ecological,biodiversity breakdown,national aggregate,Top-20,hanpp_footprint,2020,997710552.0,50504.19156789593,,,,,,,,,,
ecological,biodiversity breakdown,national aggregate,Top-20,hanpp_footprint,2021,999483970.0,53240.46630285082,,,,,,,,,,
ecological,biodiversity breakdown,national aggregate,Top-20,hanpp_footprint,2022,1001405134.0,54430.57408254537,,,,,,,,,,
ecological,ozone depletion,global doughnut,World,totalOzone,2000,,,284.299591064453,,,,,,,,,
ecological,ozone depletion,global doughnut,World,totalOzone,2001,,,284.8499145507815,,,,,,,,,
ecological,ozone depletion,global doughnut,World,totalOzone,2002,,,280.418121337891,,,,,,,,,
ecological,ozone depletion,global doughnut,World,totalOzone,2003,,,286.180206298828,,,,,,,,,
ecological,ozone depletion,global doughnut,World,totalOzone,2004,,,279.530242919922,,,,,,,,,
ecological,ozone depletion,global doughnut,World,totalOzone,2005,,,284.924530029297,,,,,,,,,
ecological,ozone depletion,global doughnut,World,totalOzone,2006,,,278.97724914550804,,,,,,,,,
ecological,ozone depletion,global doughnut,World,totalOzone,2007,,,285.796875,,,,,,,,,
ecological,ozone depletion,global doughnut,World,totalOzone,2008,,,280.1082611083985,,,,,,,,,
ecological,ozone depletion,global doughnut,World,totalOzone,2009,,,284.035171508789,,,,,,,,,
ecological,ozone depletion,global doughnut,World,totalOzone,2010,,,285.674591064453,,,,,,,,,
ecological,ozone depletion,global doughnut,World,totalOzone,2011,,,285.4143371582035,,,,,,,,,
ecological,ozone depletion,global doughnut,World,totalOzone,2012,,,285.3829345703125,,,,,,,,,
ecological,ozone depletion,global doughnut,World,totalOzone,2013,,,279.70256042480503,,,,,,,,,
ecological,ozone depletion,global doughnut,World,totalOzone,2014,,,285.51850891113304,,,,,,,,,
ecological,ozone depletion,global doughnut,World,totalOzone,2015,,,285.3684997558595,,,,,,,,,
ecological,ozone depletion,global doughnut,World,totalOzone,2016,,,279.178680419922,,,,,,,,,
ecological,ozone depletion,global doughnut,World,totalOzone,2017,,,283.7464752197265,,,,,,,,,
ecological,ozone depletion,global doughnut,World,totalOzone,2018,,,286.32078552246105,,,,,,,,,
ecological,ozone depletion,global doughnut,World,totalOzone,2019,,,279.557846069336,,,,,,,,,
ecological,ozone depletion,global doughnut,World,totalOzone,2020,,,281.95976257324253,,,,,,,,,
ecological,ozone depletion,global doughnut,World,totalOzone,2021,,,284.576843261719,,,,,,,,,
ecological,ozone depletion,global doughnut,World,totalOzone,2022,,,,,,,,,,,,
ecological,ozone depletion,national aggregate,World,ozone_footprint,2000,6087113661.0,11033.593778486846,,,,,,,,,,
ecological,ozone depletion,national aggregate,World,ozone_footprint,2001,6168321963.0,11157.924027657036,,,,,,,,,,
ecological,ozone depletion,national aggregate,World,ozone_footprint,2002,6249366588.0,11289.939082169089,,,,,,,,,,
ecological,ozone depletion,national aggregate,World,ozone_footprint,2003,6330239342.0,11559.495576669651,,,,,,,,,,
ecological,ozone depletion,national aggregate,World,ozone_footprint,2004,6411455695.0,12000.204077563389,,,,,,,,,,
ecological,ozone depletion,national aggregate,World,ozone_footprint,2005,6493271134.0,12388.84340932646,,,,,,,,,,
ecological,ozone depletion,national aggregate,World,ozone_footprint,2006,6575894375.0,12881.718983200612,,,,,,,,,,
ecological,ozone depletion,national aggregate,World,ozone_footprint,2007,6659804230.0,13384.936003439365,,,,,,,,,,
ecological,ozone depletion,national aggregate,World,ozone_footprint,2008,6753659772.0,13554.87644970591,,,,,,,,,,
ecological,ozone depletion,national aggregate,World,ozone_footprint,2009,6840172498.0,13303.153428987966,,,,,,,,,,
ecological,ozone depletion,national aggregate,World,ozone_footprint,2010,6927291704.0,13796.6417931423,,,,,,,,,,
ecological,ozone depletion,national aggregate,World,ozone_footprint,2011,7014617158.0,14181.534053313428,,,,,,,,,,
ecological,ozone depletion,national aggregate,World,ozone_footprint,2012,7102957187.0,14457.278813069255,,,,,,,,,,
ecological,ozone depletion,national aggregate,World,ozone_footprint,2013,7191631788.0,14719.598108524537,,,,,,,,,,
ecological,ozone depletion,national aggregate,World,ozone_footprint,2014,7279857340.0,15050.324979535386,,,,,,,,,,
ecological,ozone depletion,national aggregate,World,ozone_footprint,2015,7367243918.0,15354.313495222154,,,,,,,,,,
ecological,ozone depletion,national aggregate,World,ozone_footprint,2016,7453927854.0,15641.917922024915,,,,,,,,,,
ecological,ozone depletion,national aggregate,World,ozone_footprint,2017,7540109842.0,16060.191327793138,,,,,,,,,,
ecological,ozone depletion,national aggregate,World,ozone_footprint,2018,7623892512.0,16431.285562868605,,,,,,,,,,
ecological,ozone depletion,national aggregate,World,ozone_footprint,2019,7704868157.0,16713.676317093705,,,,,,,,,,
ecological,ozone depletion,national aggregate,World,ozone_footprint,2020,7780698402.0,16015.845882759748,,,,,,,,,,
ecological,ozone depletion,national aggregate,World,ozone_footprint,2021,7848869118.0,16837.8414884704,,,,,,,,,,
ecological,ozone depletion,national aggregate,World,ozone_footprint,2022,7914502913.0,17254.434027524196,,,,,,,,,,
ecological,ozone depletion,national aggregate,Bottom-40,ozone_footprint,2000,2390496925.0,2590.9974391428664,,,,,,,,,,
ecological,ozone depletion,national aggregate,Bottom-40,ozone_footprint,2001,2441157194.0,2663.2031090486253,,,,,,,,,,
ecological,ozone depletion,national aggregate,Bottom-40,ozone_footprint,2002,2492714585.0,2731.9750022323224,,,,,,,,,,
ecological,ozone depletion,national aggregate,Bottom-40,ozone_footprint,2003,2544324485.0,2846.256099720923,,,,,,,,,,
ecological,ozone depletion,national aggregate,Bottom-40,ozone_footprint,2004,2595669620.0,2992.2508778064066,,,,,,,,,,
ecological,ozone depletion,national aggregate,Bottom-40,ozone_footprint,2005,2646943702.0,3139.9579892205297,,,,,,,,,,
ecological,ozone depletion,national aggregate,Bottom-40,ozone_footprint,2006,2698319942.0,3312.081416215672,,,,,,,,,,
ecological,ozone depletion,national aggregate,Bottom-40,ozone_footprint,2007,2749859301.0,3481.6419270781485,,,,,,,,,,
ecological,ozone depletion,national aggregate,Bottom-40,ozone_footprint,2008,2810086898.0,3550.327833144699,,,,,,,,,,
ecological,ozone depletion,national aggregate,Bottom-40,ozone_footprint,2009,2862628786.0,3690.6612219346794,,,,,,,,,,
ecological,ozone depletion,national aggregate,Bottom-40,ozone_footprint,2010,2916557172.0,3860.087593058656,,,,,,,,,,
ecological,ozone depletion,national aggregate,Bottom-40,ozone_footprint,2011,2971219398.0,4025.339575358574,,,,,,,,,,
ecological,ozone depletion,national aggregate,Bottom-40,ozone_footprint,2012,3025496765.0,4118.907239318242,,,,,,,,,,
ecological,ozone depletion,national aggregate,Bottom-40,ozone_footprint,2013,3078734496.0,4261.941562979554,,,,,,,,,,
ecological,ozone depletion,national aggregate,Bottom-40,ozone_footprint,2014,3131533963.0,4461.00717186334,,,,,,,,,,
ecological,ozone depletion,national aggregate,Bottom-40,ozone_footprint,2015,3184625696.0,4655.56473539207,,,,,,,,,,
ecological,ozone depletion,national aggregate,Bottom-40,ozone_footprint,2016,3239351100.0,4835.955023097456,,,,,,,,,,
ecological,ozone depletion,national aggregate,Bottom-40,ozone_footprint,2017,3295224355.0,5037.397493099811,,,,,,,,,,
ecological,ozone depletion,national aggregate,Bottom-40,ozone_footprint,2018,3351275676.0,5234.702054758413,,,,,,,,,,
ecological,ozone depletion,national aggregate,Bottom-40,ozone_footprint,2019,3407742141.0,5364.77105881448,,,,,,,,,,
ecological,ozone depletion,national aggregate,Bottom-40,ozone_footprint,2020,3464675412.0,5076.04284296782,,,,,,,,,,
ecological,ozone depletion,national aggregate,Bottom-40,ozone_footprint,2021,3519786549.0,5287.298647675415,,,,,,,,,,
ecological,ozone depletion,national aggregate,Bottom-40,ozone_footprint,2022,3573523686.0,5529.041654165806,,,,,,,,,,
ecological,ozone depletion,national aggregate,Middle-40,ozone_footprint,2000,2771079507.0,7692.85018485735,,,,,,,,,,
ecological,ozone depletion,national aggregate,Middle-40,ozone_footprint,2001,2795128241.0,7902.984182376066,,,,,,,,,,
ecological,ozone depletion,national aggregate,Middle-40,ozone_footprint,2002,2817982774.0,8168.321690814426,,,,,,,,,,
ecological,ozone depletion,national aggregate,Middle-40,ozone_footprint,2003,2840378133.0,8528.850379276693,,,,,,,,,,
ecological,ozone depletion,national aggregate,Middle-40,ozone_footprint,2004,2863160639.0,9073.696198278563,,,,,,,,,,
ecological,ozone depletion,national aggregate,Middle-40,ozone_footprint,2005,2886128730.0,9583.909852877112,,,,,,,,,,
ecological,ozone depletion,national aggregate,Middle-40,ozone_footprint,2006,2908976565.0,10285.251123919892,,,,,,,,,,
ecological,ozone depletion,national aggregate,Middle-40,ozone_footprint,2007,2931945847.0,11087.96033204242,,,,,,,,,,
ecological,ozone depletion,national aggregate,Middle-40,ozone_footprint,2008,2955942444.0,11621.247297116652,,,,,,,,,,
ecological,ozone depletion,national aggregate,Middle-40,ozone_footprint,2009,2981024091.0,11630.725189742872,,,,,,,,,,
ecological,ozone depletion,national aggregate,Middle-40,ozone_footprint,2010,3006436061.0,12302.342501699068,,,,,,,,,,
ecological,ozone depletion,national aggregate,Middle-40,ozone_footprint,2011,3031818549.0,12869.064810164246,,,,,,,,,,
ecological,ozone depletion,national aggregate,Middle-40,ozone_footprint,2012,3058599742.0,13418.780155524284,,,,,,,,,,
ecological,ozone depletion,national aggregate,Middle-40,ozone_footprint,2013,3087056858.0,13858.936902267154,,,,,,,,,,
ecological,ozone depletion,national aggregate,Middle-40,ozone_footprint,2014,3115874201.0,14317.047425141602,,,,,,,,,,
ecological,ozone depletion,national aggregate,Middle-40,ozone_footprint,2015,3143671521.0,14682.35031361053,,,,,,,,,,
ecological,ozone depletion,national aggregate,Middle-40,ozone_footprint,2016,3169140069.0,15090.746063579065,,,,,,,,,,
ecological,ozone depletion,national aggregate,Middle-40,ozone_footprint,2017,3193178974.0,15681.633581815418,,,,,,,,,,
ecological,ozone depletion,national aggregate,Middle-40,ozone_footprint,2018,3214995105.0,16205.265939374283,,,,,,,,,,
ecological,ozone depletion,national aggregate,Middle-40,ozone_footprint,2019,3233967613.0,16672.718839130957,,,,,,,,,,
ecological,ozone depletion,national aggregate,Middle-40,ozone_footprint,2020,3249703015.0,16353.946617090254,,,,,,,,,,
ecological,ozone depletion,national aggregate,Middle-40,ozone_footprint,2021,3261155656.0,17377.02988724466,,,,,,,,,,
ecological,ozone depletion,national aggregate,Middle-40,ozone_footprint,2022,3270491108.0,17872.515797620435,,,,,,,,,,
ecological,ozone depletion,national aggregate,Top-20,ozone_footprint,2000,925537229.0,42841.57056886864,,,,,,,,,,
ecological,ozone depletion,national aggregate,Top-20,ozone_footprint,2001,932036528.0,43168.38978676752,,,,,,,,,,
ecological,ozone depletion,national aggregate,Top-20,ozone_footprint,2002,938669229.0,43387.74839026642,,,,,,,,,,
ecological,ozone depletion,national aggregate,Top-20,ozone_footprint,2003,945536724.0,44109.777454907606,,,,,,,,,,
ecological,ozone depletion,national aggregate,Top-20,ozone_footprint,2004,952625436.0,45340.414645573714,,,,,,,,,,
ecological,ozone depletion,national aggregate,Top-20,ozone_footprint,2005,960198702.0,46315.86108642239,,,,,,,,,,
ecological,ozone depletion,national aggregate,Top-20,ozone_footprint,2006,968597868.0,47338.75129945506,,,,,,,,,,
ecological,ozone depletion,national aggregate,Top-20,ozone_footprint,2007,977999082.0,48116.33221024317,,,,,,,,,,
ecological,ozone depletion,national aggregate,Top-20,ozone_footprint,2008,987630430.0,47807.91933225158,,,,,,,,,,
ecological,ozone depletion,national aggregate,Top-20,ozone_footprint,2009,996519621.0,45919.21545509608,,,,,,,,,,
ecological,ozone depletion,national aggregate,Top-20,ozone_footprint,2010,1004298471.0,47126.41840786978,,,,,,,,,,
ecological,ozone depletion,national aggregate,Top-20,ozone_footprint,2011,1011579211.0,47946.01860155472,,,,,,,,,,
ecological,ozone depletion,national aggregate,Top-20,ozone_footprint,2012,1018860680.0,48274.52404996078,,,,,,,,,,
ecological,ozone depletion,national aggregate,Top-20,ozone_footprint,2013,1025840434.0,48694.91910204364,,,,,,,,,,
ecological,ozone depletion,national aggregate,Top-20,ozone_footprint,2014,1032449176.0,49381.90255022027,,,,,,,,,,
ecological,ozone depletion,national aggregate,Top-20,ozone_footprint,2015,1038946701.0,50181.83804288999,,,,,,,,,,
ecological,ozone depletion,national aggregate,Top-20,ozone_footprint,2016,1045436685.0,50795.6954314738,,,,,,,,,,
ecological,ozone depletion,national aggregate,Top-20,ozone_footprint,2017,1051706513.0,51746.36506086974,,,,,,,,,,
ecological,ozone depletion,national aggregate,Top-20,ozone_footprint,2018,1057621731.0,52596.85291749837,,,,,,,,,,
ecological,ozone depletion,national aggregate,Top-20,ozone_footprint,2019,1063158403.0,53214.91427993404,,,,,,,,,,
ecological,ozone depletion,national aggregate,Top-20,ozone_footprint,2020,1066319975.0,50530.94500051039,,,,,,,,,,
ecological,ozone depletion,national aggregate,Top-20,ozone_footprint,2021,1067926913.0,53260.809722408114,,,,,,,,,,
ecological,ozone depletion,national aggregate,Top-20,ozone_footprint,2022,1070488119.0,54508.03426175838,,,,,,,,,,
social,food,global doughnut,World,undernourishment,2000,6038539859.0,11037.790569245926,13.085805434873096,,,,,,,,,
social,food,global doughnut,World,undernourishment,2001,6118588594.0,11164.29149612837,13.140673527052307,,,,,,,,,
social,food,global doughnut,World,undernourishment,2002,6198481920.0,11296.45620294422,13.177027300904026,,,,,,,,,
social,food,global doughnut,World,undernourishment,2003,6278158589.0,11566.25377830204,13.119044427040995,,,,,,,,,
social,food,global doughnut,World,undernourishment,2004,6358090965.0,12007.379619825286,12.793241548738994,,,,,,,,,
social,food,global doughnut,World,undernourishment,2005,6438489336.0,12396.121447765188,12.238760608595657,,,,,,,,,
social,food,global doughnut,World,undernourishment,2006,6519466563.0,12884.305749046784,11.355211489302334,,,,,,,,,
social,food,global doughnut,World,undernourishment,2007,6601551344.0,13385.803241808668,10.43851533691866,,,,,,,,,
social,food,global doughnut,World,undernourishment,2008,6684658261.0,13573.160481529205,9.77583564312593,,,,,,,,,
social,food,global doughnut,World,undernourishment,2009,6768780680.0,13322.867422851128,9.289986611709809,,,,,,,,,
social,food,global doughnut,World,undernourishment,2010,6853661473.0,13813.346470463706,8.930578654318662,,,,,,,,,
social,food,global doughnut,World,undernourishment,2011,6938988037.0,14197.579877010538,8.653259996793391,,,,,,,,,
social,food,global doughnut,World,undernourishment,2012,7025333950.0,14475.896609247384,8.418606575577806,,,,,,,,,
social,food,global doughnut,World,undernourishment,2013,7111912125.0,14740.075193960289,8.193773029696988,,,,,,,,,
social,food,global doughnut,World,undernourishment,2014,7198118979.0,15069.932059892652,8.123979505840841,,,,,,,,,
social,food,global doughnut,World,undernourishment,2015,7283561601.0,15378.206702314024,8.101729265583238,,,,,,,,,
social,food,global doughnut,World,undernourishment,2016,7368453796.0,15666.65075499769,8.02936060842472,,,,,,,,,
social,food,global doughnut,World,undernourishment,2017,7453019920.0,16091.285156895094,7.894138520241604,,,,,,,,,
social,food,global doughnut,World,undernourishment,2018,7535007796.0,16472.132412424613,7.881450221474993,,,,,,,,,
social,food,global doughnut,World,undernourishment,2019,7613951633.0,16760.926440433814,8.333965862940227,,,,,,,,,
social,food,global doughnut,World,undernourishment,2020,7687827383.0,16066.025338494152,8.913534724886006,,,,,,,,,
social,food,global doughnut,World,undernourishment,2021,7754098184.0,16893.935947952497,9.441514698158482,,,,,,,,,
social,food,global doughnut,World,undernourishment,2022,7817698708.0,17315.92846064459,9.619073039825317,,,,,,,,,
social,food,global doughnut,World,foodInsecurity,2000,,,,,,,,,,,,
social,food,global doughnut,World,foodInsecurity,2001,,,,,,,,,,,,
social,food,global doughnut,World,foodInsecurity,2002,,,,,,,,,,,,
social,food,global doughnut,World,foodInsecurity,2003,,,,,,,,,,,,
social,food,global doughnut,World,foodInsecurity,2004,,,,,,,,,,,,
social,food,global doughnut,World,foodInsecurity,2005,,,,,,,,,,,,
social,food,global doughnut,World,foodInsecurity,2006,,,,,,,,,,,,
social,food,global doughnut,World,foodInsecurity,2007,,,,,,,,,,,,
social,food,global doughnut,World,foodInsecurity,2008,,,,,,,,,,,,
social,food,global doughnut,World,foodInsecurity,2009,,,,,,,,,,,,
social,food,global doughnut,World,foodInsecurity,2010,,,,,,,,,,,,
social,food,global doughnut,World,foodInsecurity,2011,,,,,,,,,,,,
social,food,global doughnut,World,foodInsecurity,2012,,,,,,,,,,,,
social,food,global doughnut,World,foodInsecurity,2013,,,,,,,,,,,,
social,food,global doughnut,World,foodInsecurity,2014,,,,,,,,,,,,
social,food,global doughnut,World,foodInsecurity,2015,3923063298.0,19717.90315781096,22.24114053637173,,,,,,,,,
social,food,global doughnut,World,foodInsecurity,2016,3972650387.0,19852.53812580946,23.137563613070085,,,,,,,,,
social,food,global doughnut,World,foodInsecurity,2017,4022125116.0,20186.40877426833,23.776079272492723,,,,,,,,,
social,food,global doughnut,World,foodInsecurity,2018,4072188417.0,20466.291401425293,24.01919092306087,,,,,,,,,
social,food,global doughnut,World,foodInsecurity,2019,4122037742.0,20652.85566747838,25.343181013552204,,,,,,,,,
social,food,global doughnut,World,foodInsecurity,2020,4169859130.0,19590.58278975337,27.07015213566699,,,,,,,,,
social,food,global doughnut,World,foodInsecurity,2021,4214445497.0,20394.97541846453,28.87376141848822,,,,,,,,,
social,food,global doughnut,World,foodInsecurity,2022,4257743765.0,20761.12385793621,29.362667618515086,,,,,,,,,
social,food,national aggregate,World,undernourishment,2000,6038539859.0,11037.790569245926,13.085805434873096,,,,,,,,,
social,food,national aggregate,World,undernourishment,2001,6118588594.0,11164.29149612837,13.140673527052307,,,,,,,,,
social,food,national aggregate,World,undernourishment,2002,6198481920.0,11296.45620294422,13.177027300904026,,,,,,,,,
social,food,national aggregate,World,undernourishment,2003,6278158589.0,11566.25377830204,13.119044427040995,,,,,,,,,
social,food,national aggregate,World,undernourishment,2004,6358090965.0,12007.379619825286,12.793241548738994,,,,,,,,,
social,food,national aggregate,World,undernourishment,2005,6438489336.0,12396.121447765188,12.238760608595657,,,,,,,,,
social,food,national aggregate,World,undernourishment,2006,6519466563.0,12884.305749046784,11.355211489302334,,,,,,,,,
social,food,national aggregate,World,undernourishment,2007,6601551344.0,13385.803241808668,10.43851533691866,,,,,,,,,
social,food,national aggregate,World,undernourishment,2008,6684658261.0,13573.160481529205,9.77583564312593,,,,,,,,,
social,food,national aggregate,World,undernourishment,2009,6768780680.0,13322.867422851128,9.289986611709809,,,,,,,,,
social,food,national aggregate,World,undernourishment,2010,6853661473.0,13813.346470463706,8.930578654318662,,,,,,,,,
social,food,national aggregate,World,undernourishment,2011,6938988037.0,14197.579877010538,8.653259996793391,,,,,,,,,
social,food,national aggregate,World,undernourishment,2012,7025333950.0,14475.896609247384,8.418606575577806,,,,,,,,,
social,food,national aggregate,World,undernourishment,2013,7111912125.0,14740.075193960289,8.193773029696988,,,,,,,,,
social,food,national aggregate,World,undernourishment,2014,7198118979.0,15069.932059892652,8.123979505840841,,,,,,,,,
social,food,national aggregate,World,undernourishment,2015,7283561601.0,15378.206702314024,8.101729265583238,,,,,,,,,
social,food,national aggregate,World,undernourishment,2016,7368453796.0,15666.65075499769,8.02936060842472,,,,,,,,,
social,food,national aggregate,World,undernourishment,2017,7453019920.0,16091.285156895094,7.894138520241604,,,,,,,,,
social,food,national aggregate,World,undernourishment,2018,7535007796.0,16472.132412424613,7.881450221474993,,,,,,,,,
social,food,national aggregate,World,undernourishment,2019,7613951633.0,16760.926440433814,8.333965862940227,,,,,,,,,
social,food,national aggregate,World,undernourishment,2020,7687827383.0,16066.025338494152,8.913534724886006,,,,,,,,,
social,food,national aggregate,World,undernourishment,2021,7754098184.0,16893.935947952497,9.441514698158482,,,,,,,,,
social,food,national aggregate,World,undernourishment,2022,7817698708.0,17315.92846064459,9.619073039825317,,,,,,,,,
social,food,national aggregate,Bottom-40,undernourishment,2000,2349493648.0,2578.2934911991783,21.434236938656323,,,,,,,,,
social,food,national aggregate,Bottom-40,undernourishment,2001,2399170308.0,2651.204553558482,21.453727152036763,,,,,,,,,
social,food,national aggregate,Bottom-40,undernourishment,2002,2449741936.0,2720.810536923758,21.8636011966854,,,,,,,,,
social,food,national aggregate,Bottom-40,undernourishment,2003,2500329049.0,2834.8544408699004,22.14340749204326,,,,,,,,,
social,food,national aggregate,Bottom-40,undernourishment,2004,2550578234.0,2981.872986305376,21.799840245990275,,,,,,,,,
social,food,national aggregate,Bottom-40,undernourishment,2005,2600719757.0,3130.140062432936,20.93624363514996,,,,,,,,,
social,food,national aggregate,Bottom-40,undernourishment,2006,2650890254.0,3304.1508460524656,19.344147585937748,,,,,,,,,
social,food,national aggregate,Bottom-40,undernourishment,2007,2701134047.0,3474.590884307729,17.749837960078104,,,,,,,,,
social,food,national aggregate,Bottom-40,undernourishment,2008,2751140588.0,3552.114601242212,16.777275396585438,,,,,,,,,
social,food,national aggregate,Bottom-40,undernourishment,2009,2801772892.0,3697.038330809848,16.247595702699805,,,,,,,,,
social,food,national aggregate,Bottom-40,undernourishment,2010,2853829010.0,3872.8385886680026,15.713445915668226,,,,,,,,,
social,food,national aggregate,Bottom-40,undernourishment,2011,2906775500.0,4037.275370702675,15.238891638105525,,,,,,,,,
social,food,national aggregate,Bottom-40,undernourishment,2012,2959348479.0,4137.126781032276,14.831309458469493,,,,,,,,,
social,food,national aggregate,Bottom-40,undernourishment,2013,3010829227.0,4284.509918605761,14.45307146927068,,,,,,,,,
social,food,national aggregate,Bottom-40,undernourishment,2014,3062010054.0,4484.071457697526,14.303003398303016,,,,,,,,,
social,food,national aggregate,Bottom-40,undernourishment,2015,3113570785.0,4683.8000646441415,14.19275282848596,,,,,,,,,
social,food,national aggregate,Bottom-40,undernourishment,2016,3166876918.0,4866.86739041031,13.9416884040392,,,,,,,,,
social,food,national aggregate,Bottom-40,undernourishment,2017,3221432230.0,5075.081865253418,13.545855479380982,,,,,,,,,
social,food,national aggregate,Bottom-40,undernourishment,2018,3275903849.0,5280.281226645423,13.485215288319656,,,,,,,,,
social,food,national aggregate,Bottom-40,undernourishment,2019,3330513776.0,5415.469538098557,14.409451881486527,,,,,,,,,
social,food,national aggregate,Bottom-40,undernourishment,2020,3385534755.0,5126.031285066485,15.590195100537374,,,,,,,,,
social,food,national aggregate,Bottom-40,undernourishment,2021,3438744816.0,5343.278863029352,16.552244767935115,,,,,,,,,
social,food,national aggregate,Bottom-40,undernourishment,2022,3490550455.0,5591.401081099079,16.831571965545475,,,,,,,,,
social,food,national aggregate,Middle-40,undernourishment,2000,2769704849.0,7691.142168911503,9.486957221086918,,,,,,,,,
social,food,national aggregate,Middle-40,undernourishment,2001,2793711088.0,7901.094330103249,9.496312829288524,,,,,,,,,
social,food,national aggregate,Middle-40,undernourishment,2002,2816523035.0,8165.740390226979,9.123018876215228,,,,,,,,,
social,food,national aggregate,Middle-40,undernourishment,2003,2838875053.0,8526.402195630442,8.647800857863258,,,,,,,,,
social,food,national aggregate,Middle-40,undernourishment,2004,2861612966.0,9070.969913300336,8.134088332894422,,,,,,,,,
social,food,national aggregate,Middle-40,undernourishment,2005,2884524603.0,9580.631111195007,7.581750055851404,,,,,,,,,
social,food,national aggregate,Middle-40,undernourishment,2006,2907321606.0,10280.46436749008,6.963962626775182,,,,,,,,,
social,food,national aggregate,Middle-40,undernourishment,2007,2930234000.0,11082.820706742184,6.288468413273479,,,,,,,,,
social,food,national aggregate,Middle-40,undernourishment,2008,2954169784.0,11616.244723132915,5.621511475692488,,,,,,,,,
social,food,national aggregate,Middle-40,undernourishment,2009,2979187552.0,11625.854289056922,4.917526721694626,,,,,,,,,
social,food,national aggregate,Middle-40,undernourishment,2010,3004533109.0,12299.990425947031,4.519390892390395,,,,,,,,,
social,food,national aggregate,Middle-40,undernourishment,2011,3029849625.0,12866.651765304743,4.285580125185256,,,,,,,,,
social,food,national aggregate,Middle-40,undernourishment,2012,3056565740.0,13416.170140494523,4.099766754435977,,,,,,,,,
social,food,national aggregate,Middle-40,undernourishment,2013,3084956503.0,13856.72766678694,3.915343673226501,,,,,,,,,
social,food,national aggregate,Middle-40,undernourishment,2014,3113703743.0,14315.109183096143,3.8559366783662568,,,,,,,,,
social,food,national aggregate,Middle-40,undernourishment,2015,3141427653.0,14680.34553758381,3.860774553447913,,,,,,,,,
social,food,national aggregate,Middle-40,undernourishment,2016,3166822906.0,15089.525043301355,3.886814025653002,,,,,,,,,
social,food,national aggregate,Middle-40,undernourishment,2017,3190789331.0,15681.790137313006,3.910256610075145,,,,,,,,,
social,food,national aggregate,Middle-40,undernourishment,2018,3212534355.0,16206.235471168688,3.888176133294612,,,,,,,,,
social,food,national aggregate,Middle-40,undernourishment,2019,3231438890.0,16674.62909017034,3.93284626323229,,,,,,,,,
social,food,national aggregate,Middle-40,undernourishment,2020,3247119035.0,16357.208250424066,3.998138057048469,,,,,,,,,
social,food,national aggregate,Middle-40,undernourishment,2021,3258524112.0,17380.708500858178,4.144004824721702,,,,,,,,,
social,food,national aggregate,Middle-40,undernourishment,2022,3267814975.0,17876.212540496334,4.1780019034584415,,,,,,,,,
social,food,national aggregate,Top-20,undernourishment,2000,919341362.0,42739.57638800444,2.5925981898767216,,,,,,,,,
social,food,national aggregate,Top-20,undernourishment,2001,925707198.0,43075.8674144251,2.593990345854478,,,,,,,,,
social,food,national aggregate,Top-20,undernourishment,2002,932216949.0,43290.99572604382,2.5983135679932805,,,,,,,,,
social,food,national aggregate,Top-20,undernourishment,2003,938954487.0,44007.79449876286,2.606740122218512,,,,,,,,,
social,food,national aggregate,Top-20,undernourishment,2004,945899765.0,45227.7376563436,2.6025831901966905,,,,,,,,,
social,food,national aggregate,Top-20,undernourishment,2005,953244976.0,46196.00795477076,2.601726416127474,,,,,,,,,
social,food,national aggregate,Top-20,undernourishment,2006,961254703.0,47179.21579574922,2.605168325090629,,,,,,,,,
social,food,national aggregate,Top-20,undernourishment,2007,970183297.0,47935.759909997854,2.617051194811489,,,,,,,,,
social,food,national aggregate,Top-20,undernourishment,2008,979347889.0,47626.80764138488,2.6390804304883737,,,,,,,,,
social,food,national aggregate,Top-20,undernourishment,2009,987820236.0,45742.84248487896,2.7429831867708367,,,,,,,,,
social,food,national aggregate,Top-20,undernourishment,2010,995299354.0,46884.2391384578,2.7981686852375875,,,,,,,,,
social,food,national aggregate,Top-20,undernourishment,2011,1002362912.0,47684.68903656116,2.75765131541499,,,,,,,,,
social,food,national aggregate,Top-20,undernourishment,2012,1009419731.0,47995.29923723172,2.695908166273005,,,,,,,,,
social,food,national aggregate,Top-20,undernourishment,2013,1016126395.0,48402.23610476518,2.6364818853071914,,,,,,,,,
social,food,national aggregate,Top-20,undernourishment,2014,1022405182.0,49072.40683505207,2.6165618454386905,,,,,,,,,
social,food,national aggregate,Top-20,undernourishment,2015,1028563163.0,49882.72106513036,2.6162318150217483,,,,,,,,,
social,food,national aggregate,Top-20,undernourishment,2016,1034753972.0,50485.78704738166,2.6127077887650767,,,,,,,,,
social,food,national aggregate,Top-20,undernourishment,2017,1040798359.0,51443.53601061375,2.6146381976568818,,,,,,,,,
social,food,national aggregate,Top-20,undernourishment,2018,1046569592.0,52320.32800533014,2.5986048221626525,,,,,,,,,
social,food,national aggregate,Top-20,undernourishment,2019,1051998967.0,52944.483949561305,2.6186172407144577,,,,,,,,,
social,food,national aggregate,Top-20,undernourishment,2020,1055173593.0,50271.03648624599,2.61771031413596,,,,,,,,,
social,food,national aggregate,Top-20,undernourishment,2021,1056829256.0,52976.96625296345,2.638218452858576,,,,,,,,,
social,food,national aggregate,Top-20,undernourishment,2022,1059333278.0,54220.414031746346,2.638099420869888,,,,,,,,,
social,food,national aggregate,World,foodInsecurity,2000,,,,,,,,,,,,
social,food,national aggregate,World,foodInsecurity,2001,,,,,,,,,,,,
social,food,national aggregate,World,foodInsecurity,2002,,,,,,,,,,,,
social,food,national aggregate,World,foodInsecurity,2003,,,,,,,,,,,,
social,food,national aggregate,World,foodInsecurity,2004,,,,,,,,,,,,
social,food,national aggregate,World,foodInsecurity,2005,,,,,,,,,,,,
social,food,national aggregate,World,foodInsecurity,2006,,,,,,,,,,,,
social,food,national aggregate,World,foodInsecurity,2007,,,,,,,,,,,,
social,food,national aggregate,World,foodInsecurity,2008,,,,,,,,,,,,
social,food,national aggregate,World,foodInsecurity,2009,,,,,,,,,,,,
social,food,national aggregate,World,foodInsecurity,2010,,,,,,,,,,,,
social,food,national aggregate,World,foodInsecurity,2011,,,,,,,,,,,,
social,food,national aggregate,World,foodInsecurity,2012,,,,,,,,,,,,
social,food,national aggregate,World,foodInsecurity,2013,,,,,,,,,,,,
social,food,national aggregate,World,foodInsecurity,2014,,,,,,,,,,,,
social,food,national aggregate,World,foodInsecurity,2015,3923063298.0,19717.90315781096,22.24114053637173,,,,,,,,,
social,food,national aggregate,World,foodInsecurity,2016,3972650387.0,19852.53812580946,23.137563613070085,,,,,,,,,
social,food,national aggregate,World,foodInsecurity,2017,4022125116.0,20186.40877426833,23.776079272492723,,,,,,,,,
social,food,national aggregate,World,foodInsecurity,2018,4072188417.0,20466.291401425293,24.01919092306087,,,,,,,,,
social,food,national aggregate,World,foodInsecurity,2019,4122037742.0,20652.85566747838,25.343181013552204,,,,,,,,,
social,food,national aggregate,World,foodInsecurity,2020,4169859130.0,19590.58278975337,27.07015213566699,,,,,,,,,
social,food,national aggregate,World,foodInsecurity,2021,4214445497.0,20394.97541846453,28.87376141848822,,,,,,,,,
social,food,national aggregate,World,foodInsecurity,2022,4257743765.0,20761.12385793621,29.362667618515086,,,,,,,,,
social,food,national aggregate,Bottom-40,foodInsecurity,2000,,,,,,,,,,,,
social,food,national aggregate,Bottom-40,foodInsecurity,2001,,,,,,,,,,,,
social,food,national aggregate,Bottom-40,foodInsecurity,2002,,,,,,,,,,,,
social,food,national aggregate,Bottom-40,foodInsecurity,2003,,,,,,,,,,,,
social,food,national aggregate,Bottom-40,foodInsecurity,2004,,,,,,,,,,,,
social,food,national aggregate,Bottom-40,foodInsecurity,2005,,,,,,,,,,,,
social,food,national aggregate,Bottom-40,foodInsecurity,2006,,,,,,,,,,,,
social,food,national aggregate,Bottom-40,foodInsecurity,2007,,,,,,,,,,,,
social,food,national aggregate,Bottom-40,foodInsecurity,2008,,,,,,,,,,,,
social,food,national aggregate,Bottom-40,foodInsecurity,2009,,,,,,,,,,,,
social,food,national aggregate,Bottom-40,foodInsecurity,2010,,,,,,,,,,,,
social,food,national aggregate,Bottom-40,foodInsecurity,2011,,,,,,,,,,,,
social,food,national aggregate,Bottom-40,foodInsecurity,2012,,,,,,,,,,,,
social,food,national aggregate,Bottom-40,foodInsecurity,2013,,,,,,,,,,,,
social,food,national aggregate,Bottom-40,foodInsecurity,2014,,,,,,,,,,,,
social,food,national aggregate,Bottom-40,foodInsecurity,2015,1449583240.0,4294.9846833266765,37.75155143053392,,,,,,,,,
social,food,national aggregate,Bottom-40,foodInsecurity,2016,1479887659.0,4385.526813363873,39.21640661536187,,,,,,,,,
social,food,national aggregate,Bottom-40,foodInsecurity,2017,1510967479.0,4485.753124017291,40.62228148200931,,,,,,,,,
social,food,national aggregate,Bottom-40,foodInsecurity,2018,1542626961.0,4624.083661898014,41.5100393034684,,,,,,,,,
social,food,national aggregate,Bottom-40,foodInsecurity,2019,1574950684.0,4750.998600481812,44.44453186071952,,,,,,,,,
social,food,national aggregate,Bottom-40,foodInsecurity,2020,1608523198.0,4594.407736180415,47.7500011407358,,,,,,,,,
social,food,national aggregate,Bottom-40,foodInsecurity,2021,1642488813.0,4689.057653289586,51.22737857862049,,,,,,,,,
social,food,national aggregate,Bottom-40,foodInsecurity,2022,1676325870.0,4862.916708054187,52.44756286532761,,,,,,,,,
social,food,national aggregate,Middle-40,foodInsecurity,2000,,,,,,,,,,,,
social,food,national aggregate,Middle-40,foodInsecurity,2001,,,,,,,,,,,,
social,food,national aggregate,Middle-40,foodInsecurity,2002,,,,,,,,,,,,
social,food,national aggregate,Middle-40,foodInsecurity,2003,,,,,,,,,,,,
social,food,national aggregate,Middle-40,foodInsecurity,2004,,,,,,,,,,,,
social,food,national aggregate,Middle-40,foodInsecurity,2005,,,,,,,,,,,,
social,food,national aggregate,Middle-40,foodInsecurity,2006,,,,,,,,,,,,
social,food,national aggregate,Middle-40,foodInsecurity,2007,,,,,,,,,,,,
social,food,national aggregate,Middle-40,foodInsecurity,2008,,,,,,,,,,,,
social,food,national aggregate,Middle-40,foodInsecurity,2009,,,,,,,,,,,,
social,food,national aggregate,Middle-40,foodInsecurity,2010,,,,,,,,,,,,
social,food,national aggregate,Middle-40,foodInsecurity,2011,,,,,,,,,,,,
social,food,national aggregate,Middle-40,foodInsecurity,2012,,,,,,,,,,,,
social,food,national aggregate,Middle-40,foodInsecurity,2013,,,,,,,,,,,,
social,food,national aggregate,Middle-40,foodInsecurity,2014,,,,,,,,,,,,
social,food,national aggregate,Middle-40,foodInsecurity,2015,1565193727.0,16079.587300198678,16.619241827308958,,,,,,,,,
social,food,national aggregate,Middle-40,foodInsecurity,2016,1579174696.0,16218.503411073689,17.448842128546872,,,,,,,,,
social,food,national aggregate,Middle-40,foodInsecurity,2017,1592456626.0,16584.387158034846,17.66445074856312,,,,,,,,,
social,food,national aggregate,Middle-40,foodInsecurity,2018,1605963192.0,16878.062253726737,17.305697632514608,,,,,,,,,
social,food,national aggregate,Middle-40,foodInsecurity,2019,1618826931.0,17085.387635128216,17.657665469922925,,,,,,,,,
social,food,national aggregate,Middle-40,foodInsecurity,2020,1629881056.0,16320.00967967045,18.50852265970505,,,,,,,,,
social,food,national aggregate,Middle-40,foodInsecurity,2021,1638612894.0,17035.221827261616,19.03363580397897,,,,,,,,,
social,food,national aggregate,Middle-40,foodInsecurity,2022,1645968932.0,17453.068711162152,18.311490440817145,,,,,,,,,
social,food,national aggregate,Top-20,foodInsecurity,2000,,,,,,,,,,,,
social,food,national aggregate,Top-20,foodInsecurity,2001,,,,,,,,,,,,
social,food,national aggregate,Top-20,foodInsecurity,2002,,,,,,,,,,,,
social,food,national aggregate,Top-20,foodInsecurity,2003,,,,,,,,,,,,
social,food,national aggregate,Top-20,foodInsecurity,2004,,,,,,,,,,,,
social,food,national aggregate,Top-20,foodInsecurity,2005,,,,,,,,,,,,
social,food,national aggregate,Top-20,foodInsecurity,2006,,,,,,,,,,,,
social,food,national aggregate,Top-20,foodInsecurity,2007,,,,,,,,,,,,
social,food,national aggregate,Top-20,foodInsecurity,2008,,,,,,,,,,,,
social,food,national aggregate,Top-20,foodInsecurity,2009,,,,,,,,,,,,
social,food,national aggregate,Top-20,foodInsecurity,2010,,,,,,,,,,,,
social,food,national aggregate,Top-20,foodInsecurity,2011,,,,,,,,,,,,
social,food,national aggregate,Top-20,foodInsecurity,2012,,,,,,,,,,,,
social,food,national aggregate,Top-20,foodInsecurity,2013,,,,,,,,,,,,
social,food,national aggregate,Top-20,foodInsecurity,2014,,,,,,,,,,,,
social,food,national aggregate,Top-20,foodInsecurity,2015,908286331.0,50601.85718450449,7.175108364148662,,,,,,,,,
social,food,national aggregate,Top-20,foodInsecurity,2016,913588032.0,51188.560299968056,6.925227428329533,,,,,,,,,
social,food,national aggregate,Top-20,foodInsecurity,2017,918701011.0,52252.60106484495,6.663264377968558,,,,,,,,,
social,food,national aggregate,Top-20,foodInsecurity,2018,923598264.0,53165.768970412006,6.4788470317003535,,,,,,,,,
social,food,national aggregate,Top-20,foodInsecurity,2019,928260127.0,53854.49074189595,6.3375536810060575,,,,,,,,,
social,food,national aggregate,Top-20,foodInsecurity,2020,931454876.0,51210.30089763107,6.33959431481896,,,,,,,,,
social,food,national aggregate,Top-20,foodInsecurity,2021,933343790.0,53932.59587277294,6.811784228831693,,,,,,,,,
social,food,national aggregate,Top-20,foodInsecurity,2022,935448963.0,55071.42105038602,7.439597923526694,,,,,,,,,
social,health,global doughnut,World,under5death,2000,6080349440.0,11004.692300065402,75.39809756394527,,,,,,,,,
social,health,global doughnut,World,under5death,2001,6161487045.0,11128.904435397217,74.89198026870152,,,,,,,,,
social,health,global doughnut,World,under5death,2002,6242484048.0,11261.540212469794,75.02519549890566,,,,,,,,,
social,health,global doughnut,World,under5death,2003,6323318885.0,11529.855585079831,73.2704568322589,,,,,,,,,
social,health,global doughnut,World,under5death,2004,6404505397.0,11968.080375877786,73.44222831326314,,,,,,,,,
social,health,global doughnut,World,under5death,2005,6486299657.0,12355.022759039311,50.0908631548288,,,,,,,,,
social,health,global doughnut,World,under5death,2006,6568898891.0,12844.695936427976,46.50634571625956,,,,,,,,,
social,health,global doughnut,World,under5death,2007,6652767624.0,13345.289295115152,46.67916610820736,,,,,,,,,
social,health,global doughnut,World,under5death,2008,6746573694.0,13513.566804047388,46.75516337730528,,,,,,,,,
social,health,global doughnut,World,under5death,2009,6833042228.0,13265.06149154049,46.9379870192718,,,,,,,,,
social,health,global doughnut,World,under5death,2010,6920123340.0,13756.612286521296,47.08784129850495,,,,,,,,,
social,health,global doughnut,World,under5death,2011,7007405605.0,14139.65472043299,47.3255626537976,,,,,,,,,
social,health,global doughnut,World,under5death,2012,7095686622.0,14416.13979162458,47.84124009190213,,,,,,,,,
social,health,global doughnut,World,under5death,2013,7184298155.0,14677.34576588204,47.591472238946906,,,,,,,,,
social,health,global doughnut,World,under5death,2014,7272468061.0,15007.36963524638,46.04565729147449,,,,,,,,,
social,health,global doughnut,World,under5death,2015,7359806725.0,15311.021665523283,46.270626868941314,,,,,,,,,
social,health,global doughnut,World,under5death,2016,7446454318.0,15597.754414036095,45.83338304715026,,,,,,,,,
social,health,global doughnut,World,under5death,2017,7532610434.0,16013.618660403028,46.07483160598028,,,,,,,,,
social,health,global doughnut,World,under5death,2018,7616372776.0,16383.639630409049,42.82796063079673,,,,,,,,,
social,health,global doughnut,World,under5death,2019,7697333553.0,16667.708536867154,42.898325404036186,,,,,,,,,
social,health,global doughnut,World,under5death,2020,7773158688.0,15973.23852919758,42.938348269572856,,,,,,,,,
social,health,global doughnut,World,under5death,2021,7841335501.0,16791.987637107857,42.32263256146575,,,,,,,,,
social,health,global doughnut,World,under5death,2022,7906974721.0,17210.951021450393,42.615680318930416,,,,,,,,,
social,health,global doughnut,World,UHCindex,2000,6077209486.0,11007.767931513734,79.0527272437684,,,,,,,,,
social,health,global doughnut,World,UHCindex,2001,6158256967.0,11132.480905750974,79.17547648836201,,,,,,,,,
social,health,global doughnut,World,UHCindex,2002,6239174562.0,11265.59324599464,79.10786593567984,,,,,,,,,
social,health,global doughnut,World,UHCindex,2003,6319934695.0,11533.875185856185,77.88501083554313,,,,,,,,,
social,health,global doughnut,World,UHCindex,2004,6401045272.0,11972.00584721062,74.45193790218205,,,,,,,,,
social,health,global doughnut,World,UHCindex,2005,6482758464.0,12358.939184392286,73.8919063790682,,,,,,,,,
social,health,global doughnut,World,UHCindex,2006,6565271223.0,12849.005369366014,72.04726189268662,,,,,,,,,
social,health,global doughnut,World,UHCindex,2007,6649049746.0,13349.8635488153,51.46573704097536,,,,,,,,,
social,health,global doughnut,World,UHCindex,2008,6742764876.0,13518.151400164685,48.78392099520096,,,,,,,,,
social,health,global doughnut,World,UHCindex,2009,6829142830.0,13269.447752151573,46.82074255283953,,,,,,,,,
social,health,global doughnut,World,UHCindex,2010,6916131062.0,13761.242409775696,47.03946657221401,,,,,,,,,
social,health,global doughnut,World,UHCindex,2011,7003317861.0,14144.298381291468,45.7950479994642,,,,,,,,,
social,health,global doughnut,World,UHCindex,2012,7091502461.0,14420.846963440765,45.449454833094784,,,,,,,,,
social,health,global doughnut,World,UHCindex,2013,7180016361.0,14682.130947670592,44.55795205951899,,,,,,,,,
social,health,global doughnut,World,UHCindex,2014,7268087586.0,15012.430088555942,44.73200910873008,,,,,,,,,
social,health,global doughnut,World,UHCindex,2015,7355322111.0,15316.206427622728,43.8783725348123,,,,,,,,,
social,health,global doughnut,World,UHCindex,2016,7441860470.0,15602.902072428058,44.34826026777146,,,,,,,,,
social,health,global doughnut,World,UHCindex,2017,7527909487.0,16019.093260428568,24.963895677084142,,,,,,,,,
social,health,global doughnut,World,UHCindex,2018,7611567229.0,16389.318155033354,25.43888323843116,,,,,,,,,
social,health,global doughnut,World,UHCindex,2019,7692423778.0,16673.652092650795,24.776366994377,,,,,,,,,
social,health,global doughnut,World,UHCindex,2020,7768139287.0,15979.508080349024,27.200485932790407,,,,,,,,,
social,health,global doughnut,World,UHCindex,2021,7836202109.0,16798.5472914841,27.745798701425507,,,,,,,,,
social,health,global doughnut,World,UHCindex,2022,7901724649.0,17217.777742867125,28.068373001085067,,,,,,,,,
social,health,national aggregate,World,under5death,2000,6080349440.0,11004.692300065402,75.39809756394527,,,,,,,,,
social,health,national aggregate,World,under5death,2001,6161487045.0,11128.904435397217,74.89198026870152,,,,,,,,,
social,health,national aggregate,World,under5death,2002,6242484048.0,11261.540212469794,75.02519549890566,,,,,,,,,
social,health,national aggregate,World,under5death,2003,6323318885.0,11529.855585079831,73.2704568322589,,,,,,,,,
social,health,national aggregate,World,under5death,2004,6404505397.0,11968.080375877786,73.44222831326314,,,,,,,,,
social,health,national aggregate,World,under5death,2005,6486299657.0,12355.022759039311,50.0908631548288,,,,,,,,,
social,health,national aggregate,World,under5death,2006,6568898891.0,12844.695936427976,46.50634571625956,,,,,,,,,
social,health,national aggregate,World,under5death,2007,6652767624.0,13345.289295115152,46.67916610820736,,,,,,,,,
social,health,national aggregate,World,under5death,2008,6746573694.0,13513.566804047388,46.75516337730528,,,,,,,,,
social,health,national aggregate,World,under5death,2009,6833042228.0,13265.06149154049,46.9379870192718,,,,,,,,,
social,health,national aggregate,World,under5death,2010,6920123340.0,13756.612286521296,47.08784129850495,,,,,,,,,
social,health,national aggregate,World,under5death,2011,7007405605.0,14139.65472043299,47.3255626537976,,,,,,,,,
social,health,national aggregate,World,under5death,2012,7095686622.0,14416.13979162458,47.84124009190213,,,,,,,,,
social,health,national aggregate,World,under5death,2013,7184298155.0,14677.34576588204,47.591472238946906,,,,,,,,,
social,health,national aggregate,World,under5death,2014,7272468061.0,15007.36963524638,46.04565729147449,,,,,,,,,
social,health,national aggregate,World,under5death,2015,7359806725.0,15311.021665523283,46.270626868941314,,,,,,,,,
social,health,national aggregate,World,under5death,2016,7446454318.0,15597.754414036095,45.83338304715026,,,,,,,,,
social,health,national aggregate,World,under5death,2017,7532610434.0,16013.618660403028,46.07483160598028,,,,,,,,,
social,health,national aggregate,World,under5death,2018,7616372776.0,16383.639630409049,42.82796063079673,,,,,,,,,
social,health,national aggregate,World,under5death,2019,7697333553.0,16667.708536867154,42.898325404036186,,,,,,,,,
social,health,national aggregate,World,under5death,2020,7773158688.0,15973.23852919758,42.938348269572856,,,,,,,,,
social,health,national aggregate,World,under5death,2021,7841335501.0,16791.987637107857,42.32263256146575,,,,,,,,,
social,health,national aggregate,World,under5death,2022,7906974721.0,17210.951021450393,42.615680318930416,,,,,,,,,
social,health,national aggregate,Bottom-40,under5death,2000,2390496925.0,2590.9974391428664,98.8412427679655,,,,,,,,,
social,health,national aggregate,Bottom-40,under5death,2001,2441157194.0,2663.2031090486253,98.84662015747274,,,,,,,,,
social,health,national aggregate,Bottom-40,under5death,2002,2492714585.0,2731.9750022323224,98.85167334550658,,,,,,,,,
social,health,national aggregate,Bottom-40,under5death,2003,2544324485.0,2846.256099720923,98.85618272466532,,,,,,,,,
social,health,national aggregate,Bottom-40,under5death,2004,2595669620.0,2992.2508778064066,98.85954630851673,,,,,,,,,
social,health,national aggregate,Bottom-40,under5death,2005,2646943702.0,3139.9579892205297,98.63383014256492,,,,,,,,,
social,health,national aggregate,Bottom-40,under5death,2006,2698319942.0,3312.081416215672,95.51667531648106,,,,,,,,,
social,health,national aggregate,Bottom-40,under5death,2007,2749859301.0,3481.6419270781485,95.3890627802706,,,,,,,,,
social,health,national aggregate,Bottom-40,under5death,2008,2810086898.0,3550.327833144699,95.42634980108718,,,,,,,,,
social,health,national aggregate,Bottom-40,under5death,2009,2862628786.0,3690.6612219346794,95.25955350328124,,,,,,,,,
social,health,national aggregate,Bottom-40,under5death,2010,2916557172.0,3860.087593058656,94.99411565109548,,,,,,,,,
social,health,national aggregate,Bottom-40,under5death,2011,2971219398.0,4025.339575358574,94.91806545482171,,,,,,,,,
social,health,national aggregate,Bottom-40,under5death,2012,3025496765.0,4118.907239318242,95.71415201959404,,,,,,,,,
social,health,national aggregate,Bottom-40,under5death,2013,3078734496.0,4261.941562979554,94.56407831797652,,,,,,,,,
social,health,national aggregate,Bottom-40,under5death,2014,3131533963.0,4461.00717186334,93.49749351576808,,,,,,,,,
social,health,national aggregate,Bottom-40,under5death,2015,3184625696.0,4655.56473539207,93.52194638575196,,,,,,,,,
social,health,national aggregate,Bottom-40,under5death,2016,3239351100.0,4835.955023097456,93.55558522199092,,,,,,,,,
social,health,national aggregate,Bottom-40,under5death,2017,3295224355.0,5037.397493099811,93.59174886894766,,,,,,,,,
social,health,national aggregate,Bottom-40,under5death,2018,3351275676.0,5234.702054758413,93.62872685977148,,,,,,,,,
social,health,national aggregate,Bottom-40,under5death,2019,3407742141.0,5364.77105881448,93.16413175171635,,,,,,,,,
social,health,national aggregate,Bottom-40,under5death,2020,3464675412.0,5076.04284296782,92.60119631662629,,,,,,,,,
social,health,national aggregate,Bottom-40,under5death,2021,3519786549.0,5287.298647675415,91.79247846486388,,,,,,,,,
social,health,national aggregate,Bottom-40,under5death,2022,3573523686.0,5529.041654165806,91.81336902435744,,,,,,,,,
social,health,national aggregate,Middle-40,under5death,2000,2771079507.0,7692.85018485735,80.1734821533578,,,,,,,,,
social,health,national aggregate,Middle-40,under5death,2001,2795128241.0,7902.984182376066,78.76054667933212,,,,,,,,,
social,health,national aggregate,Middle-40,under5death,2002,2817982774.0,8168.321690814426,78.75654182405589,,,,,,,,,
social,health,national aggregate,Middle-40,under5death,2003,2840378133.0,8528.850379276693,74.5641063559054,,,,,,,,,
social,health,national aggregate,Middle-40,under5death,2004,2863160639.0,9073.696198278563,74.65680538087337,,,,,,,,,
social,health,national aggregate,Middle-40,under5death,2005,2886128730.0,9583.909852877112,22.114797699962608,,,,,,,,,
social,health,national aggregate,Middle-40,under5death,2006,2908976565.0,10285.251123919892,16.41846605938539,,,,,,,,,
social,health,national aggregate,Middle-40,under5death,2007,2931945847.0,11087.96033204242,16.452944910070162,,,,,,,,,
social,health,national aggregate,Middle-40,under5death,2008,2955942444.0,11621.247297116652,15.99517612258353,,,,,,,,,
social,health,national aggregate,Middle-40,under5death,2009,2981024091.0,11630.725189742872,16.114095671023545,,,,,,,,,
social,health,national aggregate,Middle-40,under5death,2010,3006436061.0,12302.342501699068,16.231145219755266,,,,,,,,,
social,health,national aggregate,Middle-40,under5death,2011,3031818549.0,12869.064810164246,16.36213213233428,,,,,,,,,
social,health,national aggregate,Middle-40,under5death,2012,3058599742.0,13418.780155524284,16.30928993912143,,,,,,,,,
social,health,national aggregate,Middle-40,under5death,2013,3087056858.0,13858.936902267154,16.447263051997858,,,,,,,,,
social,health,national aggregate,Middle-40,under5death,2014,3115874201.0,14317.047425141602,13.503432066190788,,,,,,,,,
social,health,national aggregate,Middle-40,under5death,2015,3143671521.0,14682.35031361053,13.586176836444356,,,,,,,,,
social,health,national aggregate,Middle-40,under5death,2016,3169140069.0,15090.746063579065,12.065356648015042,,,,,,,,,
social,health,national aggregate,Middle-40,under5death,2017,3193178974.0,15681.633581815418,12.106414114199913,,,,,,,,,
social,health,national aggregate,Middle-40,under5death,2018,3214995105.0,16205.265939374283,3.86253729614932,,,,,,,,,
social,health,national aggregate,Middle-40,under5death,2019,3233967613.0,16672.718839130957,3.934294718615662,,,,,,,,,
social,health,national aggregate,Middle-40,under5death,2020,3249703015.0,16353.946617090254,3.979904268267419,,,,,,,,,
social,health,national aggregate,Middle-40,under5death,2021,3261155656.0,17377.02988724466,2.691079827438939,,,,,,,,,
social,health,national aggregate,Middle-40,under5death,2022,3270491108.0,17872.515797620435,2.7102529275551235,,,,,,,,,
social,health,national aggregate,Top-20,under5death,2000,918773008.0,42884.48116386297,0.0,,,,,,,,,
social,health,national aggregate,Top-20,under5death,2001,925201610.0,43211.60746647441,0.0,,,,,,,,,
social,health,national aggregate,Top-20,under5death,2002,931786689.0,43434.57774070831,0.0,,,,,,,,,
social,health,national aggregate,Top-20,under5death,2003,938616267.0,44150.09180789237,0.0,,,,,,,,,
social,health,national aggregate,Top-20,under5death,2004,945675138.0,45367.89551820015,0.0,,,,,,,,,
social,health,national aggregate,Top-20,under5death,2005,953227225.0,46333.85317750791,0.0,,,,,,,,,
social,health,national aggregate,Top-20,under5death,2006,961602384.0,47336.50813464364,0.0,,,,,,,,,
social,health,national aggregate,Top-20,under5death,2007,970962476.0,48096.38377034041,0.0,,,,,,,,,
social,health,national aggregate,Top-20,under5death,2008,980544352.0,47771.22661658624,0.0,,,,,,,,,
social,health,national aggregate,Top-20,under5death,2009,989389351.0,45891.19565832546,0.0,,,,,,,,,
social,health,national aggregate,Top-20,under5death,2010,997130107.0,47088.21962921867,0.0,,,,,,,,,
social,health,national aggregate,Top-20,under5death,2011,1004367658.0,47896.26480699086,0.0,,,,,,,,,
social,health,national aggregate,Top-20,under5death,2012,1011590115.0,48229.01241060337,0.0,,,,,,,,,
social,health,national aggregate,Top-20,under5death,2013,1018506801.0,48641.51652091816,0.0,,,,,,,,,
social,health,national aggregate,Top-20,under5death,2014,1025059897.0,49324.63198058534,0.0,,,,,,,,,
social,health,national aggregate,Top-20,under5death,2015,1031509508.0,50124.058180348926,0.0,,,,,,,,,
social,health,national aggregate,Top-20,under5death,2016,1037963149.0,50731.97590244021,0.0,,,,,,,,,
social,health,national aggregate,Top-20,under5death,2017,1044207105.0,51666.69831359288,0.0,,,,,,,,,
social,health,national aggregate,Top-20,under5death,2018,1050101995.0,52510.25783958397,0.0,,,,,,,,,
social,health,national aggregate,Top-20,under5death,2019,1055623799.0,53140.25987785476,0.0,,,,,,,,,
social,health,national aggregate,Top-20,under5death,2020,1058780261.0,50463.92472529489,0.0,,,,,,,,,
social,health,national aggregate,Top-20,under5death,2021,1060393296.0,53180.50108580106,0.0,,,,,,,,,
social,health,national aggregate,Top-20,under5death,2022,1062959927.0,54448.4207495699,0.0,,,,,,,,,
social,health,national aggregate,World,UHCindex,2000,6077209486.0,11007.767931513734,79.0527272437684,,,,,,,,,
social,health,national aggregate,World,UHCindex,2001,6158256967.0,11132.480905750974,79.17547648836201,,,,,,,,,
social,health,national aggregate,World,UHCindex,2002,6239174562.0,11265.59324599464,79.10786593567984,,,,,,,,,
social,health,national aggregate,World,UHCindex,2003,6319934695.0,11533.875185856185,77.88501083554313,,,,,,,,,
social,health,national aggregate,World,UHCindex,2004,6401045272.0,11972.00584721062,74.45193790218205,,,,,,,,,
social,health,national aggregate,World,UHCindex,2005,6482758464.0,12358.939184392286,73.8919063790682,,,,,,,,,
social,health,national aggregate,World,UHCindex,2006,6565271223.0,12849.005369366014,72.04726189268662,,,,,,,,,
social,health,national aggregate,World,UHCindex,2007,6649049746.0,13349.8635488153,51.46573704097536,,,,,,,,,
social,health,national aggregate,World,UHCindex,2008,6742764876.0,13518.151400164685,48.78392099520096,,,,,,,,,
social,health,national aggregate,World,UHCindex,2009,6829142830.0,13269.447752151573,46.82074255283953,,,,,,,,,
social,health,national aggregate,World,UHCindex,2010,6916131062.0,13761.242409775696,47.03946657221401,,,,,,,,,
social,health,national aggregate,World,UHCindex,2011,7003317861.0,14144.298381291468,45.7950479994642,,,,,,,,,
social,health,national aggregate,World,UHCindex,2012,7091502461.0,14420.846963440765,45.449454833094784,,,,,,,,,
social,health,national aggregate,World,UHCindex,2013,7180016361.0,14682.130947670592,44.55795205951899,,,,,,,,,
social,health,national aggregate,World,UHCindex,2014,7268087586.0,15012.430088555942,44.73200910873008,,,,,,,,,
social,health,national aggregate,World,UHCindex,2015,7355322111.0,15316.206427622728,43.8783725348123,,,,,,,,,
social,health,national aggregate,World,UHCindex,2016,7441860470.0,15602.902072428058,44.34826026777146,,,,,,,,,
social,health,national aggregate,World,UHCindex,2017,7527909487.0,16019.093260428568,24.963895677084142,,,,,,,,,
social,health,national aggregate,World,UHCindex,2018,7611567229.0,16389.318155033354,25.43888323843116,,,,,,,,,
social,health,national aggregate,World,UHCindex,2019,7692423778.0,16673.652092650795,24.776366994377,,,,,,,,,
social,health,national aggregate,World,UHCindex,2020,7768139287.0,15979.508080349024,27.200485932790407,,,,,,,,,
social,health,national aggregate,World,UHCindex,2021,7836202109.0,16798.5472914841,27.745798701425507,,,,,,,,,
social,health,national aggregate,World,UHCindex,2022,7901724649.0,17217.777742867125,28.068373001085067,,,,,,,,,
social,health,national aggregate,Bottom-40,UHCindex,2000,2387356971.0,2587.7606554050494,100.0,,,,,,,,,
social,health,national aggregate,Bottom-40,UHCindex,2001,2437927116.0,2661.0209059382028,100.0,,,,,,,,,
social,health,national aggregate,Bottom-40,UHCindex,2002,2489405099.0,2730.7936384665823,99.55129637179232,,,,,,,,,
social,health,national aggregate,Bottom-40,UHCindex,2003,2540940295.0,2844.688437488286,99.55924910860608,,,,,,,,,
social,health,national aggregate,Bottom-40,UHCindex,2004,2592209495.0,2989.963110425705,99.33412214432153,,,,,,,,,
social,health,national aggregate,Bottom-40,UHCindex,2005,2643402509.0,3137.2179285498087,99.34614834702045,,,,,,,,,
social,health,national aggregate,Bottom-40,UHCindex,2006,2694692274.0,3309.7477306010096,99.35818029513524,,,,,,,,,
social,health,national aggregate,Bottom-40,UHCindex,2007,2746141423.0,3479.36331276722,98.37504239125268,,,,,,,,,
social,health,national aggregate,Bottom-40,UHCindex,2008,2806278080.0,3547.820843438134,98.19122479836354,,,,,,,,,
social,health,national aggregate,Bottom-40,UHCindex,2009,2858729388.0,3688.079656470388,98.1870095078758,,,,,,,,,
social,health,national aggregate,Bottom-40,UHCindex,2010,2912564894.0,3857.516958987994,98.20104870082253,,,,,,,,,
social,health,national aggregate,Bottom-40,UHCindex,2011,2967131654.0,4022.3657612354673,94.69542240271622,,,,,,,,,
social,health,national aggregate,Bottom-40,UHCindex,2012,3021312604.0,4115.695271671583,93.33519332844249,,,,,,,,,
social,health,national aggregate,Bottom-40,UHCindex,2013,3074452702.0,4258.611236354349,93.36912836982717,,,,,,,,,
social,health,national aggregate,Bottom-40,UHCindex,2014,3127153488.0,4457.9954043664175,93.399799920534,,,,,,,,,
social,health,national aggregate,Bottom-40,UHCindex,2015,3180141082.0,4652.530273786089,91.9724607362561,,,,,,,,,
social,health,national aggregate,Bottom-40,UHCindex,2016,3234757252.0,4832.514296563375,92.52688640390132,,,,,,,,,
social,health,national aggregate,Bottom-40,UHCindex,2017,3290523408.0,5034.241052859113,47.65855800287928,,,,,,,,,
social,health,national aggregate,Bottom-40,UHCindex,2018,3346470129.0,5231.607967203087,48.45594499552755,,,,,,,,,
social,health,national aggregate,Bottom-40,UHCindex,2019,3402832366.0,5361.898589950597,46.65356956346759,,,,,,,,,
social,health,national aggregate,Bottom-40,UHCindex,2020,3459656011.0,5074.310113385977,51.77396909706813,,,,,,,,,
social,health,national aggregate,Bottom-40,UHCindex,2021,3514653157.0,5285.120537739254,52.618819194624734,,,,,,,,,
social,health,national aggregate,Bottom-40,UHCindex,2022,3568273614.0,5526.971187272155,52.97215383326823,,,,,,,,,
social,health,national aggregate,Middle-40,UHCindex,2000,2771079507.0,7692.85018485735,87.01715035273436,,,,,,,,,
social,health,national aggregate,Middle-40,UHCindex,2001,2795128241.0,7902.984182376066,87.01332240591103,,,,,,,,,
social,health,national aggregate,Middle-40,UHCindex,2002,2817982774.0,8168.321690814426,87.00430409373396,,,,,,,,,
social,health,national aggregate,Middle-40,UHCindex,2003,2840378133.0,8528.850379276693,84.06010112738747,,,,,,,,,
social,health,national aggregate,Middle-40,UHCindex,2004,2863160639.0,9073.696198278563,76.34857762516202,,,,,,,,,
social,health,national aggregate,Middle-40,UHCindex,2005,2886128730.0,9583.909852877112,74.80558685959929,,,,,,,,,
social,health,national aggregate,Middle-40,UHCindex,2006,2908976565.0,10285.251123919892,70.3610663154311,,,,,,,,,
social,health,national aggregate,Middle-40,UHCindex,2007,2931945847.0,11087.96033204242,24.5309024631518,,,,,,,,,
social,health,national aggregate,Middle-40,UHCindex,2008,2955942444.0,11621.247297116652,18.060780347183243,,,,,,,,,
social,health,national aggregate,Middle-40,UHCindex,2009,2981024091.0,11630.725189742872,13.101352926973044,,,,,,,,,
social,health,national aggregate,Middle-40,UHCindex,2010,3006436061.0,12302.342501699068,13.076675539516822,,,,,,,,,
social,health,national aggregate,Middle-40,UHCindex,2011,3031818549.0,12869.064810164246,13.108796472370946,,,,,,,,,
social,health,national aggregate,Middle-40,UHCindex,2012,3058599742.0,13418.780155524284,13.179274243200403,,,,,,,,,
social,health,national aggregate,Middle-40,UHCindex,2013,3087056858.0,13858.936902267154,10.64698750683004,,,,,,,,,
social,health,national aggregate,Middle-40,UHCindex,2014,3115874201.0,14317.047425141602,10.603974316227536,,,,,,,,,
social,health,national aggregate,Middle-40,UHCindex,2015,3143671521.0,14682.35031361053,9.623830828984374,,,,,,,,,
social,health,national aggregate,Middle-40,UHCindex,2016,3169140069.0,15090.746063579065,9.697125255084456,,,,,,,,,
social,health,national aggregate,Middle-40,UHCindex,2017,3193178974.0,15681.633581815418,9.74087160577677,,,,,,,,,
social,health,national aggregate,Middle-40,UHCindex,2018,3214995105.0,16205.265939374283,9.789563116613206,,,,,,,,,
social,health,national aggregate,Middle-40,UHCindex,2019,3233967613.0,16672.718839130957,9.844266210961589,,,,,,,,,
social,health,national aggregate,Middle-40,UHCindex,2020,3249703015.0,16353.946617090254,9.901532494347029,,,,,,,,,
social,health,national aggregate,Middle-40,UHCindex,2021,3261155656.0,17377.02988724466,9.961127504059254,,,,,,,,,
social,health,national aggregate,Middle-40,UHCindex,2022,3270491108.0,17872.515797620435,10.019723313065189,,,,,,,,,
social,health,national aggregate,Top-20,UHCindex,2000,918773008.0,42884.48116386297,0.6017206591685157,,,,,,,,,
social,health,national aggregate,Top-20,UHCindex,2001,925201610.0,43211.60746647441,0.6234568701193678,,,,,,,,,
social,health,national aggregate,Top-20,UHCindex,2002,931786689.0,43434.57774070831,0.6092057406499397,,,,,,,,,
social,health,national aggregate,Top-20,UHCindex,2003,938616267.0,44150.09180789237,0.5237510975291887,,,,,,,,,
social,health,national aggregate,Top-20,UHCindex,2004,945675138.0,45367.89551820015,0.5045371088099813,,,,,,,,,
social,health,national aggregate,Top-20,UHCindex,2005,953227225.0,46333.85317750791,0.5381406306350514,,,,,,,,,
social,health,national aggregate,Top-20,UHCindex,2006,961602384.0,47336.50813464364,0.6150165700920309,,,,,,,,,
social,health,national aggregate,Top-20,UHCindex,2007,970962476.0,48096.38377034041,0.1268733890803829,,,,,,,,,
social,health,national aggregate,Top-20,UHCindex,2008,980544352.0,47771.22661658624,0.0,,,,,,,,,
social,health,national aggregate,Top-20,UHCindex,2009,989389351.0,45891.19565832546,0.0,,,,,,,,,
social,health,national aggregate,Top-20,UHCindex,2010,997130107.0,47088.21962921867,0.0,,,,,,,,,
social,health,national aggregate,Top-20,UHCindex,2011,1004367658.0,47896.26480699086,0.0,,,,,,,,,
social,health,national aggregate,Top-20,UHCindex,2012,1011590115.0,48229.01241060337,0.0,,,,,,,,,
social,health,national aggregate,Top-20,UHCindex,2013,1018506801.0,48641.51652091816,0.0,,,,,,,,,
social,health,national aggregate,Top-20,UHCindex,2014,1025059897.0,49324.63198058534,0.0,,,,,,,,,
social,health,national aggregate,Top-20,UHCindex,2015,1031509508.0,50124.058180348926,0.0,,,,,,,,,
social,health,national aggregate,Top-20,UHCindex,2016,1037963149.0,50731.97590244021,0.0,,,,,,,,,
social,health,national aggregate,Top-20,UHCindex,2017,1044207105.0,51666.69831359288,0.0,,,,,,,,,
social,health,national aggregate,Top-20,UHCindex,2018,1050101995.0,52510.25783958397,0.0,,,,,,,,,
social,health,national aggregate,Top-20,UHCindex,2019,1055623799.0,53140.25987785476,0.0,,,,,,,,,
social,health,national aggregate,Top-20,UHCindex,2020,1058780261.0,50463.92472529489,0.0,,,,,,,,,
social,health,national aggregate,Top-20,UHCindex,2021,1060393296.0,53180.50108580106,0.0,,,,,,,,,
social,health,national aggregate,Top-20,UHCindex,2022,1062959927.0,54448.4207495699,0.0,,,,,,,,,
social,education,global doughnut,World,adultLiteracy,2000,5093026952.0,5917.170385871797,23.134617173360937,,,,,,,,,
social,education,global doughnut,World,adultLiteracy,2001,5166913768.0,6053.3302219479165,23.1516462328715,,,,,,,,,
social,education,global doughnut,World,adultLiteracy,2002,5241060503.0,6212.355949253122,23.08150335333332,,,,,,,,,
social,education,global doughnut,World,adultLiteracy,2003,5315327205.0,6443.863703497498,22.961857041389425,,,,,,,,,
social,education,global doughnut,World,adultLiteracy,2004,5389771095.0,6805.23573067239,22.70226234174521,,,,,,,,,
social,education,global doughnut,World,adultLiteracy,2005,5464506483.0,7124.185745446327,22.44508645188768,,,,,,,,,
social,education,global doughnut,World,adultLiteracy,2006,5539855588.0,7549.909429530162,21.98122980435416,,,,,,,,,
social,education,global doughnut,World,adultLiteracy,2007,5616142535.0,8018.043228759818,21.84144870081228,,,,,,,,,
social,education,global doughnut,World,adultLiteracy,2008,5693437575.0,8291.182971721888,21.42814930089709,,,,,,,,,
social,education,global doughnut,World,adultLiteracy,2009,5771936942.0,8317.463511276223,20.86272771787412,,,,,,,,,
social,education,global doughnut,World,adultLiteracy,2010,5851156871.0,8728.10350930272,20.283664762077905,,,,,,,,,
social,education,global doughnut,World,adultLiteracy,2011,5930992674.0,9114.890355766503,19.71195707215871,,,,,,,,,
social,education,global doughnut,World,adultLiteracy,2012,6011731298.0,9408.038118088429,19.32643308011866,,,,,,,,,
social,education,global doughnut,World,adultLiteracy,2013,6092371544.0,9679.618518401954,19.038129474595134,,,,,,,,,
social,education,global doughnut,World,adultLiteracy,2014,6172884565.0,10009.146386661932,18.649380341369422,,,,,,,,,
social,education,global doughnut,World,adultLiteracy,2015,6252811852.0,10285.231504208894,18.29459415191917,,,,,,,,,
social,education,global doughnut,World,adultLiteracy,2016,6332159184.0,10584.867856957708,17.82118653474683,,,,,,,,,
social,education,global doughnut,World,adultLiteracy,2017,6411439070.0,10940.21004355702,17.397868542098777,,,,,,,,,
social,education,global doughnut,World,adultLiteracy,2018,6488655762.0,11270.459084747568,17.049529748261776,,,,,,,,,
social,education,global doughnut,World,adultLiteracy,2019,6563082705.0,11536.527075145872,16.632885909722432,,,,,,,,,
social,education,global doughnut,World,adultLiteracy,2020,6633612122.0,11141.71368029333,16.390907342681004,,,,,,,,,
social,education,global doughnut,World,adultLiteracy,2021,6697928320.0,11731.21741272976,16.285196016087355,,,,,,,,,
social,education,global doughnut,World,adultLiteracy,2022,6757361726.0,12080.37175510846,16.151479052027454,,,,,,,,,
social,education,global doughnut,World,secondarySchool,2000,5408850954.0,10631.1356646305,60.86976704747948,,,,,,,,,
social,education,global doughnut,World,secondarySchool,2001,5479538073.0,10794.679606835503,60.48167260556626,,,,,,,,,
social,education,global doughnut,World,secondarySchool,2002,5548772837.0,10956.375080754922,59.97069946731004,,,,,,,,,
social,education,global doughnut,World,secondarySchool,2003,5617402095.0,11228.286356184308,59.60638553026912,,,,,,,,,
social,education,global doughnut,World,secondarySchool,2004,5686830000.0,11651.05223627575,59.10078082728987,,,,,,,,,
social,education,global doughnut,World,secondarySchool,2005,5756191018.0,12036.443702429244,58.581940473142026,,,,,,,,,
social,education,global doughnut,World,secondarySchool,2006,5825940094.0,12539.408605056782,57.52751070262504,,,,,,,,,
social,education,global doughnut,World,secondarySchool,2007,5897283447.0,13068.16272918187,56.70962718233485,,,,,,,,,
social,education,global doughnut,World,secondarySchool,2008,5968536203.0,13287.201167368665,54.90218647470952,,,,,,,,,
social,education,global doughnut,World,secondarySchool,2009,6039692849.0,13108.497055814449,53.526985780639926,,,,,,,,,
social,education,global doughnut,World,secondarySchool,2010,6111951755.0,13606.510869057469,52.324680787856046,,,,,,,,,
social,education,global doughnut,World,secondarySchool,2011,6184869719.0,14008.247217672197,49.969648980084685,,,,,,,,,
social,education,global doughnut,World,secondarySchool,2012,6257922662.0,14275.757332039037,48.30625443540897,,,,,,,,,
social,education,global doughnut,World,secondarySchool,2013,6329989235.0,14537.734602996095,46.62073179032256,,,,,,,,,
social,education,global doughnut,World,secondarySchool,2014,6401563387.0,14900.643677903963,45.28696333679786,,,,,,,,,
social,education,global doughnut,World,secondarySchool,2015,6472893963.0,15218.16940673614,43.25669278226296,,,,,,,,,
social,education,global doughnut,World,secondarySchool,2016,6544476199.0,15533.27276082481,43.37207396079472,,,,,,,,,
social,education,global doughnut,World,secondarySchool,2017,6616084465.0,15986.719839891426,40.57481116157528,,,,,,,,,
social,education,global doughnut,World,secondarySchool,2018,6684923281.0,16406.234425741386,38.69743933899413,,,,,,,,,
social,education,global doughnut,World,secondarySchool,2019,6750791313.0,16754.621036167926,38.04383645608016,,,,,,,,,
social,education,global doughnut,World,secondarySchool,2020,6812170975.0,16086.791566350072,37.45781879057078,,,,,,,,,
social,education,global doughnut,World,secondarySchool,2021,6866396897.0,16955.468197984592,37.21536140597729,,,,,,,,,
social,education,global doughnut,World,secondarySchool,2022,6917330500.0,17393.844932299173,36.910940776868166,,,,,,,,,
social,education,national aggregate,World,adultLiteracy,2000,5093026952.0,5917.170385871797,23.134617173360937,,,,,,,,,
social,education,national aggregate,World,adultLiteracy,2001,5166913768.0,6053.3302219479165,23.1516462328715,,,,,,,,,
social,education,national aggregate,World,adultLiteracy,2002,5241060503.0,6212.355949253122,23.08150335333332,,,,,,,,,
social,education,national aggregate,World,adultLiteracy,2003,5315327205.0,6443.863703497498,22.961857041389425,,,,,,,,,
social,education,national aggregate,World,adultLiteracy,2004,5389771095.0,6805.23573067239,22.70226234174521,,,,,,,,,
social,education,national aggregate,World,adultLiteracy,2005,5464506483.0,7124.185745446327,22.44508645188768,,,,,,,,,
social,education,national aggregate,World,adultLiteracy,2006,5539855588.0,7549.909429530162,21.98122980435416,,,,,,,,,
social,education,national aggregate,World,adultLiteracy,2007,5616142535.0,8018.043228759818,21.84144870081228,,,,,,,,,
social,education,national aggregate,World,adultLiteracy,2008,5693437575.0,8291.182971721888,21.42814930089709,,,,,,,,,
social,education,national aggregate,World,adultLiteracy,2009,5771936942.0,8317.463511276223,20.86272771787412,,,,,,,,,
social,education,national aggregate,World,adultLiteracy,2010,5851156871.0,8728.10350930272,20.283664762077905,,,,,,,,,
social,education,national aggregate,World,adultLiteracy,2011,5930992674.0,9114.890355766503,19.71195707215871,,,,,,,,,
social,education,national aggregate,World,adultLiteracy,2012,6011731298.0,9408.038118088429,19.32643308011866,,,,,,,,,
social,education,national aggregate,World,adultLiteracy,2013,6092371544.0,9679.618518401954,19.038129474595134,,,,,,,,,
social,education,national aggregate,World,adultLiteracy,2014,6172884565.0,10009.146386661932,18.649380341369422,,,,,,,,,
social,education,national aggregate,World,adultLiteracy,2015,6252811852.0,10285.231504208894,18.29459415191917,,,,,,,,,
social,education,national aggregate,World,adultLiteracy,2016,6332159184.0,10584.867856957708,17.82118653474683,,,,,,,,,
social,education,national aggregate,World,adultLiteracy,2017,6411439070.0,10940.21004355702,17.397868542098777,,,,,,,,,
social,education,national aggregate,World,adultLiteracy,2018,6488655762.0,11270.459084747568,17.049529748261776,,,,,,,,,
social,education,national aggregate,World,adultLiteracy,2019,6563082705.0,11536.527075145872,16.632885909722432,,,,,,,,,
social,education,national aggregate,World,adultLiteracy,2020,6633612122.0,11141.71368029333,16.390907342681004,,,,,,,,,
social,education,national aggregate,World,adultLiteracy,2021,6697928320.0,11731.21741272976,16.285196016087355,,,,,,,,,
social,education,national aggregate,World,adultLiteracy,2022,6757361726.0,12080.37175510846,16.151479052027454,,,,,,,,,
social,education,national aggregate,Bottom-40,adultLiteracy,2000,2347606948.0,2598.316835252852,38.6256974115954,,,,,,,,,
social,education,national aggregate,Bottom-40,adultLiteracy,2001,2397098690.0,2670.18834143248,38.707896058329,,,,,,,,,
social,education,national aggregate,Bottom-40,adultLiteracy,2002,2447505448.0,2739.468863550334,38.606098220172335,,,,,,,,,
social,education,national aggregate,Bottom-40,adultLiteracy,2003,2498003569.0,2855.158801218986,38.510770132922445,,,,,,,,,
social,education,national aggregate,Bottom-40,adultLiteracy,2004,2548196123.0,3002.899497585328,38.12858264937881,,,,,,,,,
social,education,national aggregate,Bottom-40,adultLiteracy,2005,2598180462.0,3151.8613583006254,37.9014449722416,,,,,,,,,
social,education,national aggregate,Bottom-40,adultLiteracy,2006,2648194073.0,3324.9786625488223,37.09489682806113,,,,,,,,,
social,education,national aggregate,Bottom-40,adultLiteracy,2007,2698338242.0,3496.7119684324884,37.049493162277656,,,,,,,,,
social,education,national aggregate,Bottom-40,adultLiteracy,2008,2748359562.0,3573.3447356063084,36.42239569105032,,,,,,,,,
social,education,national aggregate,Bottom-40,adultLiteracy,2009,2799145385.0,3716.564586830814,35.56287199984591,,,,,,,,,
social,education,national aggregate,Bottom-40,adultLiteracy,2010,2851207507.0,3890.228310811581,34.565240616125394,,,,,,,,,
social,education,national aggregate,Bottom-40,adultLiteracy,2011,2903993635.0,4064.999566227804,33.55829854465473,,,,,,,,,
social,education,national aggregate,Bottom-40,adultLiteracy,2012,2956406405.0,4161.975185572237,32.89495507884381,,,,,,,,,
social,education,national aggregate,Bottom-40,adultLiteracy,2013,3007670187.0,4307.899244559377,32.34879692251083,,,,,,,,,
social,education,national aggregate,Bottom-40,adultLiteracy,2014,3058726188.0,4515.144194111746,31.740433982181656,,,,,,,,,
social,education,national aggregate,Bottom-40,adultLiteracy,2015,3110194199.0,4722.208864517164,31.012983233265917,,,,,,,,,
social,education,national aggregate,Bottom-40,adultLiteracy,2016,3163329450.0,4909.320444249879,30.11303174447957,,,,,,,,,
social,education,national aggregate,Bottom-40,adultLiteracy,2017,3217851428.0,5116.403897247461,29.2537625853556,,,,,,,,,
social,education,national aggregate,Bottom-40,adultLiteracy,2018,3272431232.0,5317.706610557388,28.720949447030875,,,,,,,,,
social,education,national aggregate,Bottom-40,adultLiteracy,2019,3327080258.0,5451.071148483715,27.96066475312638,,,,,,,,,
social,education,national aggregate,Bottom-40,adultLiteracy,2020,3382118060.0,5156.621783660124,27.519591261450287,,,,,,,,,
social,education,national aggregate,Bottom-40,adultLiteracy,2021,3435411165.0,5373.146010576398,27.22049342845256,,,,,,,,,
social,education,national aggregate,Bottom-40,adultLiteracy,2022,3487286907.0,5620.290680703733,26.81026386616172,,,,,,,,,
social,education,national aggregate,Middle-40,adultLiteracy,2000,2611517723.0,7041.86535574524,10.076392131887658,,,,,,,,,
social,education,national aggregate,Middle-40,adultLiteracy,2001,2634709027.0,7260.649694422355,9.872297880699676,,,,,,,,,
social,education,national aggregate,Middle-40,adultLiteracy,2002,2656889070.0,7559.408961685218,9.662268709197804,,,,,,,,,
social,education,national aggregate,Middle-40,adultLiteracy,2003,2678656287.0,7891.846159311665,9.352635547366802,,,,,,,,,
social,education,national aggregate,Middle-40,adultLiteracy,2004,2700807424.0,8439.265730227351,9.042368225016318,,,,,,,,,
social,education,national aggregate,Middle-40,adultLiteracy,2005,2723102284.0,8922.311456056143,8.61564506980146,,,,,,,,,
social,education,national aggregate,Middle-40,adultLiteracy,2006,2745290832.0,9578.659482993324,8.320069848948364,,,,,,,,,
social,education,national aggregate,Middle-40,adultLiteracy,2007,2767594485.0,10361.855660824636,7.9545733314242,,,,,,,,,
social,education,national aggregate,Middle-40,adultLiteracy,2008,2790875870.0,10891.35883249022,7.610701876064354,,,,,,,,,
social,education,national aggregate,Middle-40,adultLiteracy,2009,2815174200.0,10957.189813396071,7.189077648862124,,,,,,,,,
social,education,national aggregate,Middle-40,adultLiteracy,2010,2839799939.0,11627.43774437665,6.8764350610397,,,,,,,,,
social,education,national aggregate,Middle-40,adultLiteracy,2011,2864899255.0,12238.984201012434,6.596040850910384,,,,,,,,,
social,education,national aggregate,Middle-40,adultLiteracy,2012,2891457211.0,12801.626252986438,6.368234566973243,,,,,,,,,
social,education,national aggregate,Middle-40,adultLiteracy,2013,2919296332.0,13272.950500800083,6.239866379566863,,,,,,,,,
social,education,national aggregate,Middle-40,adultLiteracy,2014,2947502476.0,13761.940268907858,5.961583037601784,,,,,,,,,
social,education,national aggregate,Middle-40,adultLiteracy,2015,2974694110.0,14119.540319720263,5.87795631875052,,,,,,,,,
social,education,national aggregate,Middle-40,adultLiteracy,2016,2999572765.0,14549.658497200016,5.718202381920634,,,,,,,,,
social,education,national aggregate,Middle-40,adultLiteracy,2017,3023019892.0,15123.739546281267,5.61999127413084,,,,,,,,,
social,education,national aggregate,Middle-40,adultLiteracy,2018,3044265118.0,15651.145809257465,5.3393881802035565,,,,,,,,,
social,education,national aggregate,Middle-40,adultLiteracy,2019,3062721909.0,16129.712009512064,5.162380678087757,,,,,,,,,
social,education,national aggregate,Middle-40,adultLiteracy,2020,3078099094.0,15885.727830175489,5.0008859828082,,,,,,,,,
social,education,national aggregate,Middle-40,adultLiteracy,2021,3089394896.0,16865.16863697877,4.9553263354033135,,,,,,,,,
social,education,national aggregate,Middle-40,adultLiteracy,2022,3096406775.0,17315.57827308118,4.971031708487757,,,,,,,,,
social,education,national aggregate,Top-20,adultLiteracy,2000,133902281.0,42169.00098787669,6.217941403104234,,,,,,,,,
social,education,national aggregate,Top-20,adultLiteracy,2001,135106051.0,42534.22371846803,6.108389585748441,,,,,,,,,
social,education,national aggregate,Top-20,adultLiteracy,2002,136665985.0,42219.41093886892,5.93669105192312,,,,,,,,,
social,education,national aggregate,Top-20,adultLiteracy,2003,138667349.0,43121.20975449326,5.749343080506023,,,,,,,,,
social,education,national aggregate,Top-20,adultLiteracy,2004,140767548.0,44284.741260300005,5.53533578170584,,,,,,,,,
social,education,national aggregate,Top-20,adultLiteracy,2005,143223737.0,44997.34487079,4.993891841264102,,,,,,,,,
social,education,national aggregate,Top-20,adultLiteracy,2006,146370683.0,45938.25044562968,4.764214745298304,,,,,,,,,
social,education,national aggregate,Top-20,adultLiteracy,2007,150209808.0,46053.89960662207,4.51096739024824,,,,,,,,,
social,education,national aggregate,Top-20,adultLiteracy,2008,154202143.0,45317.56697354897,4.263667751491965,,,,,,,,,
social,education,national aggregate,Top-20,adultLiteracy,2009,157617357.0,42877.715720197775,4.023629650745704,,,,,,,,,
social,education,national aggregate,Top-20,adultLiteracy,2010,160149425.0,43447.28467379016,3.762305414812701,,,,,,,,,
social,education,national aggregate,Top-20,adultLiteracy,2011,162099784.0,44368.71019102521,3.4632685898336604,,,,,,,,,
social,education,national aggregate,Top-20,adultLiteracy,2012,163867682.0,44174.37582041256,3.1793272034967544,,,,,,,,,
social,education,national aggregate,Top-20,adultLiteracy,2013,165405025.0,43937.09671168214,2.8827850835746034,,,,,,,,,
social,education,national aggregate,Top-20,adultLiteracy,2014,166655901.0,44471.04715935134,2.780547519038564,,,,,,,,,
social,education,national aggregate,Top-20,adultLiteracy,2015,167923543.0,45397.549813572616,2.686535470715484,,,,,,,,,
social,education,national aggregate,Top-20,adultLiteracy,2016,169256969.0,46394.018215146105,2.5817885827193408,,,,,,,,,
social,education,national aggregate,Top-20,adultLiteracy,2017,170567750.0,46663.55175846578,2.4727240718868018,,,,,,,,,
social,education,national aggregate,Top-20,adultLiteracy,2018,171959412.0,46999.82831865765,2.2486949934269944,,,,,,,,,
social,education,national aggregate,Top-20,adultLiteracy,2019,173280538.0,47196.343320376494,1.8738038675559776,,,,,,,,,
social,education,national aggregate,Top-20,adultLiteracy,2020,173394968.0,43667.11970988099,1.517878055948202,,,,,,,,,
social,education,national aggregate,Top-20,adultLiteracy,2021,173122259.0,46283.6014266018,1.4702249430462049,,,,,,,,,
social,education,national aggregate,Top-20,adultLiteracy,2022,173668044.0,48459.12672142336,1.4623758293651434,,,,,,,,,
social,education,national aggregate,World,secondarySchool,2000,5408850954.0,10631.1356646305,60.86976704747948,,,,,,,,,
social,education,national aggregate,World,secondarySchool,2001,5479538073.0,10794.679606835503,60.48167260556626,,,,,,,,,
social,education,national aggregate,World,secondarySchool,2002,5548772837.0,10956.375080754922,59.97069946731004,,,,,,,,,
social,education,national aggregate,World,secondarySchool,2003,5617402095.0,11228.286356184308,59.60638553026912,,,,,,,,,
social,education,national aggregate,World,secondarySchool,2004,5686830000.0,11651.05223627575,59.10078082728987,,,,,,,,,
social,education,national aggregate,World,secondarySchool,2005,5756191018.0,12036.443702429244,58.581940473142026,,,,,,,,,
social,education,national aggregate,World,secondarySchool,2006,5825940094.0,12539.408605056782,57.52751070262504,,,,,,,,,
social,education,national aggregate,World,secondarySchool,2007,5897283447.0,13068.16272918187,56.70962718233485,,,,,,,,,
social,education,national aggregate,World,secondarySchool,2008,5968536203.0,13287.201167368665,54.90218647470952,,,,,,,,,
social,education,national aggregate,World,secondarySchool,2009,6039692849.0,13108.497055814449,53.526985780639926,,,,,,,,,
social,education,national aggregate,World,secondarySchool,2010,6111951755.0,13606.510869057469,52.324680787856046,,,,,,,,,
social,education,national aggregate,World,secondarySchool,2011,6184869719.0,14008.247217672197,49.969648980084685,,,,,,,,,
social,education,national aggregate,World,secondarySchool,2012,6257922662.0,14275.757332039037,48.30625443540897,,,,,,,,,
social,education,national aggregate,World,secondarySchool,2013,6329989235.0,14537.734602996095,46.62073179032256,,,,,,,,,
social,education,national aggregate,World,secondarySchool,2014,6401563387.0,14900.643677903963,45.28696333679786,,,,,,,,,
social,education,national aggregate,World,secondarySchool,2015,6472893963.0,15218.16940673614,43.25669278226296,,,,,,,,,
social,education,national aggregate,World,secondarySchool,2016,6544476199.0,15533.27276082481,43.37207396079472,,,,,,,,,
social,education,national aggregate,World,secondarySchool,2017,6616084465.0,15986.719839891426,40.57481116157528,,,,,,,,,
social,education,national aggregate,World,secondarySchool,2018,6684923281.0,16406.234425741386,38.69743933899413,,,,,,,,,
social,education,national aggregate,World,secondarySchool,2019,6750791313.0,16754.621036167926,38.04383645608016,,,,,,,,,
social,education,national aggregate,World,secondarySchool,2020,6812170975.0,16086.791566350072,37.45781879057078,,,,,,,,,
social,education,national aggregate,World,secondarySchool,2021,6866396897.0,16955.468197984592,37.21536140597729,,,,,,,,,
social,education,national aggregate,World,secondarySchool,2022,6917330500.0,17393.844932299173,36.910940776868166,,,,,,,,,
social,education,national aggregate,Bottom-40,secondarySchool,2000,2090765276.0,2671.993586900202,78.34621275665978,,,,,,,,,
social,education,national aggregate,Bottom-40,secondarySchool,2001,2134753127.0,2748.176315650121,78.22646367135252,,,,,,,,,
social,education,national aggregate,Bottom-40,secondarySchool,2002,2178383274.0,2820.156107859249,77.92783843066559,,,,,,,,,
social,education,national aggregate,Bottom-40,secondarySchool,2003,2221583571.0,2940.3195118430845,77.73052633191286,,,,,,,,,
social,education,national aggregate,Bottom-40,secondarySchool,2004,2264972784.0,3098.078058881959,77.58304797110185,,,,,,,,,
social,education,national aggregate,Bottom-40,secondarySchool,2005,2308050368.0,3257.97387335836,77.05525847936079,,,,,,,,,
social,education,national aggregate,Bottom-40,secondarySchool,2006,2350837017.0,3442.92733163131,75.89370481838824,,,,,,,,,
social,education,national aggregate,Bottom-40,secondarySchool,2007,2394092954.0,3622.879346402831,74.9531584523499,,,,,,,,,
social,education,national aggregate,Bottom-40,secondarySchool,2008,2436984318.0,3701.9817144450303,72.42228066625168,,,,,,,,,
social,education,national aggregate,Bottom-40,secondarySchool,2009,2479897471.0,3860.3086262773695,71.26890107471758,,,,,,,,,
social,education,national aggregate,Bottom-40,secondarySchool,2010,2524057644.0,4052.694351430405,69.69484401230493,,,,,,,,,
social,education,national aggregate,Bottom-40,secondarySchool,2011,2568648336.0,4231.902306358999,67.9923787063829,,,,,,,,,
social,education,national aggregate,Bottom-40,secondarySchool,2012,2612496631.0,4336.447162176284,66.64631623154108,,,,,,,,,
social,education,national aggregate,Bottom-40,secondarySchool,2013,2655051501.0,4497.5230314208,65.0915771590809,,,,,,,,,
social,education,national aggregate,Bottom-40,secondarySchool,2014,2697010683.0,4716.0827510011,64.00958255061502,,,,,,,,,
social,education,national aggregate,Bottom-40,secondarySchool,2015,2739390663.0,4939.363132784055,62.88622453036117,,,,,,,,,
social,education,national aggregate,Bottom-40,secondarySchool,2016,2783246544.0,5144.1246973449415,61.86955192743463,,,,,,,,,
social,education,national aggregate,Bottom-40,secondarySchool,2017,2828009848.0,5378.558322763215,60.0672725686494,,,,,,,,,
social,education,national aggregate,Bottom-40,secondarySchool,2018,2872724782.0,5608.410707590723,58.560461924618615,,,,,,,,,
social,education,national aggregate,Bottom-40,secondarySchool,2019,2917461602.0,5760.379451216048,56.891392159826346,,,,,,,,,
social,education,national aggregate,Bottom-40,secondarySchool,2020,2962279638.0,5448.791439314038,57.03535577847951,,,,,,,,,
social,education,national aggregate,Bottom-40,secondarySchool,2021,3005284705.0,5717.820788588386,57.00614981075204,,,,,,,,,
social,education,national aggregate,Bottom-40,secondarySchool,2022,3046862395.0,6001.859393817491,57.14417214996488,,,,,,,,,
social,education,national aggregate,Middle-40,secondarySchool,2000,2564590578.0,7421.550671337678,59.38827313263827,,,,,,,,,
social,education,national aggregate,Middle-40,secondarySchool,2001,2586062223.0,7677.305150180402,58.51480396867069,,,,,,,,,
social,education,national aggregate,Middle-40,secondarySchool,2002,2606266702.0,7943.826380956018,57.522269781595824,,,,,,,,,
social,education,national aggregate,Middle-40,secondarySchool,2003,2626021658.0,8323.826054280971,56.773787772187866,,,,,,,,,
social,education,national aggregate,Middle-40,secondarySchool,2004,2646125686.0,8834.079863878831,55.6806057180478,,,,,,,,,
social,education,national aggregate,Middle-40,secondarySchool,2005,2666344224.0,9328.818420668498,54.89712691436686,,,,,,,,,
social,education,national aggregate,Middle-40,secondarySchool,2006,2687081936.0,10030.062733080638,53.312270974958814,,,,,,,,,
social,education,national aggregate,Middle-40,secondarySchool,2007,2708389840.0,10852.516583781198,52.19732658532576,,,,,,,,,
social,education,national aggregate,Middle-40,secondarySchool,2008,2729876264.0,11407.755817534176,50.33182377044574,,,,,,,,,
social,education,national aggregate,Middle-40,secondarySchool,2009,2751848919.0,11458.137569905652,48.316323301442615,,,,,,,,,
social,education,national aggregate,Middle-40,secondarySchool,2010,2774184430.0,12127.455189240576,47.21837279862591,,,,,,,,,
social,education,national aggregate,Middle-40,secondarySchool,2011,2796695035.0,12712.367080441803,43.64305702172947,,,,,,,,,
social,education,national aggregate,Middle-40,secondarySchool,2012,2820015426.0,13234.560631539514,41.14908637361471,,,,,,,,,
social,education,national aggregate,Middle-40,secondarySchool,2013,2843899776.0,13675.272681595625,38.88256611964516,,,,,,,,,
social,education,national aggregate,Middle-40,secondarySchool,2014,2868008536.0,14160.13838265965,36.99579833439431,,,,,,,,,
social,education,national aggregate,Middle-40,secondarySchool,2015,2891534191.0,14523.71516212029,33.5920247690858,,,,,,,,,
social,education,national aggregate,Middle-40,secondarySchool,2016,2913835070.0,14938.098798094046,34.84318429475623,,,,,,,,,
social,education,national aggregate,Middle-40,secondarySchool,2017,2935362922.0,15520.261502828504,30.20750490243347,,,,,,,,,
social,education,national aggregate,Middle-40,secondarySchool,2018,2954514766.0,16059.513511262205,27.09193949511227,,,,,,,,,
social,education,national aggregate,Middle-40,secondarySchool,2019,2970853229.0,16573.40532196025,27.2442067492764,,,,,,,,,
social,education,national aggregate,Middle-40,secondarySchool,2020,2983952450.0,16297.760618855818,25.96163435507448,,,,,,,,,
social,education,national aggregate,Middle-40,secondarySchool,2021,2992917662.0,17304.297830885847,25.13040916932429,,,,,,,,,
social,education,national aggregate,Middle-40,secondarySchool,2022,2999760670.0,17793.369392653098,24.05193512648117,,,,,,,,,
social,education,national aggregate,Top-20,secondarySchool,2000,753495100.0,43639.93600846547,17.419291389061456,,,,,,,,,
social,education,national aggregate,Top-20,secondarySchool,2001,758722723.0,44059.82590399563,17.258631378462084,,,,,,,,,
social,education,national aggregate,Top-20,secondarySchool,2002,764122861.0,44426.52758362144,17.129067479280664,,,,,,,,,
social,education,national aggregate,Top-20,secondarySchool,2003,769796866.0,45054.855138266816,16.964187526959876,,,,,,,,,
social,education,national aggregate,Top-20,secondarySchool,2004,775731530.0,46233.0121643498,16.80313326335981,,,,,,,,,
social,education,national aggregate,Top-20,secondarySchool,2005,781796426.0,47187.04127019439,16.611465830070188,,,,,,,,,
social,education,national aggregate,Top-20,secondarySchool,2006,788021141.0,48232.82011694306,17.110784800822998,,,,,,,,,
social,education,national aggregate,Top-20,secondarySchool,2007,794800653.0,49069.290554731,17.13285977666402,,,,,,,,,
social,education,national aggregate,Top-20,secondarySchool,2008,801675621.0,48824.87001380822,17.20655330485596,,,,,,,,,
social,education,national aggregate,Top-20,secondarySchool,2009,807946459.0,47115.82360441682,16.817653587346186,,,,,,,,,
social,education,national aggregate,Top-20,secondarySchool,2010,813709681.0,48284.18216585641,15.852885209340585,,,,,,,,,
social,education,national aggregate,Top-20,secondarySchool,2011,819526348.0,49072.615440222704,15.07082422231042,,,,,,,,,
social,education,national aggregate,Top-20,secondarySchool,2012,825410605.0,49291.79046156181,14.710823087646432,,,,,,,,,
social,education,national aggregate,Top-20,secondarySchool,2013,831037958.0,49566.25982055047,14.08975309876881,,,,,,,,,
social,education,national aggregate,Top-20,secondarySchool,2014,836544168.0,50274.32298999895,13.350846805138444,,,,,,,,,
social,education,national aggregate,Top-20,secondarySchool,2015,841969109.0,51045.735767062026,12.581888078666084,,,,,,,,,
social,education,national aggregate,Top-20,secondarySchool,2016,847394585.0,51702.726461240425,11.944844807208485,,,,,,,,,
social,education,national aggregate,Top-20,secondarySchool,2017,852711695.0,52774.31162598213,11.616528342594876,,,,,,,,,
social,education,national aggregate,Top-20,secondarySchool,2018,857683733.0,53766.821569240994,12.14642094444386,,,,,,,,,
social,education,national aggregate,Top-20,secondarySchool,2019,862476482.0,54568.57148879967,11.489019311775266,,,,,,,,,
social,education,national aggregate,Top-20,secondarySchool,2020,865938887.0,51751.21316457026,10.10014745235904,,,,,,,,,
social,education,national aggregate,Top-20,secondarySchool,2021,868194530.0,54652.44782569791,10.369204359519289,,,,,,,,,
social,education,national aggregate,Top-20,secondarySchool,2022,870707435.0,55881.32445946203,10.41072788425184,,,,,,,,,
social,income and work,global doughnut,World,societalPoverty,2000,5449350369.0,10359.12004263941,84.91608777305612,,,,,,,,,
social,income and work,global doughnut,World,societalPoverty,2001,5521077455.0,10502.66052782632,84.58145785980076,,,,,,,,,
social,income and work,global doughnut,World,societalPoverty,2002,5591521513.0,10680.728573237173,84.21768724659651,,,,,,,,,
social,income and work,global doughnut,World,societalPoverty,2003,5661619898.0,10951.0016508136,83.88299294599337,,,,,,,,,
social,income and work,global doughnut,World,societalPoverty,2004,5732740103.0,11366.148395250268,83.299255881497,,,,,,,,,
social,income and work,global doughnut,World,societalPoverty,2005,5803890812.0,11740.827305809282,82.84213662578868,,,,,,,,,
social,income and work,global doughnut,World,societalPoverty,2006,5875087997.0,12213.587722575336,82.20622644969305,,,,,,,,,
social,income and work,global doughnut,World,societalPoverty,2007,5947858944.0,12711.150204462718,81.46675259103881,,,,,,,,,
social,income and work,global doughnut,World,societalPoverty,2008,6020959783.0,12910.891896549618,80.82300411158884,,,,,,,,,
social,income and work,global doughnut,World,societalPoverty,2009,6094252162.0,12729.031149314947,80.42028349275428,,,,,,,,,
social,income and work,global doughnut,World,societalPoverty,2010,6168831144.0,13210.056161205524,79.81551373318119,,,,,,,,,
social,income and work,global doughnut,World,societalPoverty,2011,6243969616.0,13611.253893509856,79.31551655949569,,,,,,,,,
social,income and work,global doughnut,World,societalPoverty,2012,6319311431.0,13881.92457962637,78.58608068943933,,,,,,,,,
social,income and work,global doughnut,World,societalPoverty,2013,6393434346.0,14149.30035956638,77.71354292387896,,,,,,,,,
social,income and work,global doughnut,World,societalPoverty,2014,6466912470.0,14522.132993402276,77.0336670989559,,,,,,,,,
social,income and work,global doughnut,World,societalPoverty,2015,6540559806.0,14843.95003511611,76.40765660580801,,,,,,,,,
social,income and work,global doughnut,World,societalPoverty,2016,6614462263.0,15170.96591587571,75.64092754967889,,,,,,,,,
social,income and work,global doughnut,World,societalPoverty,2017,6688718365.0,15640.688099790752,74.70757922752239,,,,,,,,,
social,income and work,global doughnut,World,societalPoverty,2018,6761079030.0,16072.741628426164,73.95985409084031,,,,,,,,,
social,income and work,global doughnut,World,societalPoverty,2019,6830768190.0,16421.106015567988,73.43638883965225,,,,,,,,,
social,income and work,global doughnut,World,societalPoverty,2020,6895905900.0,15783.783953880406,74.02589505355965,,,,,,,,,
social,income and work,global doughnut,World,societalPoverty,2021,6953749907.0,16650.605114805283,72.4897518149641,,,,,,,,,
social,income and work,global doughnut,World,societalPoverty,2022,7008038580.0,17072.054188732785,72.51347965678372,,,,,,,,,
social,income and work,global doughnut,World,youthNEET,2000,4258300203.0,13804.05181070608,,,,,,,,,,
social,income and work,global doughnut,World,youthNEET,2001,4317755235.0,13890.286066008974,,,,,,,,,,
social,income and work,global doughnut,World,youthNEET,2002,4377298652.0,13974.87151770608,,,,,,,,,,
social,income and work,global doughnut,World,youthNEET,2003,4436767372.0,14213.698316937627,,,,,,,,,,
social,income and work,global doughnut,World,youthNEET,2004,4496313473.0,14649.206695713325,,,,,,,,,,
social,income and work,global doughnut,World,youthNEET,2005,4555555738.0,15018.309136424428,24.969113864509147,,,,,,,,,
social,income and work,global doughnut,World,youthNEET,2006,4614780114.0,15476.362897482102,24.11990689724444,,,,,,,,,
social,income and work,global doughnut,World,youthNEET,2007,4674230084.0,15914.08486784246,23.54177375833243,,,,,,,,,
social,income and work,global doughnut,World,youthNEET,2008,4733737187.0,15967.665858859737,22.987336040683992,,,,,,,,,
social,income and work,global doughnut,World,youthNEET,2009,4793753743.0,15465.178148533094,22.8826141899112,,,,,,,,,
social,income and work,global doughnut,World,youthNEET,2010,4854438773.0,15919.082468029896,22.47018086053236,,,,,,,,,
social,income and work,global doughnut,World,youthNEET,2011,4915993170.0,16214.133201281373,21.951710603307244,,,,,,,,,
social,income and work,global doughnut,World,youthNEET,2012,4977653135.0,16372.12278460749,21.829306598606145,,,,,,,,,
social,income and work,global doughnut,World,youthNEET,2013,5039163494.0,16566.04966207905,21.675702195784293,,,,,,,,,
social,income and work,global doughnut,World,youthNEET,2014,5101185152.0,16796.07898171256,21.743664461572465,,,,,,,,,
social,income and work,global doughnut,World,youthNEET,2015,5162778897.0,17026.16135407534,21.91475671486847,,,,,,,,,
social,income and work,global doughnut,World,youthNEET,2016,5223275190.0,17215.8902947744,22.38335097500208,,,,,,,,,
social,income and work,global doughnut,World,youthNEET,2017,5282843972.0,17583.324472511642,22.368349724869077,,,,,,,,,
social,income and work,global doughnut,World,youthNEET,2018,5341100432.0,17894.285868872554,22.41271336681259,,,,,,,,,
social,income and work,global doughnut,World,youthNEET,2019,5397941221.0,18087.125394881383,22.55358508308848,,,,,,,,,
social,income and work,global doughnut,World,youthNEET,2020,5451974461.0,17132.578923078847,23.15060642992937,,,,,,,,,
social,income and work,global doughnut,World,youthNEET,2021,5500634293.0,17944.237292674556,21.6898989388511,,,,,,,,,
social,income and work,global doughnut,World,youthNEET,2022,5546732777.0,18375.9105148735,20.3070253101288,,,,,,,,,
social,income and work,national aggregate,World,societalPoverty,2000,5449350369.0,10359.12004263941,84.91608777305612,,,,,,,,,
social,income and work,national aggregate,World,societalPoverty,2001,5521077455.0,10502.66052782632,84.58145785980076,,,,,,,,,
social,income and work,national aggregate,World,societalPoverty,2002,5591521513.0,10680.728573237173,84.21768724659651,,,,,,,,,
social,income and work,national aggregate,World,societalPoverty,2003,5661619898.0,10951.0016508136,83.88299294599337,,,,,,,,,
social,income and work,national aggregate,World,societalPoverty,2004,5732740103.0,11366.148395250268,83.299255881497,,,,,,,,,
social,income and work,national aggregate,World,societalPoverty,2005,5803890812.0,11740.827305809282,82.84213662578868,,,,,,,,,
social,income and work,national aggregate,World,societalPoverty,2006,5875087997.0,12213.587722575336,82.20622644969305,,,,,,,,,
social,income and work,national aggregate,World,societalPoverty,2007,5947858944.0,12711.150204462718,81.46675259103881,,,,,,,,,
social,income and work,national aggregate,World,societalPoverty,2008,6020959783.0,12910.891896549618,80.82300411158884,,,,,,,,,
social,income and work,national aggregate,World,societalPoverty,2009,6094252162.0,12729.031149314947,80.42028349275428,,,,,,,,,
social,income and work,national aggregate,World,societalPoverty,2010,6168831144.0,13210.056161205524,79.81551373318119,,,,,,,,,
social,income and work,national aggregate,World,societalPoverty,2011,6243969616.0,13611.253893509856,79.31551655949569,,,,,,,,,
social,income and work,national aggregate,World,societalPoverty,2012,6319311431.0,13881.92457962637,78.58608068943933,,,,,,,,,
social,income and work,national aggregate,World,societalPoverty,2013,6393434346.0,14149.30035956638,77.71354292387896,,,,,,,,,
social,income and work,national aggregate,World,societalPoverty,2014,6466912470.0,14522.132993402276,77.0336670989559,,,,,,,,,
social,income and work,national aggregate,World,societalPoverty,2015,6540559806.0,14843.95003511611,76.40765660580801,,,,,,,,,
social,income and work,national aggregate,World,societalPoverty,2016,6614462263.0,15170.96591587571,75.64092754967889,,,,,,,,,
social,income and work,national aggregate,World,societalPoverty,2017,6688718365.0,15640.688099790752,74.70757922752239,,,,,,,,,
social,income and work,national aggregate,World,societalPoverty,2018,6761079030.0,16072.741628426164,73.95985409084031,,,,,,,,,
social,income and work,national aggregate,World,societalPoverty,2019,6830768190.0,16421.106015567988,73.43638883965225,,,,,,,,,
social,income and work,national aggregate,World,societalPoverty,2020,6895905900.0,15783.783953880406,74.02589505355965,,,,,,,,,
social,income and work,national aggregate,World,societalPoverty,2021,6953749907.0,16650.605114805283,72.4897518149641,,,,,,,,,
social,income and work,national aggregate,World,societalPoverty,2022,7008038580.0,17072.054188732785,72.51347965678372,,,,,,,,,
social,income and work,national aggregate,Bottom-40,societalPoverty,2000,2152166810.0,2684.540987586587,98.51536152089692,,,,,,,,,
social,income and work,national aggregate,Bottom-40,societalPoverty,2001,2197684548.0,2761.9152772266693,98.47128408666084,,,,,,,,,
social,income and work,national aggregate,Bottom-40,societalPoverty,2002,2242921415.0,2831.736967552635,98.43504213064092,,,,,,,,,
social,income and work,national aggregate,Bottom-40,societalPoverty,2003,2287917137.0,2952.6488941954885,98.36472762711632,,,,,,,,,
social,income and work,national aggregate,Bottom-40,societalPoverty,2004,2333234325.0,3107.9157096264053,98.2519004831108,,,,,,,,,
social,income and work,national aggregate,Bottom-40,societalPoverty,2005,2378349208.0,3261.5690466070905,98.14046367490889,,,,,,,,,
social,income and work,national aggregate,Bottom-40,societalPoverty,2006,2423218342.0,3443.390378950363,98.04346178248986,,,,,,,,,
social,income and work,national aggregate,Bottom-40,societalPoverty,2007,2468657268.0,3617.817546211251,97.9658529120645,,,,,,,,,
social,income and work,national aggregate,Bottom-40,societalPoverty,2008,2513881847.0,3697.124816600056,97.86366437189878,,,,,,,,,
social,income and work,national aggregate,Bottom-40,societalPoverty,2009,2559308024.0,3846.848685004674,97.5989962650182,,,,,,,,,
social,income and work,national aggregate,Bottom-40,societalPoverty,2010,2606087045.0,4031.517974801952,97.24454745469242,,,,,,,,,
social,income and work,national aggregate,Bottom-40,societalPoverty,2011,2653273258.0,4205.484918151589,97.04736522434348,,,,,,,,,
social,income and work,national aggregate,Bottom-40,societalPoverty,2012,2699712562.0,4307.931155000349,96.95647280364028,,,,,,,,,
social,income and work,national aggregate,Bottom-40,societalPoverty,2013,2744890513.0,4464.264962206906,96.81906608610232,,,,,,,,,
social,income and work,national aggregate,Bottom-40,societalPoverty,2014,2789473928.0,4677.0135558679485,96.67838325282528,,,,,,,,,
social,income and work,national aggregate,Bottom-40,societalPoverty,2015,2834464429.0,4896.494946821535,96.47233639609162,,,,,,,,,
social,income and work,national aggregate,Bottom-40,societalPoverty,2016,2881056442.0,5093.263739995784,96.3136404672038,,,,,,,,,
social,income and work,national aggregate,Bottom-40,societalPoverty,2017,2928694123.0,5321.033159748209,95.84096762013796,,,,,,,,,
social,income and work,national aggregate,Bottom-40,societalPoverty,2018,2976363554.0,5542.574462796242,95.72764016127392,,,,,,,,,
social,income and work,national aggregate,Bottom-40,societalPoverty,2019,3024138146.0,5689.957997791354,95.891632323052,,,,,,,,,
social,income and work,national aggregate,Bottom-40,societalPoverty,2020,3072027706.0,5380.666398289855,96.0096829364263,,,,,,,,,
social,income and work,national aggregate,Bottom-40,societalPoverty,2021,3118108328.0,5644.883166811784,96.02217688577625,,,,,,,,,
social,income and work,national aggregate,Bottom-40,societalPoverty,2022,3162808333.0,5919.2433894163305,96.03022262605111,,,,,,,,,
social,income and work,national aggregate,Middle-40,societalPoverty,2000,2592751898.0,7312.098806896094,91.57565603336788,,,,,,,,,
social,income and work,national aggregate,Middle-40,societalPoverty,2001,2614066024.0,7539.277300655871,90.81484636132632,,,,,,,,,
social,income and work,national aggregate,Middle-40,societalPoverty,2002,2634185782.0,7873.374107295923,90.0148511975068,,,,,,,,,
social,income and work,national aggregate,Middle-40,societalPoverty,2003,2653891228.0,8260.572976113444,89.36825706717516,,,,,,,,,
social,income and work,national aggregate,Middle-40,societalPoverty,2004,2673999319.0,8781.082574536475,88.27939714439852,,,,,,,,,
social,income and work,national aggregate,Middle-40,societalPoverty,2005,2694227760.0,9274.027828050896,87.28915002429545,,,,,,,,,
social,income and work,national aggregate,Middle-40,societalPoverty,2006,2714683626.0,9945.011231973916,85.93916981476889,,,,,,,,,
social,income and work,national aggregate,Middle-40,societalPoverty,2007,2735651324.0,10735.517458556287,84.5916584654741,,,,,,,,,
social,income and work,national aggregate,Middle-40,societalPoverty,2008,2757068724.0,11265.934437271057,83.02844302745136,,,,,,,,,
social,income and work,national aggregate,Middle-40,societalPoverty,2009,2779041246.0,11312.40308761485,82.28290482792845,,,,,,,,,
social,income and work,national aggregate,Middle-40,societalPoverty,2010,2801427738.0,11995.534448933788,81.00047968045935,,,,,,,,,
social,income and work,national aggregate,Middle-40,societalPoverty,2011,2824032009.0,12613.532583009252,79.82261246856261,,,,,,,,,
social,income and work,national aggregate,Middle-40,societalPoverty,2012,2847635551.0,13162.446563680129,78.0464153360061,,,,,,,,,
social,income and work,national aggregate,Middle-40,societalPoverty,2013,2871568122.0,13638.526879014518,76.0191012251034,,,,,,,,,
social,income and work,national aggregate,Middle-40,societalPoverty,2014,2895617962.0,14170.7463662643,74.48792629902366,,,,,,,,,
social,income and work,national aggregate,Middle-40,societalPoverty,2015,2919510161.0,14568.085637966657,73.34837289520966,,,,,,,,,
social,income and work,national aggregate,Middle-40,societalPoverty,2016,2941917647.0,15038.11237646045,71.84840526150153,,,,,,,,,
social,income and work,national aggregate,Middle-40,societalPoverty,2017,2963567593.0,15684.22987542288,70.04689042384864,,,,,,,,,
social,income and work,national aggregate,Middle-40,societalPoverty,2018,2983538738.0,16279.2163478289,68.52134237903353,,,,,,,,,
social,income and work,national aggregate,Middle-40,societalPoverty,2019,3000857871.0,16818.50916069114,67.13675338782285,,,,,,,,,
social,income and work,national aggregate,Middle-40,societalPoverty,2020,3014663946.0,16599.550420822263,68.51972542921622,,,,,,,,,
social,income and work,national aggregate,Middle-40,societalPoverty,2021,3024106694.0,17653.81745979935,64.87719673513882,,,,,,,,,
social,income and work,national aggregate,Middle-40,societalPoverty,2022,3031191417.0,18145.24577802818,64.08770849837336,,,,,,,,,
social,income and work,national aggregate,Top-20,societalPoverty,2000,704431661.0,45021.31052477,18.85643085625683,,,,,,,,,
social,income and work,national aggregate,Top-20,societalPoverty,2001,709326883.0,45406.449219400536,18.57529526888469,,,,,,,,,
social,income and work,national aggregate,Top-20,societalPoverty,2002,714414316.0,45674.09869176336,18.206668803498893,,,,,,,,,
social,income and work,national aggregate,Top-20,societalPoverty,2003,719811533.0,46293.1325179835,17.629118009960784,,,,,,,,,
social,income and work,national aggregate,Top-20,societalPoverty,2004,725506459.0,47452.46559520974,16.85612862667304,,,,,,,,,
social,income and work,national aggregate,Top-20,societalPoverty,2005,731313844.0,48404.64410144912,16.706330001637298,,,,,,,,,
social,income and work,national aggregate,Top-20,societalPoverty,2006,737186029.0,49396.2925502545,16.400802219440436,,,,,,,,,
social,income and work,national aggregate,Top-20,societalPoverty,2007,743550352.0,50170.56908482782,15.19111075564168,,,,,,,,,
social,income and work,national aggregate,Top-20,societalPoverty,2008,750009212.0,49840.54839263387,15.59880104286106,,,,,,,,,
social,income and work,national aggregate,Top-20,societalPoverty,2009,755902892.0,48010.16176476307,15.409394559450828,,,,,,,,,
social,income and work,national aggregate,Top-20,societalPoverty,2010,761316361.0,49098.50631469622,15.793278091526552,,,,,,,,,
social,income and work,national aggregate,Top-20,societalPoverty,2011,766664349.0,49837.892377986034,16.081201543523147,,,,,,,,,
social,income and work,national aggregate,Top-20,societalPoverty,2012,771963318.0,50018.15131849807,16.33181679772595,,,,,,,,,
social,income and work,national aggregate,Top-20,societalPoverty,2013,776975711.0,50252.20837517733,16.480142917251023,,,,,,,,,
social,income and work,national aggregate,Top-20,societalPoverty,2014,781820580.0,50950.16539208302,16.371499895198045,,,,,,,,,
social,income and work,national aggregate,Top-20,societalPoverty,2015,786585216.0,51713.56813556868,15.459382609312748,,,,,,,,,
social,income and work,national aggregate,Top-20,societalPoverty,2016,791488174.0,52348.11386710768,14.487816147130127,,,,,,,,,
social,income and work,national aggregate,Top-20,societalPoverty,2017,796456649.0,53425.63699421007,14.338990246222828,,,,,,,,,
social,income and work,national aggregate,Top-20,societalPoverty,2018,801176738.0,54423.306476644,13.34546972504606,,,,,,,,,
social,income and work,national aggregate,Top-20,societalPoverty,2019,805772173.0,55216.09641408557,12.62087620738099,,,,,,,,,
social,income and work,national aggregate,Top-20,societalPoverty,2020,809214248.0,52238.163836850224,11.081434377275391,,,,,,,,,
social,income and work,national aggregate,Top-20,societalPoverty,2021,811534885.0,55198.8088604655,10.440081804793207,,,,,,,,,
social,income and work,national aggregate,Top-20,societalPoverty,2022,814038830.0,56408.20452714068,12.517784597325084,,,,,,,,,
social,income and work,national aggregate,World,youthNEET,2000,4258300203.0,13804.05181070608,,,,,,,,,,
social,income and work,national aggregate,World,youthNEET,2001,4317755235.0,13890.286066008974,,,,,,,,,,
social,income and work,national aggregate,World,youthNEET,2002,4377298652.0,13974.87151770608,,,,,,,,,,
social,income and work,national aggregate,World,youthNEET,2003,4436767372.0,14213.698316937627,,,,,,,,,,
social,income and work,national aggregate,World,youthNEET,2004,4496313473.0,14649.206695713325,,,,,,,,,,
social,income and work,national aggregate,World,youthNEET,2005,4555555738.0,15018.309136424428,24.969113864509147,,,,,,,,,
social,income and work,national aggregate,World,youthNEET,2006,4614780114.0,15476.362897482102,24.11990689724444,,,,,,,,,
social,income and work,national aggregate,World,youthNEET,2007,4674230084.0,15914.08486784246,23.54177375833243,,,,,,,,,
social,income and work,national aggregate,World,youthNEET,2008,4733737187.0,15967.665858859737,22.987336040683992,,,,,,,,,
social,income and work,national aggregate,World,youthNEET,2009,4793753743.0,15465.178148533094,22.8826141899112,,,,,,,,,
social,income and work,national aggregate,World,youthNEET,2010,4854438773.0,15919.082468029896,22.47018086053236,,,,,,,,,
social,income and work,national aggregate,World,youthNEET,2011,4915993170.0,16214.133201281373,21.951710603307244,,,,,,,,,
social,income and work,national aggregate,World,youthNEET,2012,4977653135.0,16372.12278460749,21.829306598606145,,,,,,,,,
social,income and work,national aggregate,World,youthNEET,2013,5039163494.0,16566.04966207905,21.675702195784293,,,,,,,,,
social,income and work,national aggregate,World,youthNEET,2014,5101185152.0,16796.07898171256,21.743664461572465,,,,,,,,,
social,income and work,national aggregate,World,youthNEET,2015,5162778897.0,17026.16135407534,21.91475671486847,,,,,,,,,
social,income and work,national aggregate,World,youthNEET,2016,5223275190.0,17215.8902947744,22.38335097500208,,,,,,,,,
social,income and work,national aggregate,World,youthNEET,2017,5282843972.0,17583.324472511642,22.368349724869077,,,,,,,,,
social,income and work,national aggregate,World,youthNEET,2018,5341100432.0,17894.285868872554,22.41271336681259,,,,,,,,,
social,income and work,national aggregate,World,youthNEET,2019,5397941221.0,18087.125394881383,22.55358508308848,,,,,,,,,
social,income and work,national aggregate,World,youthNEET,2020,5451974461.0,17132.578923078847,23.15060642992937,,,,,,,,,
social,income and work,national aggregate,World,youthNEET,2021,5500634293.0,17944.237292674556,21.6898989388511,,,,,,,,,
social,income and work,national aggregate,World,youthNEET,2022,5546732777.0,18375.9105148735,20.3070253101288,,,,,,,,,
social,income and work,national aggregate,Bottom-40,youthNEET,2000,1964208929.0,2685.043898866645,,,,,,,,,,
social,income and work,national aggregate,Bottom-40,youthNEET,2001,2004223017.0,2760.762021866834,,,,,,,,,,
social,income and work,national aggregate,Bottom-40,youthNEET,2002,2044936485.0,2838.86732138466,,,,,,,,,,
social,income and work,national aggregate,Bottom-40,youthNEET,2003,2085514362.0,2968.997118766286,,,,,,,,,,
social,income and work,national aggregate,Bottom-40,youthNEET,2004,2125536982.0,3131.20348877371,,,,,,,,,,
social,income and work,national aggregate,Bottom-40,youthNEET,2005,2165189197.0,3295.1341858839087,31.223480262080766,,,,,,,,,
social,income and work,national aggregate,Bottom-40,youthNEET,2006,2204325730.0,3487.1386077145817,30.152795889689177,,,,,,,,,
social,income and work,national aggregate,Bottom-40,youthNEET,2007,2242822106.0,3673.3266582465776,29.22098603901974,,,,,,,,,
social,income and work,national aggregate,Bottom-40,youthNEET,2008,2281328821.0,3754.780899489421,28.211148889018265,,,,,,,,,
social,income and work,national aggregate,Bottom-40,youthNEET,2009,2320683047.0,3919.548410273382,27.28614651018953,,,,,,,,,
social,income and work,national aggregate,Bottom-40,youthNEET,2010,2360940735.0,4118.511465415591,26.548909146853727,,,,,,,,,
social,income and work,national aggregate,Bottom-40,youthNEET,2011,2401872638.0,4263.217063388429,25.852951629978715,,,,,,,,,
social,income and work,national aggregate,Bottom-40,youthNEET,2012,2442649673.0,4415.367799580202,26.038501219661946,,,,,,,,,
social,income and work,national aggregate,Bottom-40,youthNEET,2013,2482896383.0,4608.864138968343,25.72512274434197,,,,,,,,,
social,income and work,national aggregate,Bottom-40,youthNEET,2014,2522769607.0,4847.28726759176,26.21662807092196,,,,,,,,,
social,income and work,national aggregate,Bottom-40,youthNEET,2015,2562032049.0,5087.6526970775085,26.641162171907936,,,,,,,,,
social,income and work,national aggregate,Bottom-40,youthNEET,2016,2601737248.0,5311.393733525916,27.57263496173141,,,,,,,,,
social,income and work,national aggregate,Bottom-40,youthNEET,2017,2642135730.0,5557.466667592415,27.8774040780218,,,,,,,,,
social,income and work,national aggregate,Bottom-40,youthNEET,2018,2682203135.0,5800.429811362861,27.954556141964453,,,,,,,,,
social,income and work,national aggregate,Bottom-40,youthNEET,2019,2721824313.0,5964.230593600589,28.40283024288791,,,,,,,,,
social,income and work,national aggregate,Bottom-40,youthNEET,2020,2761429925.0,5635.885861530438,28.003152905932364,,,,,,,,,
social,income and work,national aggregate,Bottom-40,youthNEET,2021,2799105553.0,5896.876638415241,26.052872750096924,,,,,,,,,
social,income and work,national aggregate,Bottom-40,youthNEET,2022,2835178815.0,6197.205433451961,24.03640857809528,,,,,,,,,
social,income and work,national aggregate,Middle-40,youthNEET,2000,1446252852.0,11373.12209111469,,,,,,,,,,
social,income and work,national aggregate,Middle-40,youthNEET,2001,1460334179.0,11542.80515099872,,,,,,,,,,
social,income and work,national aggregate,Middle-40,youthNEET,2002,1473649722.0,11772.842535075551,,,,,,,,,,
social,income and work,national aggregate,Middle-40,youthNEET,2003,1486755199.0,12142.947330771216,,,,,,,,,,
social,income and work,national aggregate,Middle-40,youthNEET,2004,1500250632.0,12746.378815640464,,,,,,,,,,
social,income and work,national aggregate,Middle-40,youthNEET,2005,1513729016.0,13259.553586377446,23.910740190164923,,,,,,,,,
social,income and work,national aggregate,Middle-40,youthNEET,2006,1527595519.0,13974.261940565617,23.129765388756027,,,,,,,,,
social,income and work,national aggregate,Middle-40,youthNEET,2007,1541788439.0,14735.119861751113,22.80738825632635,,,,,,,,,
social,income and work,national aggregate,Middle-40,youthNEET,2008,1555964129.0,15154.733076032497,22.31100219178104,,,,,,,,,
social,income and work,national aggregate,Middle-40,youthNEET,2009,1570406992.0,14649.54127240417,22.45418610652535,,,,,,,,,
social,income and work,national aggregate,Middle-40,youthNEET,2010,1585171053.0,15229.176261525254,22.15737380384129,,,,,,,,,
social,income and work,national aggregate,Middle-40,youthNEET,2011,1600321493.0,15725.794196009843,21.719205668583506,,,,,,,,,
social,income and work,national aggregate,Middle-40,youthNEET,2012,1615847031.0,16042.243240087288,21.12608811086197,,,,,,,,,
social,income and work,national aggregate,Middle-40,youthNEET,2013,1632046731.0,16325.644673940147,20.937723284704244,,,,,,,,,
social,income and work,national aggregate,Middle-40,youthNEET,2014,1649313614.0,16490.26298551394,20.673019368740004,,,,,,,,,
social,income and work,national aggregate,Middle-40,youthNEET,2015,1666873897.0,16593.187145171454,20.749150835947987,,,,,,,,,
social,income and work,national aggregate,Middle-40,youthNEET,2016,1682812715.0,16691.400249616003,20.916832701027577,,,,,,,,,
social,income and work,national aggregate,Middle-40,youthNEET,2017,1697154935.0,17047.19587307313,20.659490678046627,,,,,,,,,
social,income and work,national aggregate,Middle-40,youthNEET,2018,1710832438.0,17326.80189140739,20.68666473247238,,,,,,,,,
social,income and work,national aggregate,Middle-40,youthNEET,2019,1723700204.0,17494.715379500933,20.515486391507093,,,,,,,,,
social,income and work,national aggregate,Middle-40,youthNEET,2020,1735052278.0,16790.556874658258,21.89918954884943,,,,,,,,,
social,income and work,national aggregate,Middle-40,youthNEET,2021,1744229316.0,17601.37713102611,20.86970193367052,,,,,,,,,
social,income and work,national aggregate,Middle-40,youthNEET,2022,1752306923.0,18080.26290573061,20.153018032161253,,,,,,,,,
social,income and work,national aggregate,Top-20,youthNEET,2000,847838422.0,43710.450251831775,,,,,,,,,,
social,income and work,national aggregate,Top-20,youthNEET,2001,853198039.0,44052.28093231957,,,,,,,,,,
social,income and work,national aggregate,Top-20,youthNEET,2002,858712445.0,44273.0706736065,,,,,,,,,,
social,income and work,national aggregate,Top-20,youthNEET,2003,864497811.0,44901.67149874854,,,,,,,,,,
social,income and work,national aggregate,Top-20,youthNEET,2004,870525859.0,46051.67478116888,,,,,,,,,,
social,income and work,national aggregate,Top-20,youthNEET,2005,876637525.0,47010.06201696477,11.349122389153942,,,,,,,,,
social,income and work,national aggregate,Top-20,youthNEET,2006,882858865.0,48010.16803240224,10.770189102048606,,,,,,,,,
social,income and work,national aggregate,Top-20,youthNEET,2007,889619539.0,48817.54127794255,10.49665136356678,,,,,,,,,
social,income and work,national aggregate,Top-20,youthNEET,2008,896444237.0,48458.81198102088,10.8673589692116,,,,,,,,,
social,income and work,national aggregate,Top-20,youthNEET,2009,902663704.0,46567.158796825854,12.306808047972648,,,,,,,,,
social,income and work,national aggregate,Top-20,youthNEET,2010,908326985.0,47795.34355276261,12.414569591059768,,,,,,,,,
social,income and work,national aggregate,Top-20,youthNEET,2011,913799039.0,48481.706943656434,12.104686205267502,,,,,,,,,
social,income and work,national aggregate,Top-20,youthNEET,2012,919156431.0,48727.0055161179,11.879646180955676,,,,,,,,,
social,income and work,national aggregate,Top-20,youthNEET,2013,924220380.0,49113.27055456763,12.100198608766885,,,,,,,,,
social,income and work,national aggregate,Top-20,youthNEET,2014,929101931.0,49783.240067127146,11.498903578051006,,,,,,,,,
social,income and work,national aggregate,Top-20,youthNEET,2015,933872951.0,50551.65876768284,11.028603268775903,,,,,,,,,
social,income and work,national aggregate,Top-20,youthNEET,2016,938725227.0,51150.19793107228,10.629881990515637,,,,,,,,,
social,income and work,national aggregate,Top-20,youthNEET,2017,943553307.0,52222.42927574261,10.015607496132702,,,,,,,,,
social,income and work,national aggregate,Top-20,youthNEET,2018,948064859.0,53133.48739736617,9.8488386920794,,,,,,,,,
social,income and work,national aggregate,Top-20,youthNEET,2019,952416704.0,53804.188037275264,9.526150236472544,,,,,,,,,
social,income and work,national aggregate,Top-20,youthNEET,2020,955492258.0,50979.77980007228,11.398869828163486,,,,,,,,,
social,income and work,national aggregate,Top-20,youthNEET,2021,957299424.0,53794.94396934196,10.427160979321762,,,,,,,,,
social,income and work,national aggregate,Top-20,youthNEET,2022,959247039.0,54911.72513650057,9.565683407504372,,,,,,,,,
social,water,global doughnut,World,drinkingH2O,2000,3106874362.0,17140.667342915134,39.31293234206692,,,,,,,,,
social,water,global doughnut,World,drinkingH2O,2001,3147345703.0,17283.330877200082,39.319371979129606,,,,,,,,,
social,water,global doughnut,World,drinkingH2O,2002,3187834256.0,17416.680692490623,39.29297203355724,,,,,,,,,
social,water,global doughnut,World,drinkingH2O,2003,3228391076.0,17658.316172354902,39.26254271089004,,,,,,,,,
social,water,global doughnut,World,drinkingH2O,2004,3269189857.0,18189.75233340712,39.1550806993221,,,,,,,,,
social,water,global doughnut,World,drinkingH2O,2005,3310183500.0,18589.064584007105,39.04029304505479,,,,,,,,,
social,water,global doughnut,World,drinkingH2O,2006,3351236628.0,19093.633142663035,38.91658132954296,,,,,,,,,
social,water,global doughnut,World,drinkingH2O,2007,3392526466.0,19583.397706067968,38.76808913818705,,,,,,,,,
social,water,global doughnut,World,drinkingH2O,2008,3434876646.0,19640.163229240527,38.60102125218408,,,,,,,,,
social,water,global doughnut,World,drinkingH2O,2009,3478301287.0,18929.624104755232,38.41875114668829,,,,,,,,,
social,water,global doughnut,World,drinkingH2O,2010,3522427332.0,19436.85139764196,38.23393866125006,,,,,,,,,
social,water,global doughnut,World,drinkingH2O,2011,3567860672.0,19733.84644838837,38.048199248612576,,,,,,,,,
social,water,global doughnut,World,drinkingH2O,2012,3614012067.0,19882.734079546903,37.833291702853366,,,,,,,,,
social,water,global doughnut,World,drinkingH2O,2013,3660572929.0,20044.53325429425,37.64947896792118,,,,,,,,,
social,water,global doughnut,World,drinkingH2O,2014,3707520953.0,20255.09830210746,37.4757792375292,,,,,,,,,
social,water,global doughnut,World,drinkingH2O,2015,3753981981.0,20428.622225354786,37.29803814391806,,,,,,,,,
social,water,global doughnut,World,drinkingH2O,2016,3800117560.0,20597.888985097263,37.14883031682655,,,,,,,,,
social,water,global doughnut,World,drinkingH2O,2017,3846427812.0,20932.065164018644,37.00568922002557,,,,,,,,,
social,water,global doughnut,World,drinkingH2O,2018,3892633363.0,21236.91959360604,36.87285355829445,,,,,,,,,
social,water,global doughnut,World,drinkingH2O,2019,3938252720.0,21446.43173249228,36.76082761424928,,,,,,,,,
social,water,global doughnut,World,drinkingH2O,2020,3981745176.0,20300.952913900743,36.69581567943532,,,,,,,,,
social,water,global doughnut,World,drinkingH2O,2021,4022349653.0,21159.8107205758,36.66407858322589,,,,,,,,,
social,water,global doughnut,World,drinkingH2O,2022,4061989045.0,21527.829858278696,36.6379297173765,,,,,,,,,
social,water,global doughnut,World,sanitation,2000,5378183573.0,11804.871082894484,66.31017376532745,,,,,,,,,
social,water,global doughnut,World,sanitation,2001,5445166424.0,11933.853725933806,65.9243617552961,,,,,,,,,
social,water,global doughnut,World,sanitation,2002,5511978441.0,12063.380509890856,65.41882707697982,,,,,,,,,
social,water,global doughnut,World,sanitation,2003,5578561403.0,12350.50919369416,64.56546809164163,,,,,,,,,
social,water,global doughnut,World,sanitation,2004,5645403732.0,12833.509574782594,63.441098944622766,,,,,,,,,
social,water,global doughnut,World,sanitation,2005,5712594523.0,13255.43177532767,62.33425516598346,,,,,,,,,
social,water,global doughnut,World,sanitation,2006,5779723403.0,13788.80853587095,61.18298972131089,,,,,,,,,
social,water,global doughnut,World,sanitation,2007,5847831575.0,14327.578148314524,59.974199447890086,,,,,,,,,
social,water,global doughnut,World,sanitation,2008,5917136294.0,14531.76251892094,58.73269265611348,,,,,,,,,
social,water,global doughnut,World,sanitation,2009,5987090668.0,14239.762973180745,57.45605740645689,,,,,,,,,
social,water,global doughnut,World,sanitation,2010,6057241396.0,14784.79375539475,56.1659322465892,,,,,,,,,
social,water,global doughnut,World,sanitation,2011,6127527177.0,15186.432389837946,54.85842194364377,,,,,,,,,
social,water,global doughnut,World,sanitation,2012,6199589650.0,15507.122255672495,53.516491134747234,,,,,,,,,
social,water,global doughnut,World,sanitation,2013,6273500093.0,15800.10581172948,52.15251796181698,,,,,,,,,
social,water,global doughnut,World,sanitation,2014,6347198489.0,16155.19441664527,50.75197457361438,,,,,,,,,
social,water,global doughnut,World,sanitation,2015,6419580785.0,16488.692841459277,49.33229860483743,,,,,,,,,
social,water,global doughnut,World,sanitation,2016,6491362414.0,16792.457662516023,47.901243520511166,,,,,,,,,
social,water,global doughnut,World,sanitation,2017,6562508271.0,17255.224307859957,46.47976193623666,,,,,,,,,
social,water,global doughnut,World,sanitation,2018,6630395543.0,17675.191375031754,45.0666872465756,,,,,,,,,
social,water,global doughnut,World,sanitation,2019,6694794119.0,18001.57314011174,43.67451801792409,,,,,,,,,
social,water,global doughnut,World,sanitation,2020,6754127868.0,17253.742228800053,42.78253447767987,,,,,,,,,
social,water,global doughnut,World,sanitation,2021,6806191402.0,18187.63309757008,41.94855184722412,,,,,,,,,
social,water,global doughnut,World,sanitation,2022,6855197810.0,18651.18285837111,41.16790409278907,,,,,,,,,
social,water,national aggregate,World,drinkingH2O,2000,3106874362.0,17140.667342915134,39.31293234206692,,,,,,,,,
social,water,national aggregate,World,drinkingH2O,2001,3147345703.0,17283.330877200082,39.319371979129606,,,,,,,,,
social,water,national aggregate,World,drinkingH2O,2002,3187834256.0,17416.680692490623,39.29297203355724,,,,,,,,,
social,water,national aggregate,World,drinkingH2O,2003,3228391076.0,17658.316172354902,39.26254271089004,,,,,,,,,
social,water,national aggregate,World,drinkingH2O,2004,3269189857.0,18189.75233340712,39.1550806993221,,,,,,,,,
social,water,national aggregate,World,drinkingH2O,2005,3310183500.0,18589.064584007105,39.04029304505479,,,,,,,,,
social,water,national aggregate,World,drinkingH2O,2006,3351236628.0,19093.633142663035,38.91658132954296,,,,,,,,,
social,water,national aggregate,World,drinkingH2O,2007,3392526466.0,19583.397706067968,38.76808913818705,,,,,,,,,
social,water,national aggregate,World,drinkingH2O,2008,3434876646.0,19640.163229240527,38.60102125218408,,,,,,,,,
social,water,national aggregate,World,drinkingH2O,2009,3478301287.0,18929.624104755232,38.41875114668829,,,,,,,,,
social,water,national aggregate,World,drinkingH2O,2010,3522427332.0,19436.85139764196,38.23393866125006,,,,,,,,,
social,water,national aggregate,World,drinkingH2O,2011,3567860672.0,19733.84644838837,38.048199248612576,,,,,,,,,
social,water,national aggregate,World,drinkingH2O,2012,3614012067.0,19882.734079546903,37.833291702853366,,,,,,,,,
social,water,national aggregate,World,drinkingH2O,2013,3660572929.0,20044.53325429425,37.64947896792118,,,,,,,,,
social,water,national aggregate,World,drinkingH2O,2014,3707520953.0,20255.09830210746,37.4757792375292,,,,,,,,,
social,water,national aggregate,World,drinkingH2O,2015,3753981981.0,20428.622225354786,37.29803814391806,,,,,,,,,
social,water,national aggregate,World,drinkingH2O,2016,3800117560.0,20597.888985097263,37.14883031682655,,,,,,,,,
social,water,national aggregate,World,drinkingH2O,2017,3846427812.0,20932.065164018644,37.00568922002557,,,,,,,,,
social,water,national aggregate,World,drinkingH2O,2018,3892633363.0,21236.91959360604,36.87285355829445,,,,,,,,,
social,water,national aggregate,World,drinkingH2O,2019,3938252720.0,21446.43173249228,36.76082761424928,,,,,,,,,
social,water,national aggregate,World,drinkingH2O,2020,3981745176.0,20300.952913900743,36.69581567943532,,,,,,,,,
social,water,national aggregate,World,drinkingH2O,2021,4022349653.0,21159.8107205758,36.66407858322589,,,,,,,,,
social,water,national aggregate,World,drinkingH2O,2022,4061989045.0,21527.829858278696,36.6379297173765,,,,,,,,,
social,water,national aggregate,Bottom-40,drinkingH2O,2000,1054470022.0,2565.469993173845,71.3215125744287,,,,,,,,,
social,water,national aggregate,Bottom-40,drinkingH2O,2001,1078630276.0,2634.963508315605,71.06347365065369,,,,,,,,,
social,water,national aggregate,Bottom-40,drinkingH2O,2002,1103442948.0,2713.085027215579,70.68900731815131,,,,,,,,,
social,water,national aggregate,Bottom-40,drinkingH2O,2003,1128272108.0,2802.7578677237548,70.31488113080303,,,,,,,,,
social,water,national aggregate,Bottom-40,drinkingH2O,2004,1152739114.0,2942.684180764058,69.90187083413298,,,,,,,,,
social,water,national aggregate,Bottom-40,drinkingH2O,2005,1177225751.0,3062.59655924197,69.5084179715898,,,,,,,,,
social,water,national aggregate,Bottom-40,drinkingH2O,2006,1201784365.0,3219.451886401424,69.13405582928733,,,,,,,,,
social,water,national aggregate,Bottom-40,drinkingH2O,2007,1226168076.0,3353.9279084774603,68.72148410201687,,,,,,,,,
social,water,national aggregate,Bottom-40,drinkingH2O,2008,1250880780.0,3462.6184213511783,68.24338493276844,,,,,,,,,
social,water,national aggregate,Bottom-40,drinkingH2O,2009,1276635316.0,3556.364950798276,67.69210853866142,,,,,,,,,
social,water,national aggregate,Bottom-40,drinkingH2O,2010,1303436768.0,3691.682698049829,67.1291261981537,,,,,,,,,
social,water,national aggregate,Bottom-40,drinkingH2O,2011,1331105890.0,3805.874160398956,66.54632746100401,,,,,,,,,
social,water,national aggregate,Bottom-40,drinkingH2O,2012,1358875246.0,3934.721901736362,65.88745910658221,,,,,,,,,
social,water,national aggregate,Bottom-40,drinkingH2O,2013,1386484874.0,4090.3254721487447,65.33659740974443,,,,,,,,,
social,water,national aggregate,Bottom-40,drinkingH2O,2014,1414385985.0,4260.264332268811,64.80631748694518,,,,,,,,,
social,water,national aggregate,Bottom-40,drinkingH2O,2015,1442454925.0,4387.760548720054,64.28936076194994,,,,,,,,,
social,water,national aggregate,Bottom-40,drinkingH2O,2016,1471236066.0,4494.331337270759,63.80389566510443,,,,,,,,,
social,water,national aggregate,Bottom-40,drinkingH2O,2017,1501059086.0,4614.770800238382,63.321728258371095,,,,,,,,,
social,water,national aggregate,Bottom-40,drinkingH2O,2018,1531255584.0,4773.7833522358005,62.832824911845,,,,,,,,,
social,water,national aggregate,Bottom-40,drinkingH2O,2019,1561757660.0,4914.764402729938,62.3668099749252,,,,,,,,,
social,water,national aggregate,Bottom-40,drinkingH2O,2020,1593495343.0,4761.126270664425,61.923360630947535,,,,,,,,,
social,water,national aggregate,Bottom-40,drinkingH2O,2021,1625700933.0,4840.501745478694,61.51586275884058,,,,,,,,,
social,water,national aggregate,Bottom-40,drinkingH2O,2022,1657748116.0,5017.368042584672,61.17546996343395,,,,,,,,,
social,water,national aggregate,Middle-40,drinkingH2O,2000,1171366737.0,10961.722899358358,37.80705012406981,,,,,,,,,
social,water,national aggregate,Middle-40,drinkingH2O,2001,1182137543.0,11249.691089875285,37.600054649904,,,,,,,,,
social,water,national aggregate,Middle-40,drinkingH2O,2002,1192136458.0,11552.629026043764,37.41451791529526,,,,,,,,,
social,water,national aggregate,Middle-40,drinkingH2O,2003,1201938068.0,11864.368363308577,37.24159898439088,,,,,,,,,
social,water,national aggregate,Middle-40,drinkingH2O,2004,1212109060.0,12486.171116438434,36.93944981149342,,,,,,,,,
social,water,national aggregate,Middle-40,drinkingH2O,2005,1222323936.0,12936.629740296186,36.63912340592174,,,,,,,,,
social,water,national aggregate,Middle-40,drinkingH2O,2006,1232328721.0,13574.13400743616,36.31888805992955,,,,,,,,,
social,water,national aggregate,Middle-40,drinkingH2O,2007,1242199242.0,14337.775593187587,35.999393533827785,,,,,,,,,
social,water,national aggregate,Middle-40,drinkingH2O,2008,1252786710.0,14814.069414293484,35.68820117148016,,,,,,,,,
social,water,national aggregate,Middle-40,drinkingH2O,2009,1264042051.0,14359.170261195895,35.381189458680524,,,,,,,,,
social,water,national aggregate,Middle-40,drinkingH2O,2010,1275374286.0,14903.963051837816,35.09680146782833,,,,,,,,,
social,water,national aggregate,Middle-40,drinkingH2O,2011,1287038211.0,15340.125126611563,34.82552862734599,,,,,,,,,
social,water,national aggregate,Middle-40,drinkingH2O,2012,1299280617.0,15669.35564854578,34.56056689105432,,,,,,,,,
social,water,national aggregate,Middle-40,drinkingH2O,2013,1312391100.0,15910.589391385693,34.283120318067304,,,,,,,,,
social,water,national aggregate,Middle-40,drinkingH2O,2014,1325922673.0,16089.136241008951,34.0145827810811,,,,,,,,,
social,water,national aggregate,Middle-40,drinkingH2O,2015,1338881472.0,16140.64567935883,33.72871719580199,,,,,,,,,
social,water,national aggregate,Middle-40,drinkingH2O,2016,1350873013.0,16311.20750854374,33.48243990235497,,,,,,,,,
social,water,national aggregate,Middle-40,drinkingH2O,2017,1362343261.0,16635.59021386123,33.23488028092065,,,,,,,,,
social,water,national aggregate,Middle-40,drinkingH2O,2018,1373729760.0,16956.767375461583,33.02337441933099,,,,,,,,,
social,water,national aggregate,Middle-40,drinkingH2O,2019,1384575451.0,17197.426340908914,32.844604258293,,,,,,,,,
social,water,national aggregate,Middle-40,drinkingH2O,2020,1393732501.0,16432.15001935703,32.72045982196951,,,,,,,,,
social,water,national aggregate,Middle-40,drinkingH2O,2021,1400811716.0,17137.124894500303,32.61991460848914,,,,,,,,,
social,water,national aggregate,Middle-40,drinkingH2O,2022,1406639158.0,17524.104335411233,32.481241063362205,,,,,,,,,
social,water,national aggregate,Top-20,drinkingH2O,2000,881037603.0,42800.09275678073,3.005574003576527,,,,,,,,,
social,water,national aggregate,Top-20,drinkingH2O,2001,886577884.0,43149.94120602759,2.9912837588283594,,,,,,,,,
social,water,national aggregate,Top-20,drinkingH2O,2002,892254850.0,43435.40026600493,2.975590188130326,,,,,,,,,
social,water,national aggregate,Top-20,drinkingH2O,2003,898180900.0,44072.90427991882,2.9597910834623207,,,,,,,,,
social,water,national aggregate,Top-20,drinkingH2O,2004,904341683.0,45269.40017145656,2.93266392768156,,,,,,,,,
social,water,national aggregate,Top-20,drinkingH2O,2005,910633813.0,46248.11263099622,2.8755321348499194,,,,,,,,,
social,water,national aggregate,Top-20,drinkingH2O,2006,917123542.0,47311.40203167276,2.8105663134264205,,,,,,,,,
social,water,national aggregate,Top-20,drinkingH2O,2007,924159148.0,48167.39822785916,2.7476426994493157,,,,,,,,,
social,water,national aggregate,Top-20,drinkingH2O,2008,931209156.0,47863.94721054455,2.701545285169402,,,,,,,,,
social,water,national aggregate,Top-20,drinkingH2O,2009,937623920.0,46022.88705006844,2.6562290489860345,,,,,,,,,
social,water,national aggregate,Top-20,drinkingH2O,2010,943616278.0,47312.54796225635,2.56051236443146,,,,,,,,,
social,water,national aggregate,Top-20,drinkingH2O,2011,949716571.0,48012.49902537036,2.4730317532438733,,,,,,,,,
social,water,national aggregate,Top-20,drinkingH2O,2012,955856204.0,48282.11024640278,2.3991693133294376,,,,,,,,,
social,water,national aggregate,Top-20,drinkingH2O,2013,961696955.0,48687.25563889269,2.326717867197843,,,,,,,,,
social,water,national aggregate,Top-20,drinkingH2O,2014,967212295.0,49355.85797660067,2.2542962381131986,,,,,,,,,
social,water,national aggregate,Top-20,drinkingH2O,2015,972645584.0,50120.12831099806,2.1826074881512056,,,,,,,,,
social,water,national aggregate,Top-20,drinkingH2O,2016,978008481.0,50743.73914607929,2.115324696396513,,,,,,,,,
social,water,national aggregate,Top-20,drinkingH2O,2017,983025465.0,51802.57436094083,2.047496799922726,,,,,,,,,
social,water,national aggregate,Top-20,drinkingH2O,2018,987648019.0,52714.7752477123,1.978633776630474,,,,,,,,,
social,water,national aggregate,Top-20,drinkingH2O,2019,991919609.0,53406.20584477222,1.9111965950881145,,,,,,,,,
social,water,national aggregate,Top-20,drinkingH2O,2020,994517332.0,50621.91037823265,1.845349409263676,,,,,,,,,
social,water,national aggregate,Top-20,drinkingH2O,2021,995837004.0,53459.615942198536,1.7824098922168048,,,,,,,,,
social,water,national aggregate,Top-20,drinkingH2O,2022,997601771.0,54609.15050842628,1.7240982684695183,,,,,,,,,
social,water,national aggregate,World,sanitation,2000,5378183573.0,11804.871082894484,66.31017376532745,,,,,,,,,
social,water,national aggregate,World,sanitation,2001,5445166424.0,11933.853725933806,65.9243617552961,,,,,,,,,
social,water,national aggregate,World,sanitation,2002,5511978441.0,12063.380509890856,65.41882707697982,,,,,,,,,
social,water,national aggregate,World,sanitation,2003,5578561403.0,12350.50919369416,64.56546809164163,,,,,,,,,
social,water,national aggregate,World,sanitation,2004,5645403732.0,12833.509574782594,63.441098944622766,,,,,,,,,
social,water,national aggregate,World,sanitation,2005,5712594523.0,13255.43177532767,62.33425516598346,,,,,,,,,
social,water,national aggregate,World,sanitation,2006,5779723403.0,13788.80853587095,61.18298972131089,,,,,,,,,
social,water,national aggregate,World,sanitation,2007,5847831575.0,14327.578148314524,59.974199447890086,,,,,,,,,
social,water,national aggregate,World,sanitation,2008,5917136294.0,14531.76251892094,58.73269265611348,,,,,,,,,
social,water,national aggregate,World,sanitation,2009,5987090668.0,14239.762973180745,57.45605740645689,,,,,,,,,
social,water,national aggregate,World,sanitation,2010,6057241396.0,14784.79375539475,56.1659322465892,,,,,,,,,
social,water,national aggregate,World,sanitation,2011,6127527177.0,15186.432389837946,54.85842194364377,,,,,,,,,
social,water,national aggregate,World,sanitation,2012,6199589650.0,15507.122255672495,53.516491134747234,,,,,,,,,
social,water,national aggregate,World,sanitation,2013,6273500093.0,15800.10581172948,52.15251796181698,,,,,,,,,
social,water,national aggregate,World,sanitation,2014,6347198489.0,16155.19441664527,50.75197457361438,,,,,,,,,
social,water,national aggregate,World,sanitation,2015,6419580785.0,16488.692841459277,49.33229860483743,,,,,,,,,
social,water,national aggregate,World,sanitation,2016,6491362414.0,16792.457662516023,47.901243520511166,,,,,,,,,
social,water,national aggregate,World,sanitation,2017,6562508271.0,17255.224307859957,46.47976193623666,,,,,,,,,
social,water,national aggregate,World,sanitation,2018,6630395543.0,17675.191375031754,45.0666872465756,,,,,,,,,
social,water,national aggregate,World,sanitation,2019,6694794119.0,18001.57314011174,43.67451801792409,,,,,,,,,
social,water,national aggregate,World,sanitation,2020,6754127868.0,17253.742228800053,42.78253447767987,,,,,,,,,
social,water,national aggregate,World,sanitation,2021,6806191402.0,18187.63309757008,41.94855184722412,,,,,,,,,
social,water,national aggregate,World,sanitation,2022,6855197810.0,18651.18285837111,41.16790409278907,,,,,,,,,
social,water,national aggregate,Bottom-40,sanitation,2000,2025716919.0,2486.8632270620437,85.86842099819711,,,,,,,,,
social,water,national aggregate,Bottom-40,sanitation,2001,2066826178.0,2566.962759679945,85.00252495410155,,,,,,,,,
social,water,national aggregate,Bottom-40,sanitation,2002,2108355137.0,2633.2290368417125,84.08932629316989,,,,,,,,,
social,water,national aggregate,Bottom-40,sanitation,2003,2149827294.0,2753.753591352539,83.17456903884914,,,,,,,,,
social,water,national aggregate,Bottom-40,sanitation,2004,2191364325.0,2904.468903073545,81.75703117134832,,,,,,,,,
social,water,national aggregate,Bottom-40,sanitation,2005,2232660965.0,3054.663111628475,80.47982872188595,,,,,,,,,
social,water,national aggregate,Bottom-40,sanitation,2006,2273323951.0,3234.6572448519933,79.19957293476946,,,,,,,,,
social,water,national aggregate,Bottom-40,sanitation,2007,2313898410.0,3410.4207119574808,77.86579282185436,,,,,,,,,
social,water,national aggregate,Bottom-40,sanitation,2008,2354405948.0,3494.364854150077,76.52438690384975,,,,,,,,,
social,water,national aggregate,Bottom-40,sanitation,2009,2395212515.0,3653.9866407856007,75.19089727070963,,,,,,,,,
social,water,national aggregate,Bottom-40,sanitation,2010,2437185085.0,3856.5562005249694,73.86186107131839,,,,,,,,,
social,water,national aggregate,Bottom-40,sanitation,2011,2479945134.0,3992.973815987764,72.52443903120083,,,,,,,,,
social,water,national aggregate,Bottom-40,sanitation,2012,2523111583.0,4135.440946776579,71.18960748266886,,,,,,,,,
social,water,national aggregate,Bottom-40,sanitation,2013,2566756006.0,4319.93701987026,69.85824795598826,,,,,,,,,
social,water,national aggregate,Bottom-40,sanitation,2014,2610395060.0,4541.527542291532,68.50488495779246,,,,,,,,,
social,water,national aggregate,Bottom-40,sanitation,2015,2654080404.0,4759.986748302866,67.15179634253224,,,,,,,,,
social,water,national aggregate,Bottom-40,sanitation,2016,2699103202.0,4965.370691619974,65.79655024670654,,,,,,,,,
social,water,national aggregate,Bottom-40,sanitation,2017,2744639872.0,5198.870825564547,64.48957844805724,,,,,,,,,
social,water,national aggregate,Bottom-40,sanitation,2018,2789234139.0,5426.52687378534,63.22998299775743,,,,,,,,,
social,water,national aggregate,Bottom-40,sanitation,2019,2833251965.0,5588.548589423963,61.98569692152025,,,,,,,,,
social,water,national aggregate,Bottom-40,sanitation,2020,2877270629.0,5281.435276961947,60.75473214609305,,,,,,,,,
social,water,national aggregate,Bottom-40,sanitation,2021,2919388351.0,5524.204243343167,59.56433863606895,,,,,,,,,
social,water,national aggregate,Bottom-40,sanitation,2022,2959734990.0,5799.136966265341,58.44616591145376,,,,,,,,,
social,water,national aggregate,Middle-40,sanitation,2000,2430214080.0,7789.552898021705,72.20129635922198,,,,,,,,,
social,water,national aggregate,Middle-40,sanitation,2001,2449633983.0,7992.08088723415,71.88681253171293,,,,,,,,,
social,water,national aggregate,Middle-40,sanitation,2002,2468326997.0,8244.744065299968,71.35955162209818,,,,,,,,,
social,water,national aggregate,Middle-40,sanitation,2003,2486611321.0,8608.639900163098,70.07571700998368,,,,,,,,,
social,water,national aggregate,Middle-40,sanitation,2004,2504878737.0,9194.604428333312,68.63604848740974,,,,,,,,,
social,water,national aggregate,Middle-40,sanitation,2005,2523261598.0,9737.77386694342,67.1288614439519,,,,,,,,,
social,water,national aggregate,Middle-40,sanitation,2006,2541391775.0,10481.609044046008,65.55082449182265,,,,,,,,,
social,water,national aggregate,Middle-40,sanitation,2007,2559588050.0,11326.000188380662,63.91777786509179,,,,,,,,,
social,water,national aggregate,Middle-40,sanitation,2008,2578816022.0,11904.107433399238,62.22329872804082,,,,,,,,,
social,water,national aggregate,Middle-40,sanitation,2009,2599133237.0,11889.650094575858,60.42641693285452,,,,,,,,,
social,water,national aggregate,Middle-40,sanitation,2010,2619727412.0,12592.006020681398,58.564038114921686,,,,,,,,,
social,water,national aggregate,Middle-40,sanitation,2011,2640308451.0,13186.847001527176,56.65402126885667,,,,,,,,,
social,water,national aggregate,Middle-40,sanitation,2012,2662262640.0,13783.606920015462,54.66448961015778,,,,,,,,,
social,water,national aggregate,Middle-40,sanitation,2013,2685841709.0,14248.02786516206,52.615872079418,,,,,,,,,
social,water,national aggregate,Middle-40,sanitation,2014,2709496951.0,14721.699607335542,50.51028883173488,,,,,,,,,
social,water,national aggregate,Middle-40,sanitation,2015,2731890650.0,15110.805635637353,48.35499420158784,,,,,,,,,
social,water,national aggregate,Middle-40,sanitation,2016,2752378242.0,15517.172597643135,46.1675336597298,,,,,,,,,
social,water,national aggregate,Middle-40,sanitation,2017,2771876668.0,16146.060775853604,43.94765475579808,,,,,,,,,
social,water,national aggregate,Middle-40,sanitation,2018,2789329956.0,16719.893389721994,41.69734206346629,,,,,,,,,
social,water,national aggregate,Middle-40,sanitation,2019,2804189898.0,17228.992750958587,39.47438238930709,,,,,,,,,
social,water,national aggregate,Middle-40,sanitation,2020,2816295528.0,16920.565146767476,38.390758173408,,,,,,,,,
social,water,national aggregate,Middle-40,sanitation,2021,2824620223.0,18050.298245749156,37.39343597964294,,,,,,,,,
social,water,national aggregate,Middle-40,sanitation,2022,2830782884.0,18565.407746309567,36.47211779884393,,,,,,,,,
social,water,national aggregate,Top-20,sanitation,2000,922252574.0,42852.47101455112,7.827104245266,,,,,,,,,
social,water,national aggregate,Top-20,sanitation,2001,928706263.0,43176.925201236496,7.739043830587775,,,,,,,,,
social,water,national aggregate,Top-20,sanitation,2002,935296307.0,43398.63919685054,7.653503612204361,,,,,,,,,
social,water,national aggregate,Top-20,sanitation,2003,942122788.0,44125.49867071128,7.557824120943707,,,,,,,,,
social,water,national aggregate,Top-20,sanitation,2004,949160670.0,45360.31205676695,7.444679381347882,,,,,,,,,
social,water,national aggregate,Top-20,sanitation,2005,956671960.0,46339.739089575065,7.340524959312404,,,,,,,,,
social,water,national aggregate,Top-20,sanitation,2006,965007677.0,47361.48911793336,7.237398680507681,,,,,,,,,
social,water,national aggregate,Top-20,sanitation,2007,974345115.0,48139.00266712716,7.125096128590485,,,,,,,,,
social,water,national aggregate,Top-20,sanitation,2008,983914324.0,47830.14322956804,7.0101997669415965,,,,,,,,,
social,water,national aggregate,Top-20,sanitation,2009,992744916.0,45933.1415427743,6.8901267668496615,,,,,,,,,
social,water,national aggregate,Top-20,sanitation,2010,1000328899.0,47152.79166464184,6.771540535628319,,,,,,,,,
social,water,national aggregate,Top-20,sanitation,2011,1007273592.0,47986.54308915962,6.657327849619847,,,,,,,,,
social,water,national aggregate,Top-20,sanitation,2012,1014215427.0,48321.12846211396,6.536809354566444,,,,,,,,,
social,water,national aggregate,Top-20,sanitation,2013,1020902378.0,48746.868015185006,6.417699800542039,,,,,,,,,
social,water,national aggregate,Top-20,sanitation,2014,1027306478.0,49446.43630483054,6.279109109255401,,,,,,,,,
social,water,national aggregate,Top-20,sanitation,2015,1033609731.0,50247.24322459355,6.158855423218682,,,,,,,,,
social,water,national aggregate,Top-20,sanitation,2016,1039880970.0,50866.16051947058,6.041207956353702,,,,,,,,,
social,water,national aggregate,Top-20,sanitation,2017,1045991731.0,51829.88864026748,5.932814561359436,,,,,,,,,
social,water,national aggregate,Top-20,sanitation,2018,1051831448.0,52689.38926899402,5.8365718007414245,,,,,,,,,
social,water,national aggregate,Top-20,sanitation,2019,1057352256.0,53312.12183438301,5.747511684395562,,,,,,,,,
social,water,national aggregate,Top-20,sanitation,2020,1060561711.0,50618.97870022755,5.68678029745908,,,,,,,,,
social,water,national aggregate,Top-20,sanitation,2021,1062182828.0,53358.02419762599,5.645149710717945,,,,,,,,,
social,water,national aggregate,Top-20,sanitation,2022,1064679936.0,54607.022115445485,5.62076609989164,,,,,,,,,
social,energy,global doughnut,World,energyAccess,2000,6087113661.0,11033.593778486846,21.712166761740377,,,,,,,,,
social,energy,global doughnut,World,energyAccess,2001,6168321963.0,11157.924027657036,21.218797449029974,,,,,,,,,
social,energy,global doughnut,World,energyAccess,2002,6249366588.0,11289.939082169089,20.825411979576444,,,,,,,,,
social,energy,global doughnut,World,energyAccess,2003,6330239342.0,11559.495576669651,19.969591132341108,,,,,,,,,
social,energy,global doughnut,World,energyAccess,2004,6411455695.0,12000.204077563389,19.981507105774355,,,,,,,,,
social,energy,global doughnut,World,energyAccess,2005,6493271134.0,12388.84340932646,19.22918227680465,,,,,,,,,
social,energy,global doughnut,World,energyAccess,2006,6575894375.0,12881.718983200612,18.58172460581835,,,,,,,,,
social,energy,global doughnut,World,energyAccess,2007,6659804230.0,13384.936003439365,17.812244767125833,,,,,,,,,
social,energy,global doughnut,World,energyAccess,2008,6753659772.0,13554.87644970591,17.2126273086414,,,,,,,,,
social,energy,global doughnut,World,energyAccess,2009,6840172498.0,13303.153428987966,16.803206356375725,,,,,,,,,
social,energy,global doughnut,World,energyAccess,2010,6927291704.0,13796.6417931423,16.223395738771387,,,,,,,,,
social,energy,global doughnut,World,energyAccess,2011,7014617158.0,14181.534053313428,15.170371392676373,,,,,,,,,
social,energy,global doughnut,World,energyAccess,2012,7102957187.0,14457.278813069255,14.748080165853324,,,,,,,,,
social,energy,global doughnut,World,energyAccess,2013,7191631788.0,14719.598108524537,13.98892057248635,,,,,,,,,
social,energy,global doughnut,World,energyAccess,2014,7279857340.0,15050.324979535386,13.508042273256962,,,,,,,,,
social,energy,global doughnut,World,energyAccess,2015,7367243918.0,15354.313495222154,12.791876673710531,,,,,,,,,
social,energy,global doughnut,World,energyAccess,2016,7453927854.0,15641.917922024915,11.62971877927167,,,,,,,,,
social,energy,global doughnut,World,energyAccess,2017,7540109842.0,16060.191327793138,10.809917269054026,,,,,,,,,
social,energy,global doughnut,World,energyAccess,2018,7623892512.0,16431.285562868605,9.944689819519835,,,,,,,,,
social,energy,global doughnut,World,energyAccess,2019,7704868157.0,16713.676317093705,9.64454631478516,,,,,,,,,
social,energy,global doughnut,World,energyAccess,2020,7780698402.0,16015.845882759748,9.368784068942006,,,,,,,,,
social,energy,global doughnut,World,energyAccess,2021,7848869118.0,16837.8414884704,8.439088574747217,,,,,,,,,
social,energy,global doughnut,World,energyAccess,2022,7914502913.0,17254.434027524196,8.512055624269635,,,,,,,,,
social,energy,global doughnut,World,energyIndoor,2000,6059636363.0,10995.064076359731,50.486803507296536,,,,,,,,,
social,energy,global doughnut,World,energyIndoor,2001,6140556991.0,11119.218177339028,49.96021951394507,,,,,,,,,
social,energy,global doughnut,World,energyIndoor,2002,6221347760.0,11251.646282915188,49.33688370577439,,,,,,,,,
social,energy,global doughnut,World,energyIndoor,2003,6301969508.0,11517.900151430173,48.74044990745772,,,,,,,,,
social,energy,global doughnut,World,energyIndoor,2004,6382917596.0,11954.07328403658,48.031584069145175,,,,,,,,,
social,energy,global doughnut,World,energyIndoor,2005,6464462213.0,12337.921041801268,47.41795311843832,,,,,,,,,
social,energy,global doughnut,World,energyIndoor,2006,6546811954.0,12826.403135234004,46.59013495162931,,,,,,,,,
social,energy,global doughnut,World,energyIndoor,2007,6630423926.0,13326.074341537082,45.7000031600619,,,,,,,,,
social,energy,global doughnut,World,energyIndoor,2008,6723973980.0,13493.178374759696,44.73234742951816,,,,,,,,,
social,energy,global doughnut,World,energyIndoor,2009,6810196769.0,13245.0673765452,43.64813347316807,,,,,,,,,
social,energy,global doughnut,World,energyIndoor,2010,6897051001.0,13735.872982316125,42.52656509338171,,,,,,,,,
social,energy,global doughnut,World,energyIndoor,2011,6984541543.0,14134.512799263854,41.32056720976109,,,,,,,,,
social,energy,global doughnut,World,energyIndoor,2012,7072965910.0,14398.861508332566,40.0682373913421,,,,,,,,,
social,energy,global doughnut,World,energyIndoor,2013,7160921122.0,14666.829557024015,38.66493008201439,,,,,,,,,
social,energy,global doughnut,World,energyIndoor,2014,7248343339.0,15003.039713478607,37.323891561257625,,,,,,,,,
social,energy,global doughnut,World,energyIndoor,2015,7335421683.0,15307.715206437491,35.92028347999336,,,,,,,,,
social,energy,global doughnut,World,energyIndoor,2016,7422073680.0,15594.750729076615,34.39502505908834,,,,,,,,,
social,energy,global doughnut,World,energyIndoor,2017,7508239546.0,16005.589424543265,32.94149776330937,,,,,,,,,
social,energy,global doughnut,World,energyIndoor,2018,7592021166.0,16375.405709334487,31.38047021266695,,,,,,,,,
social,energy,global doughnut,World,energyIndoor,2019,7673020251.0,16662.76382687212,29.94034485974537,,,,,,,,,
social,energy,global doughnut,World,energyIndoor,2020,7748843247.0,15976.41413216238,28.495148214720373,,,,,,,,,
social,energy,global doughnut,World,energyIndoor,2021,7816988333.0,16792.819840009444,27.200249803858824,,,,,,,,,
social,energy,global doughnut,World,energyIndoor,2022,7882640616.0,17211.5157629073,25.91591485379853,,,,,,,,,
social,energy,national aggregate,World,energyAccess,2000,6087113661.0,11033.593778486846,21.712166761740377,,,,,,,,,
social,energy,national aggregate,World,energyAccess,2001,6168321963.0,11157.924027657036,21.218797449029974,,,,,,,,,
social,energy,national aggregate,World,energyAccess,2002,6249366588.0,11289.939082169089,20.825411979576444,,,,,,,,,
social,energy,national aggregate,World,energyAccess,2003,6330239342.0,11559.495576669651,19.969591132341108,,,,,,,,,
social,energy,national aggregate,World,energyAccess,2004,6411455695.0,12000.204077563389,19.981507105774355,,,,,,,,,
social,energy,national aggregate,World,energyAccess,2005,6493271134.0,12388.84340932646,19.22918227680465,,,,,,,,,
social,energy,national aggregate,World,energyAccess,2006,6575894375.0,12881.718983200612,18.58172460581835,,,,,,,,,
social,energy,national aggregate,World,energyAccess,2007,6659804230.0,13384.936003439365,17.812244767125833,,,,,,,,,
social,energy,national aggregate,World,energyAccess,2008,6753659772.0,13554.87644970591,17.2126273086414,,,,,,,,,
social,energy,national aggregate,World,energyAccess,2009,6840172498.0,13303.153428987966,16.803206356375725,,,,,,,,,
social,energy,national aggregate,World,energyAccess,2010,6927291704.0,13796.6417931423,16.223395738771387,,,,,,,,,
social,energy,national aggregate,World,energyAccess,2011,7014617158.0,14181.534053313428,15.170371392676373,,,,,,,,,
social,energy,national aggregate,World,energyAccess,2012,7102957187.0,14457.278813069255,14.748080165853324,,,,,,,,,
social,energy,national aggregate,World,energyAccess,2013,7191631788.0,14719.598108524537,13.98892057248635,,,,,,,,,
social,energy,national aggregate,World,energyAccess,2014,7279857340.0,15050.324979535386,13.508042273256962,,,,,,,,,
social,energy,national aggregate,World,energyAccess,2015,7367243918.0,15354.313495222154,12.791876673710531,,,,,,,,,
social,energy,national aggregate,World,energyAccess,2016,7453927854.0,15641.917922024915,11.62971877927167,,,,,,,,,
social,energy,national aggregate,World,energyAccess,2017,7540109842.0,16060.191327793138,10.809917269054026,,,,,,,,,
social,energy,national aggregate,World,energyAccess,2018,7623892512.0,16431.285562868605,9.944689819519835,,,,,,,,,
social,energy,national aggregate,World,energyAccess,2019,7704868157.0,16713.676317093705,9.64454631478516,,,,,,,,,
social,energy,national aggregate,World,energyAccess,2020,7780698402.0,16015.845882759748,9.368784068942006,,,,,,,,,
social,energy,national aggregate,World,energyAccess,2021,7848869118.0,16837.8414884704,8.439088574747217,,,,,,,,,
social,energy,national aggregate,World,energyAccess,2022,7914502913.0,17254.434027524196,8.512055624269635,,,,,,,,,
social,energy,national aggregate,Bottom-40,energyAccess,2000,2390496925.0,2590.9974391428664,49.27181623925327,,,,,,,,,
social,energy,national aggregate,Bottom-40,energyAccess,2001,2441157194.0,2663.2031090486253,48.10960995267231,,,,,,,,,
social,energy,national aggregate,Bottom-40,energyAccess,2002,2492714585.0,2731.9750022323224,47.33039425919674,,,,,,,,,
social,energy,national aggregate,Bottom-40,energyAccess,2003,2544324485.0,2846.256099720923,45.03121804654565,,,,,,,,,
social,energy,national aggregate,Bottom-40,energyAccess,2004,2595669620.0,2992.2508778064066,45.12565598117221,,,,,,,,,
social,energy,national aggregate,Bottom-40,energyAccess,2005,2646943702.0,3139.9579892205297,42.89405697809586,,,,,,,,,
social,energy,national aggregate,Bottom-40,energyAccess,2006,2698319942.0,3312.081416215672,41.963395087638574,,,,,,,,,
social,energy,national aggregate,Bottom-40,energyAccess,2007,2749859301.0,3481.6419270781485,39.96385776899063,,,,,,,,,
social,energy,national aggregate,Bottom-40,energyAccess,2008,2810086898.0,3550.327833144699,38.73130359066925,,,,,,,,,
social,energy,national aggregate,Bottom-40,energyAccess,2009,2862628786.0,3690.6612219346794,37.92269819210153,,,,,,,,,
social,energy,national aggregate,Bottom-40,energyAccess,2010,2916557172.0,3860.087593058656,36.80893734244274,,,,,,,,,
social,energy,national aggregate,Bottom-40,energyAccess,2011,2971219398.0,4025.339575358574,34.31594248147138,,,,,,,,,
social,energy,national aggregate,Bottom-40,energyAccess,2012,3025496765.0,4118.907239318242,33.37417181650828,,,,,,,,,
social,energy,national aggregate,Bottom-40,energyAccess,2013,3078734496.0,4261.941562979554,31.60550079203712,,,,,,,,,
social,energy,national aggregate,Bottom-40,energyAccess,2014,3131533963.0,4461.00717186334,30.463124384290765,,,,,,,,,
social,energy,national aggregate,Bottom-40,energyAccess,2015,3184625696.0,4655.56473539207,28.498086630303945,,,,,,,,,
social,energy,national aggregate,Bottom-40,energyAccess,2016,3239351100.0,4835.955023097456,25.913294827072008,,,,,,,,,
social,energy,national aggregate,Bottom-40,energyAccess,2017,3295224355.0,5037.397493099811,24.02400524012272,,,,,,,,,
social,energy,national aggregate,Bottom-40,energyAccess,2018,3351275676.0,5234.702054758413,21.944718993926173,,,,,,,,,
social,energy,national aggregate,Bottom-40,energyAccess,2019,3407742141.0,5364.77105881448,21.20306303401728,,,,,,,,,
social,energy,national aggregate,Bottom-40,energyAccess,2020,3464675412.0,5076.04284296782,20.392299443807172,,,,,,,,,
social,energy,national aggregate,Bottom-40,energyAccess,2021,3519786549.0,5287.298647675415,18.35380042748723,,,,,,,,,
social,energy,national aggregate,Bottom-40,energyAccess,2022,3573523686.0,5529.041654165806,18.44263613667846,,,,,,,,,
social,energy,national aggregate,Middle-40,energyAccess,2000,2771079507.0,7692.85018485735,5.189422266619914,,,,,,,,,
social,energy,national aggregate,Middle-40,energyAccess,2001,2795128241.0,7902.984182376066,4.808814744038784,,,,,,,,,
social,energy,national aggregate,Middle-40,energyAccess,2002,2817982774.0,8168.321690814426,4.316729624834821,,,,,,,,,
social,energy,national aggregate,Middle-40,energyAccess,2003,2840378133.0,8528.850379276693,4.167846747889314,,,,,,,,,
social,energy,national aggregate,Middle-40,energyAccess,2004,2863160639.0,9073.696198278563,3.834661969555,,,,,,,,,
social,energy,national aggregate,Middle-40,energyAccess,2005,2886128730.0,9583.909852877112,3.922863384475576,,,,,,,,,
social,energy,national aggregate,Middle-40,energyAccess,2006,2908976565.0,10285.251123919892,3.0803054782602004,,,,,,,,,
social,energy,national aggregate,Middle-40,energyAccess,2007,2931945847.0,11087.96033204242,2.977912114213765,,,,,,,,,
social,energy,national aggregate,Middle-40,energyAccess,2008,2955942444.0,11621.247297116652,2.5067808330438623,,,,,,,,,
social,energy,national aggregate,Middle-40,energyAccess,2009,2981024091.0,11630.725189742872,2.139607837741565,,,,,,,,,
social,energy,national aggregate,Middle-40,energyAccess,2010,3006436061.0,12302.342501699068,1.672686333607686,,,,,,,,,
social,energy,national aggregate,Middle-40,energyAccess,2011,3031818549.0,12869.064810164246,1.469135909920837,,,,,,,,,
social,energy,national aggregate,Middle-40,energyAccess,2012,3058599742.0,13418.780155524284,1.236360904361845,,,,,,,,,
social,energy,national aggregate,Middle-40,energyAccess,2013,3087056858.0,13858.936902267154,1.0684028408977184,,,,,,,,,
social,energy,national aggregate,Middle-40,energyAccess,2014,3115874201.0,14317.047425141602,0.9436555758753968,,,,,,,,,
social,energy,national aggregate,Middle-40,energyAccess,2015,3143671521.0,14682.35031361053,1.1086198514122856,,,,,,,,,
social,energy,national aggregate,Middle-40,energyAccess,2016,3169140069.0,15090.746063579065,0.865055804922207,,,,,,,,,
social,energy,national aggregate,Middle-40,energyAccess,2017,3193178974.0,15681.633581815418,0.7339007424204596,,,,,,,,,
social,energy,national aggregate,Middle-40,energyAccess,2018,3214995105.0,16205.265939374283,0.7063592262918945,,,,,,,,,
social,energy,national aggregate,Middle-40,energyAccess,2019,3233967613.0,16672.718839130957,0.6355618287387017,,,,,,,,,
social,energy,national aggregate,Middle-40,energyAccess,2020,3249703015.0,16353.946617090254,0.6902122275318163,,,,,,,,,
social,energy,national aggregate,Middle-40,energyAccess,2021,3261155656.0,17377.02988724466,0.5016141525444624,,,,,,,,,
social,energy,national aggregate,Middle-40,energyAccess,2022,3270491108.0,17872.515797620435,0.4474838545257427,,,,,,,,,
social,energy,national aggregate,Top-20,energyAccess,2000,925537229.0,42841.57056886864,0.0,,,,,,,,,
social,energy,national aggregate,Top-20,energyAccess,2001,932036528.0,43168.38978676752,0.0,,,,,,,,,
social,energy,national aggregate,Top-20,energyAccess,2002,938669229.0,43387.74839026642,0.0,,,,,,,,,
social,energy,national aggregate,Top-20,energyAccess,2003,945536724.0,44109.777454907606,0.0,,,,,,,,,
social,energy,national aggregate,Top-20,energyAccess,2004,952625436.0,45340.414645573714,0.0,,,,,,,,,
social,energy,national aggregate,Top-20,energyAccess,2005,960198702.0,46315.86108642239,0.0002619449489600356,,,,,,,,,
social,energy,national aggregate,Top-20,energyAccess,2006,968597868.0,47338.75129945506,0.0002643665740436063,,,,,,,,,
social,energy,national aggregate,Top-20,energyAccess,2007,977999082.0,48116.33221024317,0.0,,,,,,,,,
social,energy,national aggregate,Top-20,energyAccess,2008,987630430.0,47807.91933225158,0.0,,,,,,,,,
social,energy,national aggregate,Top-20,energyAccess,2009,996519621.0,45919.21545509608,0.0,,,,,,,,,
social,energy,national aggregate,Top-20,energyAccess,2010,1004298471.0,47126.41840786978,0.0,,,,,,,,,
social,energy,national aggregate,Top-20,energyAccess,2011,1011579211.0,47946.01860155472,0.0,,,,,,,,,
social,energy,national aggregate,Top-20,energyAccess,2012,1018860680.0,48274.52404996078,0.0,,,,,,,,,
social,energy,national aggregate,Top-20,energyAccess,2013,1025840434.0,48694.91910204364,0.0,,,,,,,,,
social,energy,national aggregate,Top-20,energyAccess,2014,1032449176.0,49381.90255022027,0.0,,,,,,,,,
social,energy,national aggregate,Top-20,energyAccess,2015,1038946701.0,50181.83804288999,0.0,,,,,,,,,
social,energy,national aggregate,Top-20,energyAccess,2016,1045436685.0,50795.6954314738,0.003196393476486,,,,,,,,,
social,energy,national aggregate,Top-20,energyAccess,2017,1051706513.0,51746.36506086974,0.0,,,,,,,,,
social,energy,national aggregate,Top-20,energyAccess,2018,1057621731.0,52596.85291749837,0.0033110262368438,,,,,,,,,
social,energy,national aggregate,Top-20,energyAccess,2019,1063158403.0,53214.91427993404,0.0,,,,,,,,,
social,energy,national aggregate,Top-20,energyAccess,2020,1066319975.0,50530.94500051039,0.0,,,,,,,,,
social,energy,national aggregate,Top-20,energyAccess,2021,1067926913.0,53260.809722408114,0.0,,,,,,,,,
social,energy,national aggregate,Top-20,energyAccess,2022,1070488119.0,54508.03426175838,0.0,,,,,,,,,
social,energy,national aggregate,World,energyIndoor,2000,6059636363.0,10995.064076359731,50.486803507296536,,,,,,,,,
social,energy,national aggregate,World,energyIndoor,2001,6140556991.0,11119.218177339028,49.96021951394507,,,,,,,,,
social,energy,national aggregate,World,energyIndoor,2002,6221347760.0,11251.646282915188,49.33688370577439,,,,,,,,,
social,energy,national aggregate,World,energyIndoor,2003,6301969508.0,11517.900151430173,48.74044990745772,,,,,,,,,
social,energy,national aggregate,World,energyIndoor,2004,6382917596.0,11954.07328403658,48.031584069145175,,,,,,,,,
social,energy,national aggregate,World,energyIndoor,2005,6464462213.0,12337.921041801268,47.41795311843832,,,,,,,,,
social,energy,national aggregate,World,energyIndoor,2006,6546811954.0,12826.403135234004,46.59013495162931,,,,,,,,,
social,energy,national aggregate,World,energyIndoor,2007,6630423926.0,13326.074341537082,45.7000031600619,,,,,,,,,
social,energy,national aggregate,World,energyIndoor,2008,6723973980.0,13493.178374759696,44.73234742951816,,,,,,,,,
social,energy,national aggregate,World,energyIndoor,2009,6810196769.0,13245.0673765452,43.64813347316807,,,,,,,,,
social,energy,national aggregate,World,energyIndoor,2010,6897051001.0,13735.872982316125,42.52656509338171,,,,,,,,,
social,energy,national aggregate,World,energyIndoor,2011,6984541543.0,14134.512799263854,41.32056720976109,,,,,,,,,
social,energy,national aggregate,World,energyIndoor,2012,7072965910.0,14398.861508332566,40.0682373913421,,,,,,,,,
social,energy,national aggregate,World,energyIndoor,2013,7160921122.0,14666.829557024015,38.66493008201439,,,,,,,,,
social,energy,national aggregate,World,energyIndoor,2014,7248343339.0,15003.039713478607,37.323891561257625,,,,,,,,,
social,energy,national aggregate,World,energyIndoor,2015,7335421683.0,15307.715206437491,35.92028347999336,,,,,,,,,
social,energy,national aggregate,World,energyIndoor,2016,7422073680.0,15594.750729076615,34.39502505908834,,,,,,,,,
social,energy,national aggregate,World,energyIndoor,2017,7508239546.0,16005.589424543265,32.94149776330937,,,,,,,,,
social,energy,national aggregate,World,energyIndoor,2018,7592021166.0,16375.405709334487,31.38047021266695,,,,,,,,,
social,energy,national aggregate,World,energyIndoor,2019,7673020251.0,16662.76382687212,29.94034485974537,,,,,,,,,
social,energy,national aggregate,World,energyIndoor,2020,7748843247.0,15976.41413216238,28.495148214720373,,,,,,,,,
social,energy,national aggregate,World,energyIndoor,2021,7816988333.0,16792.819840009444,27.200249803858824,,,,,,,,,
social,energy,national aggregate,World,energyIndoor,2022,7882640616.0,17211.5157629073,25.91591485379853,,,,,,,,,
social,energy,national aggregate,Bottom-40,energyIndoor,2000,2387356971.0,2587.7606554050494,80.56109855506398,,,,,,,,,
social,energy,national aggregate,Bottom-40,energyIndoor,2001,2437927116.0,2661.0209059382028,79.68513460178438,,,,,,,,,
social,energy,national aggregate,Bottom-40,energyIndoor,2002,2489405099.0,2730.7936384665823,78.83573855602519,,,,,,,,,
social,energy,national aggregate,Bottom-40,energyIndoor,2003,2540940295.0,2844.688437488286,78.13083910670952,,,,,,,,,
social,energy,national aggregate,Bottom-40,energyIndoor,2004,2592209495.0,2989.963110425705,77.2561156087232,,,,,,,,,
social,energy,national aggregate,Bottom-40,energyIndoor,2005,2643402509.0,3137.2179285498087,76.5749437782084,,,,,,,,,
social,energy,national aggregate,Bottom-40,energyIndoor,2006,2694692274.0,3309.7477306010096,75.71144757783574,,,,,,,,,
social,energy,national aggregate,Bottom-40,energyIndoor,2007,2746141423.0,3479.36331276722,74.75022874961746,,,,,,,,,
social,energy,national aggregate,Bottom-40,energyIndoor,2008,2806278080.0,3547.820843438134,73.9152795326684,,,,,,,,,
social,energy,national aggregate,Bottom-40,energyIndoor,2009,2858729388.0,3688.079656470388,72.90062834069134,,,,,,,,,
social,energy,national aggregate,Bottom-40,energyIndoor,2010,2912564894.0,3857.516958987994,71.68026518876252,,,,,,,,,
social,energy,national aggregate,Bottom-40,energyIndoor,2011,2967131654.0,4022.3657612354673,70.44502996219256,,,,,,,,,
social,energy,national aggregate,Bottom-40,energyIndoor,2012,3021312604.0,4115.695271671583,69.1518514097623,,,,,,,,,
social,energy,national aggregate,Bottom-40,energyIndoor,2013,3074452702.0,4258.611236354349,67.52193041755241,,,,,,,,,
social,energy,national aggregate,Bottom-40,energyIndoor,2014,3127153488.0,4457.9954043664175,66.03725777632825,,,,,,,,,
social,energy,national aggregate,Bottom-40,energyIndoor,2015,3180141082.0,4652.530273786089,64.21926954524025,,,,,,,,,
social,energy,national aggregate,Bottom-40,energyIndoor,2016,3234757252.0,4832.514296563375,62.17660815852466,,,,,,,,,
social,energy,national aggregate,Bottom-40,energyIndoor,2017,3290523408.0,5034.241052859113,60.16762380346817,,,,,,,,,
social,energy,national aggregate,Bottom-40,energyIndoor,2018,3346470129.0,5231.607967203087,57.72972827015185,,,,,,,,,
social,energy,national aggregate,Bottom-40,energyIndoor,2019,3402832366.0,5361.898589950597,55.5916694221898,,,,,,,,,
social,energy,national aggregate,Bottom-40,energyIndoor,2020,3459656011.0,5074.310113385977,53.07085847275584,,,,,,,,,
social,energy,national aggregate,Bottom-40,energyIndoor,2021,3514653157.0,5285.120537739254,50.983308062522994,,,,,,,,,
social,energy,national aggregate,Bottom-40,energyIndoor,2022,3568273614.0,5526.971187272155,48.81129649000061,,,,,,,,,
social,energy,national aggregate,Middle-40,energyIndoor,2000,2753506384.0,7643.736734195255,41.257783463922415,,,,,,,,,
social,energy,national aggregate,Middle-40,energyIndoor,2001,2777428265.0,7853.080983826482,40.51122624419969,,,,,,,,,
social,energy,national aggregate,Middle-40,energyIndoor,2002,2800155972.0,8117.616174519141,39.52916283604076,,,,,,,,,
social,energy,national aggregate,Middle-40,energyIndoor,2003,2822412946.0,8474.053290618562,38.49012665158035,,,,,,,,,
social,energy,national aggregate,Middle-40,energyIndoor,2004,2845032963.0,9014.996811150071,37.36955180260595,,,,,,,,,
social,energy,national aggregate,Middle-40,energyIndoor,2005,2867832479.0,9518.828080104277,36.30378287591045,,,,,,,,,
social,energy,national aggregate,Middle-40,energyIndoor,2006,2890517296.0,10217.686191463206,34.94108121692069,,,,,,,,,
social,energy,national aggregate,Middle-40,energyIndoor,2007,2913320027.0,11019.357387827971,33.54787456129344,,,,,,,,,
social,energy,national aggregate,Middle-40,energyIndoor,2008,2937151548.0,11551.941203297298,31.783280476067542,,,,,,,,,
social,energy,national aggregate,Middle-40,energyIndoor,2009,2962078030.0,11564.189976688072,29.99556662950232,,,,,,,,,
social,energy,national aggregate,Middle-40,energyIndoor,2010,2987356000.0,12234.452991947355,28.29741897684775,,,,,,,,,
social,energy,national aggregate,Middle-40,energyIndoor,2011,3013042231.0,12838.433976550132,26.41368221469844,,,,,,,,,
social,energy,national aggregate,Middle-40,energyIndoor,2012,3040063191.0,13361.51909677333,24.49683187802526,,,,,,,,,
social,energy,national aggregate,Middle-40,energyIndoor,2013,3067961619.0,13818.098341008284,22.582920418356775,,,,,,,,,
social,energy,national aggregate,Middle-40,energyIndoor,2014,3096129954.0,14290.629131683723,20.6799264700373,,,,,,,,,
social,energy,national aggregate,Middle-40,energyIndoor,2015,3123771093.0,14658.372661687048,18.971969199216858,,,,,,,,,
social,energy,national aggregate,Middle-40,energyIndoor,2016,3149353279.0,15068.318032144582,17.195967321152978,,,,,,,,,
social,energy,national aggregate,Middle-40,energyIndoor,2017,3173509033.0,15647.593077924745,15.550509284433474,,,,,,,,,
social,energy,national aggregate,Middle-40,energyIndoor,2018,3195449042.0,16171.085742167696,14.098294871901132,,,,,,,,,
social,energy,national aggregate,Middle-40,energyIndoor,2019,3214564086.0,16646.723403982578,12.61873751953253,,,,,,,,,
social,energy,national aggregate,Middle-40,energyIndoor,2020,3230406975.0,16348.761716655175,11.514809923198612,,,,,,,,,
social,energy,national aggregate,Middle-40,energyIndoor,2021,3241941880.0,17366.64827412939,10.313383759736,,,,,,,,,
social,energy,national aggregate,Middle-40,energyIndoor,2022,3251407075.0,17861.177354271367,9.261769136351518,,,,,,,,,
social,energy,national aggregate,Top-20,energyIndoor,2000,918773008.0,42884.48116386297,0.0,,,,,,,,,
social,energy,national aggregate,Top-20,energyIndoor,2001,925201610.0,43211.60746647441,0.0,,,,,,,,,
social,energy,national aggregate,Top-20,energyIndoor,2002,931786689.0,43434.57774070831,0.0,,,,,,,,,
social,energy,national aggregate,Top-20,energyIndoor,2003,938616267.0,44150.09180789237,0.0,,,,,,,,,
social,energy,national aggregate,Top-20,energyIndoor,2004,945675138.0,45367.89551820015,0.0,,,,,,,,,
social,energy,national aggregate,Top-20,energyIndoor,2005,953227225.0,46333.85317750791,0.0,,,,,,,,,
social,energy,national aggregate,Top-20,energyIndoor,2006,961602384.0,47336.50813464364,0.0,,,,,,,,,
social,energy,national aggregate,Top-20,energyIndoor,2007,970962476.0,48096.38377034041,0.0,,,,,,,,,
social,energy,national aggregate,Top-20,energyIndoor,2008,980544352.0,47771.22661658624,0.0,,,,,,,,,
social,energy,national aggregate,Top-20,energyIndoor,2009,989389351.0,45891.19565832546,0.0,,,,,,,,,
social,energy,national aggregate,Top-20,energyIndoor,2010,997130107.0,47088.21962921867,0.0,,,,,,,,,
social,energy,national aggregate,Top-20,energyIndoor,2011,1004367658.0,47896.26480699086,0.0,,,,,,,,,
social,energy,national aggregate,Top-20,energyIndoor,2012,1011590115.0,48229.01241060337,0.0,,,,,,,,,
social,energy,national aggregate,Top-20,energyIndoor,2013,1018506801.0,48641.51652091816,0.0,,,,,,,,,
social,energy,national aggregate,Top-20,energyIndoor,2014,1025059897.0,49324.63198058534,0.0,,,,,,,,,
social,energy,national aggregate,Top-20,energyIndoor,2015,1031509508.0,50124.058180348926,0.0,,,,,,,,,
social,energy,national aggregate,Top-20,energyIndoor,2016,1037963149.0,50731.97590244021,0.0,,,,,,,,,
social,energy,national aggregate,Top-20,energyIndoor,2017,1044207105.0,51666.69831359288,0.0,,,,,,,,,
social,energy,national aggregate,Top-20,energyIndoor,2018,1050101995.0,52510.25783958397,0.0,,,,,,,,,
social,energy,national aggregate,Top-20,energyIndoor,2019,1055623799.0,53140.25987785476,0.0,,,,,,,,,
social,energy,national aggregate,Top-20,energyIndoor,2020,1058780261.0,50463.92472529489,0.0,,,,,,,,,
social,energy,national aggregate,Top-20,energyIndoor,2021,1060393296.0,53180.50108580106,0.0,,,,,,,,,
social,energy,national aggregate,Top-20,energyIndoor,2022,1062959927.0,54448.4207495699,0.0,,,,,,,,,
social,connectivity,global doughnut,World,internet,2000,6087093935.0,11033.585774423003,93.5249978168704,,,,,,,,,
social,connectivity,global doughnut,World,internet,2001,6168302135.0,11157.91575649126,91.99997741945565,,,,,,,,,
social,connectivity,global doughnut,World,internet,2002,6249346737.0,11289.929672069056,89.42391265779273,,,,,,,,,
social,connectivity,global doughnut,World,internet,2003,6330219462.0,11559.486218550295,87.76877966088784,,,,,,,,,
social,connectivity,global doughnut,World,internet,2004,6411435788.0,12000.195241685731,85.89351277271666,,,,,,,,,
social,connectivity,global doughnut,World,internet,2005,6493240985.0,12388.839510474303,84.44443853593782,,,,,,,,,
social,connectivity,global doughnut,World,internet,2006,6575864462.0,12881.719735688315,82.77960972853488,,,,,,,,,
social,connectivity,global doughnut,World,internet,2007,6659774597.0,13384.93597888585,79.73093600109722,,,,,,,,,
social,connectivity,global doughnut,World,internet,2008,6744806539.0,13570.96143898732,77.18830822378132,,,,,,,,,
social,connectivity,global doughnut,World,internet,2009,6830914212.0,13319.39295708107,74.64592668550112,,,,,,,,,
social,connectivity,global doughnut,World,internet,2010,6917548504.0,13814.285959961324,71.45933651231131,,,,,,,,,
social,connectivity,global doughnut,World,internet,2011,7004345585.0,14200.462225973131,68.99663322396557,,,,,,,,,
social,connectivity,global doughnut,World,internet,2012,7092227193.0,14478.080076233704,66.51492899124398,,,,,,,,,
social,connectivity,global doughnut,World,internet,2013,7180497258.0,14741.322797077588,64.52402243292588,,,,,,,,,
social,connectivity,global doughnut,World,internet,2014,7268615320.0,15072.51447634318,62.34051036926429,,,,,,,,,
social,connectivity,global doughnut,World,internet,2015,7356020640.0,15376.635099400555,59.94768027124695,,,,,,,,,
social,connectivity,global doughnut,World,internet,2016,7442832496.0,15664.21822108196,56.9166223706624,,,,,,,,,
social,connectivity,global doughnut,World,internet,2017,7529422097.0,16081.97926282373,54.58029597669068,,,,,,,,,
social,connectivity,global doughnut,World,internet,2018,7613467395.0,16452.81448841366,51.54707569290379,,,,,,,,,
social,connectivity,global doughnut,World,internet,2019,7694390443.0,16735.30646854002,46.90677913729161,,,,,,,,,
social,connectivity,global doughnut,World,internet,2020,7770061888.0,16036.684720347122,40.82018604024728,,,,,,,,,
social,connectivity,global doughnut,World,internet,2021,7838090311.0,16859.957675918846,38.17637318509968,,,,,,,,,
social,connectivity,global doughnut,World,internet,2022,7903559026.0,17277.30407723654,35.824336715885494,,,,,,,,,
social,connectivity,global doughnut,World,publicTrans,2000,6041477599.0,10978.903303474515,,,,,,,,,,
social,connectivity,global doughnut,World,publicTrans,2001,6122260151.0,11103.403477730491,,,,,,,,,,
social,connectivity,global doughnut,World,publicTrans,2002,6202920095.0,11235.061974695733,,,,,,,,,,
social,connectivity,global doughnut,World,publicTrans,2003,6283407854.0,11498.465253638253,,,,,,,,,,
social,connectivity,global doughnut,World,publicTrans,2004,6364213995.0,11933.9844830353,,,,,,,,,,
social,connectivity,global doughnut,World,publicTrans,2005,6445563379.0,12314.617801965522,,,,,,,,,,
social,connectivity,global doughnut,World,publicTrans,2006,6527667367.0,12795.356578732246,,,,,,,,,,
social,connectivity,global doughnut,World,publicTrans,2007,6610998516.0,13289.434386756651,,,,,,,,,,
social,connectivity,global doughnut,World,publicTrans,2008,6704241036.0,13455.439416920444,,,,,,,,,,
social,connectivity,global doughnut,World,publicTrans,2009,6790138106.0,13207.1707220566,,,,,,,,,,
social,connectivity,global doughnut,World,publicTrans,2010,6876693666.0,13688.924054588706,,,,,,,,,,
social,connectivity,global doughnut,World,publicTrans,2011,6963922294.0,14087.63847659107,,,,,,,,,,
social,connectivity,global doughnut,World,publicTrans,2012,7052146480.0,14350.221412786588,,,,,,,,,,
social,connectivity,global doughnut,World,publicTrans,2013,7140249434.0,14615.667550885586,,,,,,,,,,
social,connectivity,global doughnut,World,publicTrans,2014,7227898953.0,14947.562051923023,,,,,,,,,,
social,connectivity,global doughnut,World,publicTrans,2015,7314748076.0,15255.675331983288,,,,,,,,,,
social,connectivity,global doughnut,World,publicTrans,2016,7400939775.0,15544.668018670312,,,,,,,,,,
social,connectivity,global doughnut,World,publicTrans,2017,7486670038.0,15955.370144114073,,,,,,,,,,
social,connectivity,global doughnut,World,publicTrans,2018,7570052857.0,16327.148176322604,,,,,,,,,,
social,connectivity,global doughnut,World,publicTrans,2019,7650679266.0,16614.553191064562,,,,,,,,,,
social,connectivity,global doughnut,World,publicTrans,2020,7726257773.0,15928.967891421898,52.70890540313151,,,,,,,,,
social,connectivity,global doughnut,World,publicTrans,2021,7794250851.0,16740.98800020104,,,,,,,,,,
social,connectivity,global doughnut,World,publicTrans,2022,7859662218.0,17162.229673859252,,,,,,,,,,
social,connectivity,national aggregate,World,internet,2000,6087093935.0,11033.585774423003,93.5249978168704,,,,,,,,,
social,connectivity,national aggregate,World,internet,2001,6168302135.0,11157.91575649126,91.99997741945565,,,,,,,,,
social,connectivity,national aggregate,World,internet,2002,6249346737.0,11289.929672069056,89.42391265779273,,,,,,,,,
social,connectivity,national aggregate,World,internet,2003,6330219462.0,11559.486218550295,87.76877966088784,,,,,,,,,
social,connectivity,national aggregate,World,internet,2004,6411435788.0,12000.195241685731,85.89351277271666,,,,,,,,,
social,connectivity,national aggregate,World,internet,2005,6493240985.0,12388.839510474303,84.44443853593782,,,,,,,,,
social,connectivity,national aggregate,World,internet,2006,6575864462.0,12881.719735688315,82.77960972853488,,,,,,,,,
social,connectivity,national aggregate,World,internet,2007,6659774597.0,13384.93597888585,79.73093600109722,,,,,,,,,
social,connectivity,national aggregate,World,internet,2008,6744806539.0,13570.96143898732,77.18830822378132,,,,,,,,,
social,connectivity,national aggregate,World,internet,2009,6830914212.0,13319.39295708107,74.64592668550112,,,,,,,,,
social,connectivity,national aggregate,World,internet,2010,6917548504.0,13814.285959961324,71.45933651231131,,,,,,,,,
social,connectivity,national aggregate,World,internet,2011,7004345585.0,14200.462225973131,68.99663322396557,,,,,,,,,
social,connectivity,national aggregate,World,internet,2012,7092227193.0,14478.080076233704,66.51492899124398,,,,,,,,,
social,connectivity,national aggregate,World,internet,2013,7180497258.0,14741.322797077588,64.52402243292588,,,,,,,,,
social,connectivity,national aggregate,World,internet,2014,7268615320.0,15072.51447634318,62.34051036926429,,,,,,,,,
social,connectivity,national aggregate,World,internet,2015,7356020640.0,15376.635099400555,59.94768027124695,,,,,,,,,
social,connectivity,national aggregate,World,internet,2016,7442832496.0,15664.21822108196,56.9166223706624,,,,,,,,,
social,connectivity,national aggregate,World,internet,2017,7529422097.0,16081.97926282373,54.58029597669068,,,,,,,,,
social,connectivity,national aggregate,World,internet,2018,7613467395.0,16452.81448841366,51.54707569290379,,,,,,,,,
social,connectivity,national aggregate,World,internet,2019,7694390443.0,16735.30646854002,46.90677913729161,,,,,,,,,
social,connectivity,national aggregate,World,internet,2020,7770061888.0,16036.684720347122,40.82018604024728,,,,,,,,,
social,connectivity,national aggregate,World,internet,2021,7838090311.0,16859.957675918846,38.17637318509968,,,,,,,,,
social,connectivity,national aggregate,World,internet,2022,7903559026.0,17277.30407723654,35.824336715885494,,,,,,,,,
social,connectivity,national aggregate,Bottom-40,internet,2000,2390496925.0,2590.9974391428664,99.52613264609826,,,,,,,,,
social,connectivity,national aggregate,Bottom-40,internet,2001,2441157194.0,2663.2031090486253,99.36479509213449,,,,,,,,,
social,connectivity,national aggregate,Bottom-40,internet,2002,2492714585.0,2731.9750022323224,98.70457875552168,,,,,,,,,
social,connectivity,national aggregate,Bottom-40,internet,2003,2544324485.0,2846.256099720923,98.26670820640317,,,,,,,,,
social,connectivity,national aggregate,Bottom-40,internet,2004,2595669620.0,2992.2508778064066,97.6943543505474,,,,,,,,,
social,connectivity,national aggregate,Bottom-40,internet,2005,2646943702.0,3139.9579892205297,97.0533121085011,,,,,,,,,
social,connectivity,national aggregate,Bottom-40,internet,2006,2698319942.0,3312.081416215672,96.31256854469856,,,,,,,,,
social,connectivity,national aggregate,Bottom-40,internet,2007,2749859301.0,3481.6419270781485,95.3236958117371,,,,,,,,,
social,connectivity,national aggregate,Bottom-40,internet,2008,2801263010.0,3557.5426068377096,94.6145448035805,,,,,,,,,
social,connectivity,national aggregate,Bottom-40,internet,2009,2853399559.0,3698.437792066154,93.65847213828673,,,,,,,,,
social,connectivity,national aggregate,Bottom-40,internet,2010,2906842753.0,3868.8517088197127,91.3532732903016,,,,,,,,,
social,connectivity,national aggregate,Bottom-40,internet,2011,2960976348.0,4034.968290422384,89.58503094031919,,,,,,,,,
social,connectivity,national aggregate,Bottom-40,internet,2012,3014795161.0,4131.134523193988,88.32550058854525,,,,,,,,,
social,connectivity,national aggregate,Bottom-40,internet,2013,3067628465.0,4274.915655511126,86.90388803460048,,,,,,,,,
social,connectivity,national aggregate,Bottom-40,internet,2014,3120320679.0,4474.63224499865,84.96435195877933,,,,,,,,,
social,connectivity,national aggregate,Bottom-40,internet,2015,3173431397.0,4669.573832281262,83.0186249525154,,,,,,,,,
social,connectivity,national aggregate,Bottom-40,internet,2016,3228284995.0,4850.334301426057,80.5988820267648,,,,,,,,,
social,connectivity,national aggregate,Bottom-40,internet,2017,3284566129.0,5051.578902885055,78.44104289212957,,,,,,,,,
social,connectivity,national aggregate,Bottom-40,internet,2018,3340880347.0,5248.919327118378,75.80996249463605,,,,,,,,,
social,connectivity,national aggregate,Bottom-40,internet,2019,3397294475.0,5378.856799695747,70.36802410132502,,,,,,,,,
social,connectivity,national aggregate,Bottom-40,internet,2020,3454069185.0,5089.332126709156,62.5242207853561,,,,,,,,,
social,connectivity,national aggregate,Bottom-40,internet,2021,3509038277.0,5301.32722272403,59.56042660802529,,,,,,,,,
social,connectivity,national aggregate,Bottom-40,internet,2022,3562610522.0,5543.86282076746,56.61223509725826,,,,,,,,,
social,connectivity,national aggregate,Middle-40,internet,2000,2771059781.0,7692.808821261589,97.31592573178052,,,,,,,,,
social,connectivity,national aggregate,Middle-40,internet,2001,2795108413.0,7902.942839437011,96.14933797233002,,,,,,,,,
social,connectivity,national aggregate,Middle-40,internet,2002,2817962923.0,8168.278832122501,93.81769255488176,,,,,,,,,
social,connectivity,national aggregate,Middle-40,internet,2003,2840358253.0,8528.808311282033,91.95484310376358,,,,,,,,,
social,connectivity,national aggregate,Middle-40,internet,2004,2863140732.0,9073.656064500548,89.88102139840956,,,,,,,,,
social,connectivity,national aggregate,Middle-40,internet,2005,2886098581.0,9583.871779982044,88.23148569390378,,,,,,,,,
social,connectivity,national aggregate,Middle-40,internet,2006,2908946652.0,10285.226125219457,85.76968240966559,,,,,,,,,
social,connectivity,national aggregate,Middle-40,internet,2007,2931916214.0,11087.93706064039,81.55391363380551,,,,,,,,,
social,connectivity,national aggregate,Middle-40,internet,2008,2955913099.0,11621.228319353962,76.88835088745957,,,,,,,,,
social,connectivity,national aggregate,Middle-40,internet,2009,2980995032.0,11630.717370124625,72.07930668792828,,,,,,,,,
social,connectivity,national aggregate,Middle-40,internet,2010,3006407280.0,12302.345034640328,67.40964960571144,,,,,,,,,
social,connectivity,national aggregate,Middle-40,internet,2011,3031790026.0,12869.065213103731,63.32945748283964,,,,,,,,,
social,connectivity,national aggregate,Middle-40,internet,2012,3058571352.0,13418.779464495396,59.4935083239692,,,,,,,,,
social,connectivity,national aggregate,Middle-40,internet,2013,3087028359.0,13858.945578981356,56.49591754460829,,,,,,,,,
social,connectivity,national aggregate,Middle-40,internet,2014,3115845465.0,14317.05070501406,53.61340396514498,,,,,,,,,
social,connectivity,national aggregate,Middle-40,internet,2015,3143642542.0,14682.336574064317,50.18359980944148,,,,,,,,,
social,connectivity,national aggregate,Middle-40,internet,2016,3169110816.0,15090.733737891154,46.7712139682927,,,,,,,,,
social,connectivity,national aggregate,Middle-40,internet,2017,3193149455.0,15681.626121700332,43.72626508573805,,,,,,,,,
social,connectivity,national aggregate,Middle-40,internet,2018,3214965317.0,16205.269878749908,39.45473290449445,,,,,,,,,
social,connectivity,national aggregate,Middle-40,internet,2019,3233937565.0,16672.72088573896,34.23021734883122,,,,,,,,,
social,connectivity,national aggregate,Middle-40,internet,2020,3249672728.0,16353.945742524596,28.62648297364485,,,,,,,,,
social,connectivity,national aggregate,Middle-40,internet,2021,3261125121.0,17377.026807220493,25.17749866753732,,,,,,,,,
social,connectivity,national aggregate,Middle-40,internet,2022,3270460385.0,17872.519039713556,22.74746744731476,,,,,,,,,
social,connectivity,national aggregate,Top-20,internet,2000,925537229.0,42841.57056886864,66.6750976131723,,,,,,,,,
social,connectivity,national aggregate,Top-20,internet,2001,932036528.0,43168.38978676752,60.26668226895932,,,,,,,,,
social,connectivity,national aggregate,Top-20,internet,2002,938669229.0,43387.74839026642,51.58783634369036,,,,,,,,,
social,connectivity,national aggregate,Top-20,internet,2003,945536724.0,44109.777454907606,46.945345194593415,,,,,,,,,
social,connectivity,national aggregate,Top-20,internet,2004,952625436.0,45340.414645573714,41.75456502848408,,,,,,,,,
social,connectivity,national aggregate,Top-20,internet,2005,960198702.0,46315.86108642239,38.30318690883838,,,,,,,,,
social,connectivity,national aggregate,Top-20,internet,2006,968597868.0,47338.75129945506,36.09954150136535,,,,,,,,,
social,connectivity,national aggregate,Top-20,internet,2007,977999082.0,48116.33221024317,30.423411934685237,,,,,,,,,
social,connectivity,national aggregate,Top-20,internet,2008,987630430.0,47807.91933225158,28.659199906487277,,,,,,,,,
social,connectivity,national aggregate,Top-20,internet,2009,996519621.0,45919.21545509608,27.883869655567977,,,,,,,,,
social,connectivity,national aggregate,Top-20,internet,2010,1004298471.0,47126.41840786978,26.00119924305849,,,,,,,,,
social,connectivity,national aggregate,Top-20,internet,2011,1011579211.0,47946.01860155472,25.71769736038001,,,,,,,,,
social,connectivity,national aggregate,Top-20,internet,2012,1018860680.0,48274.52404996078,23.05570981034424,,,,,,,,,
social,connectivity,national aggregate,Top-20,internet,2013,1025840434.0,48694.91910204364,21.758964779419088,,,,,,,,,
social,connectivity,national aggregate,Top-20,internet,2014,1032449176.0,49381.90255022027,20.303258708620447,,,,,,,,,
social,connectivity,national aggregate,Top-20,internet,2015,1038946701.0,50181.83804288999,19.022307058338697,,,,,,,,,
social,connectivity,national aggregate,Top-20,internet,2016,1045436685.0,50795.6954314738,14.540875823369449,,,,,,,,,
social,connectivity,national aggregate,Top-20,internet,2017,1051706513.0,51746.36506086974,13.015793174098178,,,,,,,,,
social,connectivity,national aggregate,Top-20,internet,2018,1057621731.0,52596.85291749837,11.66236287455311,,,,,,,,,
social,connectivity,national aggregate,Top-20,internet,2019,1063158403.0,53214.91427993404,10.496825153993528,,,,,,,,,
social,connectivity,national aggregate,Top-20,internet,2020,1066319975.0,50530.94500051039,7.676576126739064,,,,,,,,,
social,connectivity,national aggregate,Top-20,internet,2021,1067926913.0,53260.809722408114,7.606391899770401,,,,,,,,,
social,connectivity,national aggregate,Top-20,internet,2022,1070488119.0,54508.03426175838,6.5929963154967055,,,,,,,,,
social,connectivity,national aggregate,World,publicTrans,2000,6041477599.0,10978.903303474515,,,,,,,,,,
social,connectivity,national aggregate,World,publicTrans,2001,6122260151.0,11103.403477730491,,,,,,,,,,
social,connectivity,national aggregate,World,publicTrans,2002,6202920095.0,11235.061974695733,,,,,,,,,,
social,connectivity,national aggregate,World,publicTrans,2003,6283407854.0,11498.465253638253,,,,,,,,,,
social,connectivity,national aggregate,World,publicTrans,2004,6364213995.0,11933.9844830353,,,,,,,,,,
social,connectivity,national aggregate,World,publicTrans,2005,6445563379.0,12314.617801965522,,,,,,,,,,
social,connectivity,national aggregate,World,publicTrans,2006,6527667367.0,12795.356578732246,,,,,,,,,,
social,connectivity,national aggregate,World,publicTrans,2007,6610998516.0,13289.434386756651,,,,,,,,,,
social,connectivity,national aggregate,World,publicTrans,2008,6704241036.0,13455.439416920444,,,,,,,,,,
social,connectivity,national aggregate,World,publicTrans,2009,6790138106.0,13207.1707220566,,,,,,,,,,
social,connectivity,national aggregate,World,publicTrans,2010,6876693666.0,13688.924054588706,,,,,,,,,,
social,connectivity,national aggregate,World,publicTrans,2011,6963922294.0,14087.63847659107,,,,,,,,,,
social,connectivity,national aggregate,World,publicTrans,2012,7052146480.0,14350.221412786588,,,,,,,,,,
social,connectivity,national aggregate,World,publicTrans,2013,7140249434.0,14615.667550885586,,,,,,,,,,
social,connectivity,national aggregate,World,publicTrans,2014,7227898953.0,14947.562051923023,,,,,,,,,,
social,connectivity,national aggregate,World,publicTrans,2015,7314748076.0,15255.675331983288,,,,,,,,,,
social,connectivity,national aggregate,World,publicTrans,2016,7400939775.0,15544.668018670312,,,,,,,,,,
social,connectivity,national aggregate,World,publicTrans,2017,7486670038.0,15955.370144114073,,,,,,,,,,
social,connectivity,national aggregate,World,publicTrans,2018,7570052857.0,16327.148176322604,,,,,,,,,,
social,connectivity,national aggregate,World,publicTrans,2019,7650679266.0,16614.553191064562,,,,,,,,,,
social,connectivity,national aggregate,World,publicTrans,2020,7726257773.0,15928.967891421898,52.70890540313151,,,,,,,,,
social,connectivity,national aggregate,World,publicTrans,2021,7794250851.0,16740.98800020104,,,,,,,,,,
social,connectivity,national aggregate,World,publicTrans,2022,7859662218.0,17162.229673859252,,,,,,,,,,
social,connectivity,national aggregate,Bottom-40,publicTrans,2000,2389937851.0,2590.7973502200234,,,,,,,,,,
social,connectivity,national aggregate,Bottom-40,publicTrans,2001,2440590437.0,2662.9725032468027,,,,,,,,,,
social,connectivity,national aggregate,Bottom-40,publicTrans,2002,2492140159.0,2731.7702632027585,,,,,,,,,,
social,connectivity,national aggregate,Bottom-40,publicTrans,2003,2543742549.0,2846.0938833615123,,,,,,,,,,
social,connectivity,national aggregate,Bottom-40,publicTrans,2004,2595080274.0,2992.134850348366,,,,,,,,,,
social,connectivity,national aggregate,Bottom-40,publicTrans,2005,2646347084.0,3139.873782789495,,,,,,,,,,
social,connectivity,national aggregate,Bottom-40,publicTrans,2006,2697716207.0,3312.027069030752,,,,,,,,,,
social,connectivity,national aggregate,Bottom-40,publicTrans,2007,2749248601.0,3481.6293914698067,,,,,,,,,,
social,connectivity,national aggregate,Bottom-40,publicTrans,2008,2809469256.0,3550.3155359510456,,,,,,,,,,
social,connectivity,national aggregate,Bottom-40,publicTrans,2009,2862004088.0,3690.700456165887,,,,,,,,,,
social,connectivity,national aggregate,Bottom-40,publicTrans,2010,2915924787.0,3860.15680602121,,,,,,,,,,
social,connectivity,national aggregate,Bottom-40,publicTrans,2011,2970579064.0,4025.431105335212,,,,,,,,,,
social,connectivity,national aggregate,Bottom-40,publicTrans,2012,3024849043.0,4119.023200309661,,,,,,,,,,
social,connectivity,national aggregate,Bottom-40,publicTrans,2013,3078079683.0,4262.067008681785,,,,,,,,,,
social,connectivity,national aggregate,Bottom-40,publicTrans,2014,3130872083.0,4461.156105078035,,,,,,,,,,
social,connectivity,national aggregate,Bottom-40,publicTrans,2015,3183956680.0,4655.7127943524165,,,,,,,,,,
social,connectivity,national aggregate,Bottom-40,publicTrans,2016,3238674556.0,4836.139761145105,,,,,,,,,,
social,connectivity,national aggregate,Bottom-40,publicTrans,2017,3294539894.0,5037.594277411929,,,,,,,,,,
social,connectivity,national aggregate,Bottom-40,publicTrans,2018,3350583184.0,5234.918590293113,,,,,,,,,,
social,connectivity,national aggregate,Bottom-40,publicTrans,2019,3407041482.0,5364.951618839672,,,,,,,,,,
social,connectivity,national aggregate,Bottom-40,publicTrans,2020,3463965422.0,5076.221315554915,64.1488787032491,,,,,,,,,
social,connectivity,national aggregate,Bottom-40,publicTrans,2021,3519066136.0,5287.550177387029,,,,,,,,,,
social,connectivity,national aggregate,Bottom-40,publicTrans,2022,3572791811.0,5529.347661596604,,,,,,,,,,
social,connectivity,national aggregate,Middle-40,publicTrans,2000,2737564855.0,7670.4124135029615,,,,,,,,,,
social,connectivity,national aggregate,Middle-40,publicTrans,2001,2761354142.0,7880.253700568441,,,,,,,,,,
social,connectivity,national aggregate,Middle-40,publicTrans,2002,2783955521.0,8146.016698608348,,,,,,,,,,
social,connectivity,national aggregate,Middle-40,publicTrans,2003,2806093614.0,8499.095734837798,,,,,,,,,,
social,connectivity,national aggregate,Middle-40,publicTrans,2004,2828605068.0,9043.039868429636,,,,,,,,,,
social,connectivity,national aggregate,Middle-40,publicTrans,2005,2851280851.0,9546.169937207604,,,,,,,,,,
social,connectivity,national aggregate,Middle-40,publicTrans,2006,2873851672.0,10239.62576484158,,,,,,,,,,
social,connectivity,national aggregate,Middle-40,publicTrans,2007,2896534245.0,11038.684124419626,,,,,,,,,,
social,connectivity,national aggregate,Middle-40,publicTrans,2008,2920216827.0,11569.553482072788,,,,,,,,,,
social,connectivity,national aggregate,Middle-40,publicTrans,2009,2944973001.0,11578.507362998154,,,,,,,,,,
social,connectivity,national aggregate,Middle-40,publicTrans,2010,2970051600.0,12249.351482298403,,,,,,,,,,
social,connectivity,national aggregate,Middle-40,publicTrans,2011,2995503371.0,12856.318893814649,,,,,,,,,,
social,connectivity,national aggregate,Middle-40,publicTrans,2012,3022347774.0,13381.672152733729,,,,,,,,,,
social,connectivity,national aggregate,Middle-40,publicTrans,2013,3050437239.0,13837.031472670664,,,,,,,,,,
social,connectivity,national aggregate,Middle-40,publicTrans,2014,3078883134.0,14307.344984822936,,,,,,,,,,
social,connectivity,national aggregate,Middle-40,publicTrans,2015,3106328439.0,14680.39070142216,,,,,,,,,,
social,connectivity,national aggregate,Middle-40,publicTrans,2016,3131458595.0,15099.847166979172,,,,,,,,,,
social,connectivity,national aggregate,Middle-40,publicTrans,2017,3155180308.0,15682.974773253174,,,,,,,,,,
social,connectivity,national aggregate,Middle-40,publicTrans,2018,3176706387.0,16207.786404451655,,,,,,,,,,
social,connectivity,national aggregate,Middle-40,publicTrans,2019,3195412439.0,16684.4968300191,,,,,,,,,,
social,connectivity,national aggregate,Middle-40,publicTrans,2020,3210938372.0,16382.4446583708,49.45306831153896,,,,,,,,,
social,connectivity,national aggregate,Middle-40,publicTrans,2021,3222235739.0,17403.043031274414,,,,,,,,,,
social,connectivity,national aggregate,Middle-40,publicTrans,2022,3231398899.0,17905.04563004222,,,,,,,,,,
social,connectivity,national aggregate,Top-20,publicTrans,2000,913974893.0,42822.51358452317,,,,,,,,,,
social,connectivity,national aggregate,Top-20,publicTrans,2001,920315572.0,43157.50970547592,,,,,,,,,,
social,connectivity,national aggregate,Top-20,publicTrans,2002,926824415.0,43378.32333762166,,,,,,,,,,
social,connectivity,national aggregate,Top-20,publicTrans,2003,933571691.0,44089.33872417347,,,,,,,,,,
social,connectivity,national aggregate,Top-20,publicTrans,2004,940528653.0,45300.4939274221,,,,,,,,,,
social,connectivity,national aggregate,Top-20,publicTrans,2005,947935444.0,46254.88205625687,,,,,,,,,,
social,connectivity,national aggregate,Top-20,publicTrans,2006,956099488.0,47235.41579914331,,,,,,,,,,
social,connectivity,national aggregate,Top-20,publicTrans,2007,965215670.0,47979.577133791725,,,,,,,,,,
social,connectivity,national aggregate,Top-20,publicTrans,2008,974554953.0,47661.14198770168,,,,,,,,,,
social,connectivity,national aggregate,Top-20,publicTrans,2009,983161017.0,45788.35108882734,,,,,,,,,,
social,connectivity,national aggregate,Top-20,publicTrans,2010,990717279.0,46933.0710635546,,,,,,,,,,
social,connectivity,national aggregate,Top-20,publicTrans,2011,997839859.0,47739.33540250453,,,,,,,,,,
social,connectivity,national aggregate,Top-20,publicTrans,2012,1004949663.0,48058.4996172485,,,,,,,,,,
social,connectivity,national aggregate,Top-20,publicTrans,2013,1011732512.0,48462.94196117064,,,,,,,,,,
social,connectivity,national aggregate,Top-20,publicTrans,2014,1018143736.0,49130.11204894582,,,,,,,,,,
social,connectivity,national aggregate,Top-20,publicTrans,2015,1024462957.0,49943.94228693109,,,,,,,,,,
social,connectivity,national aggregate,Top-20,publicTrans,2016,1030806624.0,50540.92749082263,,,,,,,,,,
social,connectivity,national aggregate,Top-20,publicTrans,2017,1036949836.0,51471.55750260389,,,,,,,,,,
social,connectivity,national aggregate,Top-20,publicTrans,2018,1042763286.0,52332.07444401224,,,,,,,,,,
social,connectivity,national aggregate,Top-20,publicTrans,2019,1048225345.0,52965.85934899605,,,,,,,,,,
social,connectivity,national aggregate,Top-20,publicTrans,2020,1051353979.0,50301.26651067256,24.96051592389678,,,,,,,,,
social,connectivity,national aggregate,Top-20,publicTrans,2021,1052948976.0,52993.55927459198,,,,,,,,,,
social,connectivity,national aggregate,Top-20,publicTrans,2022,1055471508.0,54265.58171315647,,,,,,,,,,
social,housing,global doughnut,World,urbanSlums,2000,4518030553.0,11829.898896017528,39.71038030030984,,,,,,,,,
social,housing,global doughnut,World,urbanSlums,2001,4588511022.0,11903.953122984643,39.59871792495465,,,,,,,,,
social,housing,global doughnut,World,urbanSlums,2002,4659058376.0,11980.834947191255,39.48523541823215,,,,,,,,,
social,housing,global doughnut,World,urbanSlums,2003,4729502781.0,12188.148261733164,39.06343504028147,,,,,,,,,
social,housing,global doughnut,World,urbanSlums,2004,4800374647.0,12576.914435144894,38.63191851572008,,,,,,,,,
social,housing,global doughnut,World,urbanSlums,2005,4871512440.0,12898.974516676331,38.19483701995875,,,,,,,,,
social,housing,global doughnut,World,urbanSlums,2006,4943010853.0,13308.36339719854,37.745606955077,,,,,,,,,
social,housing,global doughnut,World,urbanSlums,2007,5015379655.0,13694.310156904356,37.251751312465245,,,,,,,,,
social,housing,global doughnut,World,urbanSlums,2008,5097573217.0,13735.523864688928,36.85850775674894,,,,,,,,,
social,housing,global doughnut,World,urbanSlums,2009,5172511059.0,13344.406958300371,36.36621545496526,,,,,,,,,
social,housing,global doughnut,World,urbanSlums,2010,5248384919.0,13722.02695317306,35.87456302877013,,,,,,,,,
social,housing,global doughnut,World,urbanSlums,2011,5324859112.0,13996.80375308676,35.37322774424275,,,,,,,,,
social,housing,global doughnut,World,urbanSlums,2012,5401882609.0,14141.97206666368,34.86322622003501,,,,,,,,,
social,housing,global doughnut,World,urbanSlums,2013,5479314984.0,14286.92262519549,34.42244140251458,,,,,,,,,
social,housing,global doughnut,World,urbanSlums,2014,5556726303.0,14487.964627703728,33.97373739592641,,,,,,,,,
social,housing,global doughnut,World,urbanSlums,2015,5633787012.0,14684.667266096496,33.578374171850534,,,,,,,,,
social,housing,global doughnut,World,urbanSlums,2016,5710685847.0,14866.294999589458,33.17932725589232,,,,,,,,,
social,housing,global doughnut,World,urbanSlums,2017,5787374617.0,15180.17760720286,32.91703168645056,,,,,,,,,
social,housing,global doughnut,World,urbanSlums,2018,5863838741.0,15449.674412638533,32.652568064881166,,,,,,,,,
social,housing,global doughnut,World,urbanSlums,2019,5939640769.0,15621.916127027504,32.532522472525926,,,,,,,,,
social,housing,global doughnut,World,urbanSlums,2020,6012800837.0,14794.972096165677,32.421326800302346,,,,,,,,,
social,housing,global doughnut,World,urbanSlums,2021,6080780636.0,15469.475461898684,32.237627395835574,,,,,,,,,
social,housing,global doughnut,World,urbanSlums,2022,6146271366.0,15834.525258271531,32.072145289618554,,,,,,,,,
social,housing,national aggregate,World,urbanSlums,2000,4518030553.0,11829.898896017528,39.71038030030984,,,,,,,,,
social,housing,national aggregate,World,urbanSlums,2001,4588511022.0,11903.953122984643,39.59871792495465,,,,,,,,,
social,housing,national aggregate,World,urbanSlums,2002,4659058376.0,11980.834947191255,39.48523541823215,,,,,,,,,
social,housing,national aggregate,World,urbanSlums,2003,4729502781.0,12188.148261733164,39.06343504028147,,,,,,,,,
social,housing,national aggregate,World,urbanSlums,2004,4800374647.0,12576.914435144894,38.63191851572008,,,,,,,,,
social,housing,national aggregate,World,urbanSlums,2005,4871512440.0,12898.974516676331,38.19483701995875,,,,,,,,,
social,housing,national aggregate,World,urbanSlums,2006,4943010853.0,13308.36339719854,37.745606955077,,,,,,,,,
social,housing,national aggregate,World,urbanSlums,2007,5015379655.0,13694.310156904356,37.251751312465245,,,,,,,,,
social,housing,national aggregate,World,urbanSlums,2008,5097573217.0,13735.523864688928,36.85850775674894,,,,,,,,,
social,housing,national aggregate,World,urbanSlums,2009,5172511059.0,13344.406958300371,36.36621545496526,,,,,,,,,
social,housing,national aggregate,World,urbanSlums,2010,5248384919.0,13722.02695317306,35.87456302877013,,,,,,,,,
social,housing,national aggregate,World,urbanSlums,2011,5324859112.0,13996.80375308676,35.37322774424275,,,,,,,,,
social,housing,national aggregate,World,urbanSlums,2012,5401882609.0,14141.97206666368,34.86322622003501,,,,,,,,,
social,housing,national aggregate,World,urbanSlums,2013,5479314984.0,14286.92262519549,34.42244140251458,,,,,,,,,
social,housing,national aggregate,World,urbanSlums,2014,5556726303.0,14487.964627703728,33.97373739592641,,,,,,,,,
social,housing,national aggregate,World,urbanSlums,2015,5633787012.0,14684.667266096496,33.578374171850534,,,,,,,,,
social,housing,national aggregate,World,urbanSlums,2016,5710685847.0,14866.294999589458,33.17932725589232,,,,,,,,,
social,housing,national aggregate,World,urbanSlums,2017,5787374617.0,15180.17760720286,32.91703168645056,,,,,,,,,
social,housing,national aggregate,World,urbanSlums,2018,5863838741.0,15449.674412638533,32.652568064881166,,,,,,,,,
social,housing,national aggregate,World,urbanSlums,2019,5939640769.0,15621.916127027504,32.532522472525926,,,,,,,,,
social,housing,national aggregate,World,urbanSlums,2020,6012800837.0,14794.972096165677,32.421326800302346,,,,,,,,,
social,housing,national aggregate,World,urbanSlums,2021,6080780636.0,15469.475461898684,32.237627395835574,,,,,,,,,
social,housing,national aggregate,World,urbanSlums,2022,6146271366.0,15834.525258271531,32.072145289618554,,,,,,,,,
social,housing,national aggregate,Bottom-40,urbanSlums,2000,2390385216.0,2590.9432463968205,58.813516507720784,,,,,,,,,
social,housing,national aggregate,Bottom-40,urbanSlums,2001,2441045246.0,2663.149885608708,58.70864165108325,,,,,,,,,
social,housing,national aggregate,Bottom-40,urbanSlums,2002,2492602593.0,2731.925077220344,58.601797890376346,,,,,,,,,
social,housing,national aggregate,Bottom-40,urbanSlums,2003,2544212680.0,2846.209349177874,57.97097932271014,,,,,,,,,
social,housing,national aggregate,Bottom-40,urbanSlums,2004,2595558182.0,2992.216105682643,57.33893930893908,,,,,,,,,
social,housing,national aggregate,Bottom-40,urbanSlums,2005,2646832762.0,3139.926250139167,56.72021834932737,,,,,,,,,
social,housing,national aggregate,Bottom-40,urbanSlums,2006,2698209641.0,3312.056704036417,56.098058311745646,,,,,,,,,
social,housing,national aggregate,Bottom-40,urbanSlums,2007,2749749769.0,3481.626390785784,55.43840730006142,,,,,,,,,
social,housing,national aggregate,Bottom-40,urbanSlums,2008,2809978194.0,3550.3178958598246,54.92299517277329,,,,,,,,,
social,housing,national aggregate,Bottom-40,urbanSlums,2009,2862520918.0,3690.6541379631576,54.27598772322813,,,,,,,,,
social,housing,national aggregate,Bottom-40,urbanSlums,2010,2916449584.0,3860.083294661815,53.62368101114752,,,,,,,,,
social,housing,national aggregate,Bottom-40,urbanSlums,2011,2971111511.0,4025.337153641434,52.919292223890864,,,,,,,,,
social,housing,national aggregate,Bottom-40,urbanSlums,2012,3025388533.0,4118.91139156409,52.21526831265894,,,,,,,,,
social,housing,national aggregate,Bottom-40,urbanSlums,2013,3078625887.0,4261.956372135031,51.58140356406361,,,,,,,,,
social,housing,national aggregate,Bottom-40,urbanSlums,2014,3131424939.0,4461.032299511252,50.94495093217015,,,,,,,,,
social,housing,national aggregate,Bottom-40,urbanSlums,2015,3184516234.0,4655.590828457441,50.31025997018883,,,,,,,,,
social,housing,national aggregate,Bottom-40,urbanSlums,2016,3239241175.0,4835.986277125223,49.66617414334152,,,,,,,,,
social,housing,national aggregate,Bottom-40,urbanSlums,2017,3295113925.0,5037.432206288751,49.19976438955934,,,,,,,,,
social,housing,national aggregate,Bottom-40,urbanSlums,2018,3351164747.0,5234.743189441695,48.73022852966602,,,,,,,,,
social,housing,national aggregate,Bottom-40,urbanSlums,2019,3407630762.0,5364.814927792951,48.47502157506463,,,,,,,,,
social,housing,national aggregate,Bottom-40,urbanSlums,2020,3464563306.0,5076.080057171053,48.21860782559079,,,,,,,,,
social,housing,national aggregate,Bottom-40,urbanSlums,2021,3519673418.0,5287.34753444646,47.74841815540099,,,,,,,,,
social,housing,national aggregate,Bottom-40,urbanSlums,2022,3573409522.0,5529.099796267546,47.31487672840671,,,,,,,,,
social,housing,national aggregate,Middle-40,urbanSlums,2000,1454473466.0,11236.517485740382,26.503612390346813,,,,,,,,,
social,housing,national aggregate,Middle-40,urbanSlums,2001,1469252741.0,11395.176860828877,25.938964221190435,,,,,,,,,
social,housing,national aggregate,Middle-40,urbanSlums,2002,1483295055.0,11631.4192286423,25.358999511004065,,,,,,,,,
social,housing,national aggregate,Middle-40,urbanSlums,2003,1497111017.0,11985.737837267405,24.70258937152508,,,,,,,,,
social,housing,national aggregate,Middle-40,urbanSlums,2004,1511316167.0,12586.111768931149,24.048069295407096,,,,,,,,,
social,housing,national aggregate,Middle-40,urbanSlums,2005,1525578394.0,13081.081637272697,23.37487489669033,,,,,,,,,
social,housing,national aggregate,Middle-40,urbanSlums,2006,1539592470.0,13786.779435829338,22.68912436088773,,,,,,,,,
social,housing,national aggregate,Middle-40,urbanSlums,2007,1553495472.0,14543.43080001672,21.952893948189917,,,,,,,,,
social,housing,national aggregate,Middle-40,urbanSlums,2008,1568200067.0,14959.716511009825,21.212411959150977,,,,,,,,,
social,housing,national aggregate,Middle-40,urbanSlums,2009,1583689198.0,14483.028572373363,20.48697445789889,,,,,,,,,
social,housing,national aggregate,Middle-40,urbanSlums,2010,1599403260.0,15069.41609683476,19.75631756848145,,,,,,,,,
social,housing,national aggregate,Middle-40,urbanSlums,2011,1615255148.0,15477.55241802926,19.08942878031307,,,,,,,,,
social,housing,national aggregate,Middle-40,urbanSlums,2012,1631944888.0,15847.25638793641,18.421478444867248,,,,,,,,,
social,housing,national aggregate,Middle-40,urbanSlums,2013,1650241054.0,16102.856271699324,17.887694683275946,,,,,,,,,
social,housing,national aggregate,Middle-40,urbanSlums,2014,1669360545.0,16250.857288690238,17.34828447686568,,,,,,,,,
social,housing,national aggregate,Middle-40,urbanSlums,2015,1688033197.0,16388.28142599141,16.983909796232073,,,,,,,,,
social,housing,national aggregate,Middle-40,urbanSlums,2016,1704846073.0,16558.356560193137,16.60448445709512,,,,,,,,,
social,housing,national aggregate,Middle-40,urbanSlums,2017,1720404151.0,16951.09720477439,16.335740980830025,,,,,,,,,
social,housing,national aggregate,Middle-40,urbanSlums,2018,1735845588.0,17254.66520602612,16.0693424958761,,,,,,,,,
social,housing,national aggregate,Middle-40,urbanSlums,2019,1750560546.0,17448.601952575882,15.865485082899005,,,,,,,,,
social,housing,national aggregate,Middle-40,urbanSlums,2020,1763493744.0,16719.843098915382,15.65839261616645,,,,,,,,,
social,housing,national aggregate,Middle-40,urbanSlums,2021,1774109155.0,17513.55297155005,15.612368832498364,,,,,,,,,
social,housing,national aggregate,Middle-40,urbanSlums,2022,1783187485.0,17991.426798025954,15.576326861617517,,,,,,,,,
social,housing,national aggregate,Top-20,urbanSlums,2000,673171871.0,45918.84631223953,0.4114107318562929,,,,,,,,,
social,housing,national aggregate,Top-20,urbanSlums,2001,678213035.0,46265.92867768043,0.4096187469237449,,,,,,,,,
social,housing,national aggregate,Top-20,urbanSlums,2002,683160728.0,46485.370067037504,0.4071440904205489,,,,,,,,,
social,housing,national aggregate,Top-20,urbanSlums,2003,688179084.0,47165.831939099786,0.4033910699759511,,,,,,,,,
social,housing,national aggregate,Top-20,urbanSlums,2004,693500298.0,48429.44710672137,0.3992690800966895,,,,,,,,,
social,housing,national aggregate,Top-20,urbanSlums,2005,699101284.0,49449.82998504436,0.3969201505064894,,,,,,,,,
social,housing,national aggregate,Top-20,urbanSlums,2006,705208742.0,50510.91606107302,0.3979219488593351,,,,,,,,,
social,housing,national aggregate,Top-20,urbanSlums,2007,712134414.0,51276.00713201755,0.4018997357101465,,,,,,,,,
social,housing,national aggregate,Top-20,urbanSlums,2008,719394956.0,50850.64047919447,0.4048086753026942,,,,,,,,,
social,housing,national aggregate,Top-20,urbanSlums,2009,726300943.0,48909.34306853759,0.4041042023766655,,,,,,,,,
social,housing,national aggregate,Top-20,urbanSlums,2010,732532075.0,50043.77148761607,0.4019409986624271,,,,,,,,,
social,housing,national aggregate,Top-20,urbanSlums,2011,738492453.0,50875.38278336094,0.3981593629464213,,,,,,,,,
social,housing,national aggregate,Top-20,urbanSlums,2012,744549188.0,51131.76836917737,0.3931826643802612,,,,,,,,,
social,housing,national aggregate,Top-20,urbanSlums,2013,750448043.0,51419.92953767108,0.3898291660683363,,,,,,,,,
social,housing,national aggregate,Top-20,urbanSlums,2014,755940819.0,52130.70303477776,0.3861793113656427,,,,,,,,,
social,housing,national aggregate,Top-20,urbanSlums,2015,761237581.0,52861.97248101937,0.3811755199298943,,,,,,,,,
social,housing,national aggregate,Top-20,urbanSlums,2016,766598599.0,53486.09490989215,0.3755657300715468,,,,,,,,,
social,housing,national aggregate,Top-20,urbanSlums,2017,771856541.0,54533.09174093498,0.3631352387694088,,,,,,,,,
social,housing,national aggregate,Top-20,urbanSlums,2018,776828406.0,55482.62359797557,0.3507497595185905,,,,,,,,,
social,housing,national aggregate,Top-20,urbanSlums,2019,781449461.0,56257.54392396871,0.3493890171679829,,,,,,,,,
social,housing,national aggregate,Top-20,urbanSlums,2020,784743787.0,53377.27024683606,0.3479914940147083,,,,,,,,,
social,housing,national aggregate,Top-20,urbanSlums,2021,786998063.0,56398.86257975102,0.3469586799918019,,,,,,,,,
social,housing,national aggregate,Top-20,urbanSlums,2022,789674359.0,57597.74735893871,0.3459224441196146,,,,,,,,,
social,equality,global doughnut,World,genderGapIndex,2000,5987936475.0,11143.525953241922,45.69068924920416,,,,,,,,,
social,equality,global doughnut,World,genderGapIndex,2001,6067400171.0,11269.16109618872,45.37950975394795,,,,,,,,,
social,equality,global doughnut,World,genderGapIndex,2002,6146694074.0,11403.514831335073,45.15420986168963,,,,,,,,,
social,equality,global doughnut,World,genderGapIndex,2003,6225703784.0,11675.39156958982,44.37073896405606,,,,,,,,,
social,equality,global doughnut,World,genderGapIndex,2004,6305036969.0,12118.662403281058,44.10447289305973,,,,,,,,,
social,equality,global doughnut,World,genderGapIndex,2005,6385063771.0,12509.677115215676,43.46597284077463,,,,,,,,,
social,equality,global doughnut,World,genderGapIndex,2006,6465995974.0,13005.030631477915,42.82978949199389,,,,,,,,,
social,equality,global doughnut,World,genderGapIndex,2007,6548161577.0,13510.902130355307,42.20452923490834,,,,,,,,,
social,equality,global doughnut,World,genderGapIndex,2008,6631433245.0,13696.731902517133,42.28341208718599,,,,,,,,,
social,equality,global doughnut,World,genderGapIndex,2009,6715781792.0,13442.818432650078,41.556534749215984,,,,,,,,,
social,equality,global doughnut,World,genderGapIndex,2010,6800556597.0,13942.508229378447,40.82961397431628,,,,,,,,,
social,equality,global doughnut,World,genderGapIndex,2011,6885549957.0,14330.97430872319,40.59328262104133,,,,,,,,,
social,equality,global doughnut,World,genderGapIndex,2012,6971573392.0,14612.131730624928,40.103904389406736,,,,,,,,,
social,equality,global doughnut,World,genderGapIndex,2013,7057757987.0,14878.737516534802,39.47087230037093,,,,,,,,,
social,equality,global doughnut,World,genderGapIndex,2014,7143773390.0,15213.515843132103,39.01934046562751,,,,,,,,,
social,equality,global doughnut,World,genderGapIndex,2015,7229099872.0,15521.76315843772,38.09754466615287,,,,,,,,,
social,equality,global doughnut,World,genderGapIndex,2016,7313673290.0,15811.591222778465,37.42460957910796,,,,,,,,,
social,equality,global doughnut,World,genderGapIndex,2017,7397948919.0,16234.81918239549,37.03895971641001,,,,,,,,,
social,equality,global doughnut,World,genderGapIndex,2018,7479666350.0,16610.821316913636,36.375663484200736,,,,,,,,,
social,equality,global doughnut,World,genderGapIndex,2019,7558225718.0,16900.08408104054,35.62357993716376,,,,,,,,,
social,equality,global doughnut,World,genderGapIndex,2020,7631540374.0,16195.476628790198,35.22239636846872,,,,,,,,,
social,equality,global doughnut,World,genderGapIndex,2021,7697244601.0,17037.45205163254,35.08063984549995,,,,,,,,,
social,equality,global doughnut,World,genderGapIndex,2022,7760366644.0,17464.18412521262,34.720510956299094,,,,,,,,,
social,equality,global doughnut,World,racialInequality,2000,5987936475.0,11143.525953241922,,,,,,,,,,
social,equality,global doughnut,World,racialInequality,2001,6067400171.0,11269.16109618872,,,,,,,,,,
social,equality,global doughnut,World,racialInequality,2002,6146694074.0,11403.514831335073,,,,,,,,,,
social,equality,global doughnut,World,racialInequality,2003,6225703784.0,11675.39156958982,,,,,,,,,,
social,equality,global doughnut,World,racialInequality,2004,6305036969.0,12118.662403281058,,,,,,,,,,
social,equality,global doughnut,World,racialInequality,2005,6385063771.0,12509.677115215676,,,,,,,,,,
social,equality,global doughnut,World,racialInequality,2006,6465995974.0,13005.030631477915,,,,,,,,,,
social,equality,global doughnut,World,racialInequality,2007,6548161577.0,13510.902130355307,,,,,,,,,,
social,equality,global doughnut,World,racialInequality,2008,6631433245.0,13696.731902517133,,,,,,,,,,
social,equality,global doughnut,World,racialInequality,2009,6715781792.0,13442.818432650078,,,,,,,,,,
social,equality,global doughnut,World,racialInequality,2010,6800556597.0,13942.508229378447,,,,,,,,,,
social,equality,global doughnut,World,racialInequality,2011,6885549957.0,14330.97430872319,,,,,,,,,,
social,equality,global doughnut,World,racialInequality,2012,6971573392.0,14612.131730624928,,,,,,,,,,
social,equality,global doughnut,World,racialInequality,2013,7057757987.0,14878.737516534802,,,,,,,,,,
social,equality,global doughnut,World,racialInequality,2014,7143773390.0,15213.515843132103,,,,,,,,,,
social,equality,global doughnut,World,racialInequality,2015,7229099872.0,15521.76315843772,,,,,,,,,,
social,equality,global doughnut,World,racialInequality,2016,7313673290.0,15811.591222778465,,,,,,,,,,
social,equality,global doughnut,World,racialInequality,2017,7397948919.0,16234.81918239549,,,,,,,,,,
social,equality,global doughnut,World,racialInequality,2018,7479666350.0,16610.821316913636,,,,,,,,,,
social,equality,global doughnut,World,racialInequality,2019,7558225718.0,16900.08408104054,,,,,,,,,,
social,equality,global doughnut,World,racialInequality,2020,7631540374.0,16195.476628790198,,,,,,,,,,
social,equality,global doughnut,World,racialInequality,2021,7697244601.0,17037.45205163254,,,,,,,,,,
social,equality,global doughnut,World,racialInequality,2022,7760366644.0,17464.18412521262,,,,,,,,,,
social,equality,national aggregate,World,genderGapIndex,2000,5987936475.0,11143.525953241922,45.69068924920416,,,,,,,,,
social,equality,national aggregate,World,genderGapIndex,2001,6067400171.0,11269.16109618872,45.37950975394795,,,,,,,,,
social,equality,national aggregate,World,genderGapIndex,2002,6146694074.0,11403.514831335073,45.15420986168963,,,,,,,,,
social,equality,national aggregate,World,genderGapIndex,2003,6225703784.0,11675.39156958982,44.37073896405606,,,,,,,,,
social,equality,national aggregate,World,genderGapIndex,2004,6305036969.0,12118.662403281058,44.10447289305973,,,,,,,,,
social,equality,national aggregate,World,genderGapIndex,2005,6385063771.0,12509.677115215676,43.46597284077463,,,,,,,,,
social,equality,national aggregate,World,genderGapIndex,2006,6465995974.0,13005.030631477915,42.82978949199389,,,,,,,,,
social,equality,national aggregate,World,genderGapIndex,2007,6548161577.0,13510.902130355307,42.20452923490834,,,,,,,,,
social,equality,national aggregate,World,genderGapIndex,2008,6631433245.0,13696.731902517133,42.28341208718599,,,,,,,,,
social,equality,national aggregate,World,genderGapIndex,2009,6715781792.0,13442.818432650078,41.556534749215984,,,,,,,,,
social,equality,national aggregate,World,genderGapIndex,2010,6800556597.0,13942.508229378447,40.82961397431628,,,,,,,,,
social,equality,national aggregate,World,genderGapIndex,2011,6885549957.0,14330.97430872319,40.59328262104133,,,,,,,,,
social,equality,national aggregate,World,genderGapIndex,2012,6971573392.0,14612.131730624928,40.103904389406736,,,,,,,,,
social,equality,national aggregate,World,genderGapIndex,2013,7057757987.0,14878.737516534802,39.47087230037093,,,,,,,,,
social,equality,national aggregate,World,genderGapIndex,2014,7143773390.0,15213.515843132103,39.01934046562751,,,,,,,,,
social,equality,national aggregate,World,genderGapIndex,2015,7229099872.0,15521.76315843772,38.09754466615287,,,,,,,,,
social,equality,national aggregate,World,genderGapIndex,2016,7313673290.0,15811.591222778465,37.42460957910796,,,,,,,,,
social,equality,national aggregate,World,genderGapIndex,2017,7397948919.0,16234.81918239549,37.03895971641001,,,,,,,,,
social,equality,national aggregate,World,genderGapIndex,2018,7479666350.0,16610.821316913636,36.375663484200736,,,,,,,,,
social,equality,national aggregate,World,genderGapIndex,2019,7558225718.0,16900.08408104054,35.62357993716376,,,,,,,,,
social,equality,national aggregate,World,genderGapIndex,2020,7631540374.0,16195.476628790198,35.22239636846872,,,,,,,,,
social,equality,national aggregate,World,genderGapIndex,2021,7697244601.0,17037.45205163254,35.08063984549995,,,,,,,,,
social,equality,national aggregate,World,genderGapIndex,2022,7760366644.0,17464.18412521262,34.720510956299094,,,,,,,,,
social,equality,national aggregate,Bottom-40,genderGapIndex,2000,2305033859.0,2637.8848731949,64.62623467319749,,,,,,,,,
social,equality,national aggregate,Bottom-40,genderGapIndex,2001,2354133417.0,2711.279363027382,63.56537825154198,,,,,,,,,
social,equality,national aggregate,Bottom-40,genderGapIndex,2002,2404099984.0,2780.4770825164014,63.32814705268098,,,,,,,,,
social,equality,national aggregate,Bottom-40,genderGapIndex,2003,2453993436.0,2895.6900403739824,62.46344808698992,,,,,,,,,
social,equality,national aggregate,Bottom-40,genderGapIndex,2004,2503595091.0,3041.1857081870667,61.88319844245133,,,,,,,,,
social,equality,national aggregate,Bottom-40,genderGapIndex,2005,2553227674.0,3189.177972567319,60.51658379365505,,,,,,,,,
social,equality,national aggregate,Bottom-40,genderGapIndex,2006,2603053759.0,3364.5960676655677,59.49312912277045,,,,,,,,,
social,equality,national aggregate,Bottom-40,genderGapIndex,2007,2653009084.0,3535.268866028447,58.70476445292865,,,,,,,,,
social,equality,national aggregate,Bottom-40,genderGapIndex,2008,2702827948.0,3610.051122942907,58.77606398648207,,,,,,,,,
social,equality,national aggregate,Bottom-40,genderGapIndex,2009,2753383258.0,3750.927113346384,57.60137855661356,,,,,,,,,
social,equality,national aggregate,Bottom-40,genderGapIndex,2010,2805146425.0,3922.798971156696,56.752555466155385,,,,,,,,,
social,equality,national aggregate,Bottom-40,genderGapIndex,2011,2857666970.0,4090.707047397761,56.22774712954044,,,,,,,,,
social,equality,national aggregate,Bottom-40,genderGapIndex,2012,2909842581.0,4186.235956477863,55.85114085496298,,,,,,,,,
social,equality,national aggregate,Bottom-40,genderGapIndex,2013,2960816829.0,4332.8059941810725,55.42365624246457,,,,,,,,,
social,equality,national aggregate,Bottom-40,genderGapIndex,2014,3011628425.0,4535.02554695132,54.78137877347867,,,,,,,,,
social,equality,national aggregate,Bottom-40,genderGapIndex,2015,3062875450.0,4735.119735734198,53.23298800814771,,,,,,,,,
social,equality,national aggregate,Bottom-40,genderGapIndex,2016,3115693132.0,4915.240337794042,52.91483724184042,,,,,,,,,
social,equality,national aggregate,Bottom-40,genderGapIndex,2017,3169850445.0,5120.5307683583815,52.85227327155493,,,,,,,,,
social,equality,national aggregate,Bottom-40,genderGapIndex,2018,3224035582.0,5321.156386454672,52.528273173723306,,,,,,,,,
social,equality,national aggregate,Bottom-40,genderGapIndex,2019,3278266405.0,5452.071848500109,51.19174157232654,,,,,,,,,
social,equality,national aggregate,Bottom-40,genderGapIndex,2020,3332830632.0,5153.378626392607,49.83085047959317,,,,,,,,,
social,equality,national aggregate,Bottom-40,genderGapIndex,2021,3385613874.0,5387.598022097538,49.6033481454241,,,,,,,,,
social,equality,national aggregate,Bottom-40,genderGapIndex,2022,3436973883.0,5636.707215304104,48.94615344765481,,,,,,,,,
social,equality,national aggregate,Middle-40,genderGapIndex,2000,2764556454.0,7695.08149234658,37.97989403091423,,,,,,,,,
social,equality,national aggregate,Middle-40,genderGapIndex,2001,2788501047.0,7904.465838239397,38.07270800034955,,,,,,,,,
social,equality,national aggregate,Middle-40,genderGapIndex,2002,2811253682.0,8170.0205398361695,37.64690333616787,,,,,,,,,
social,equality,national aggregate,Middle-40,genderGapIndex,2003,2833550634.0,8531.011531184711,36.60579228908178,,,,,,,,,
social,equality,national aggregate,Middle-40,genderGapIndex,2004,2856233227.0,9076.106136827244,36.5569917509751,,,,,,,,,
social,equality,national aggregate,Middle-40,genderGapIndex,2005,2879084923.0,9585.718442984766,36.27638965323427,,,,,,,,,
social,equality,national aggregate,Middle-40,genderGapIndex,2006,2901822819.0,10285.672133265622,35.80447950933285,,,,,,,,,
social,equality,national aggregate,Middle-40,genderGapIndex,2007,2924677305.0,11087.33898762926,35.06380390769299,,,,,,,,,
social,equality,national aggregate,Middle-40,genderGapIndex,2008,2948552268.0,11620.35087626308,35.03448751704475,,,,,,,,,
social,equality,national aggregate,Middle-40,genderGapIndex,2009,2973504405.0,11629.154565908282,34.379537169543894,,,,,,,,,
social,equality,national aggregate,Middle-40,genderGapIndex,2010,2998779245.0,12302.42109379772,33.591069450328945,,,,,,,,,
social,equality,national aggregate,Middle-40,genderGapIndex,2011,3024019897.0,12868.278255659492,33.48282427663537,,,,,,,,,
social,equality,national aggregate,Middle-40,genderGapIndex,2012,3050651475.0,13417.698398778912,32.69127192023796,,,,,,,,,
social,equality,national aggregate,Middle-40,genderGapIndex,2013,3078950711.0,13859.397659636572,32.13669062248915,,,,,,,,,
social,equality,national aggregate,Middle-40,genderGapIndex,2014,3107606734.0,14318.201888567874,31.742601046345907,,,,,,,,,
social,equality,national aggregate,Middle-40,genderGapIndex,2015,3135241667.0,14683.05734184212,31.151239298485635,,,,,,,,,
social,equality,national aggregate,Middle-40,genderGapIndex,2016,3160549377.0,15092.793385288833,29.89818465949567,,,,,,,,,
social,equality,national aggregate,Middle-40,genderGapIndex,2017,3184429538.0,15687.46658668792,29.109243814017155,,,,,,,,,
social,equality,national aggregate,Middle-40,genderGapIndex,2018,3206072216.0,16212.60562721217,27.99505661780764,,,,,,,,,
social,equality,national aggregate,Middle-40,genderGapIndex,2019,3224884083.0,16682.45390031754,27.527716229668897,,,,,,,,,
social,equality,national aggregate,Middle-40,genderGapIndex,2020,3240482913.0,16363.106164095452,27.92078338929973,,,,,,,,,
social,equality,national aggregate,Middle-40,genderGapIndex,2021,3251795583.0,17387.871564397792,27.634698284569264,,,,,,,,,
social,equality,national aggregate,Middle-40,genderGapIndex,2022,3260995320.0,17881.546481055004,27.420674011209563,,,,,,,,,
social,equality,national aggregate,Top-20,genderGapIndex,2000,918346162.0,42873.61998355648,21.3750819338645,,,,,,,,,
social,equality,national aggregate,Top-20,genderGapIndex,2001,924765707.0,43200.33176231356,21.117216897079423,,,,,,,,,
social,equality,national aggregate,Top-20,genderGapIndex,2002,931340408.0,43422.76084548271,20.90204727507109,,,,,,,,,
social,equality,national aggregate,Top-20,genderGapIndex,2003,938159714.0,44137.97711831717,20.4973840128036,,,,,,,,,
social,equality,national aggregate,Top-20,genderGapIndex,2004,945208651.0,45356.37807857556,19.820561010502217,,,,,,,,,
social,equality,national aggregate,Top-20,genderGapIndex,2005,952751174.0,46322.99853044404,19.498884886706,,,,,,,,,
social,equality,national aggregate,Top-20,genderGapIndex,2006,961119396.0,47325.0808876266,18.910426152923048,,,,,,,,,
social,equality,national aggregate,Top-20,genderGapIndex,2007,970475188.0,48085.29022864957,18.61715997617036,,,,,,,,,
social,equality,national aggregate,Top-20,genderGapIndex,2008,980053029.0,47761.09343185758,18.6081957247846,,,,,,,,,
social,equality,national aggregate,Top-20,genderGapIndex,2009,988894129.0,45881.50711847641,18.463293795528237,,,,,,,,,
social,equality,national aggregate,Top-20,genderGapIndex,2010,996630927.0,47079.15889184694,17.792615325392163,,,,,,,,,
social,equality,national aggregate,Top-20,genderGapIndex,2011,1003863090.0,47887.836613910666,17.506543462913854,,,,,,,,,
social,equality,national aggregate,Top-20,genderGapIndex,2012,1011079336.0,48221.279958995314,17.149601795639903,,,,,,,,,
social,equality,national aggregate,Top-20,genderGapIndex,2013,1017990447.0,48634.52452542208,15.254842232424211,,,,,,,,,
social,equality,national aggregate,Top-20,genderGapIndex,2014,1024538231.0,49318.56681053977,14.758500380938932,,,,,,,,,
social,equality,national aggregate,Top-20,genderGapIndex,2015,1030982755.0,50117.58018531747,14.256571868653614,,,,,,,,,
social,equality,national aggregate,Top-20,genderGapIndex,2016,1037430781.0,50726.19211669091,13.832521509789286,,,,,,,,,
social,equality,national aggregate,Top-20,genderGapIndex,2017,1043668936.0,51661.415273558654,13.205523073650244,,,,,,,,,
social,equality,national aggregate,Top-20,genderGapIndex,2018,1049558552.0,52506.85554158109,12.358177746428389,,,,,,,,,
social,equality,national aggregate,Top-20,genderGapIndex,2019,1055075230.0,53135.85658776534,11.99648818207968,,,,,,,,,
social,equality,national aggregate,Top-20,genderGapIndex,2020,1058226829.0,50458.68072212159,11.572692386728365,,,,,,,,,
social,equality,national aggregate,Top-20,genderGapIndex,2021,1059835144.0,53177.42629715675,11.53395622168574,,,,,,,,,
social,equality,national aggregate,Top-20,genderGapIndex,2022,1062397441.0,54446.30685605507,11.105593761685274,,,,,,,,,
social,equality,national aggregate,World,racialInequality,2000,5987936475.0,11143.525953241922,,,,,,,,,,
social,equality,national aggregate,World,racialInequality,2001,6067400171.0,11269.16109618872,,,,,,,,,,
social,equality,national aggregate,World,racialInequality,2002,6146694074.0,11403.514831335073,,,,,,,,,,
social,equality,national aggregate,World,racialInequality,2003,6225703784.0,11675.39156958982,,,,,,,,,,
social,equality,national aggregate,World,racialInequality,2004,6305036969.0,12118.662403281058,,,,,,,,,,
social,equality,national aggregate,World,racialInequality,2005,6385063771.0,12509.677115215676,,,,,,,,,,
social,equality,national aggregate,World,racialInequality,2006,6465995974.0,13005.030631477915,,,,,,,,,,
social,equality,national aggregate,World,racialInequality,2007,6548161577.0,13510.902130355307,,,,,,,,,,
social,equality,national aggregate,World,racialInequality,2008,6631433245.0,13696.731902517133,,,,,,,,,,
social,equality,national aggregate,World,racialInequality,2009,6715781792.0,13442.818432650078,,,,,,,,,,
social,equality,national aggregate,World,racialInequality,2010,6800556597.0,13942.508229378447,,,,,,,,,,
social,equality,national aggregate,World,racialInequality,2011,6885549957.0,14330.97430872319,,,,,,,,,,
social,equality,national aggregate,World,racialInequality,2012,6971573392.0,14612.131730624928,,,,,,,,,,
social,equality,national aggregate,World,racialInequality,2013,7057757987.0,14878.737516534802,,,,,,,,,,
social,equality,national aggregate,World,racialInequality,2014,7143773390.0,15213.515843132103,,,,,,,,,,
social,equality,national aggregate,World,racialInequality,2015,7229099872.0,15521.76315843772,,,,,,,,,,
social,equality,national aggregate,World,racialInequality,2016,7313673290.0,15811.591222778465,,,,,,,,,,
social,equality,national aggregate,World,racialInequality,2017,7397948919.0,16234.81918239549,,,,,,,,,,
social,equality,national aggregate,World,racialInequality,2018,7479666350.0,16610.821316913636,,,,,,,,,,
social,equality,national aggregate,World,racialInequality,2019,7558225718.0,16900.08408104054,,,,,,,,,,
social,equality,national aggregate,World,racialInequality,2020,7631540374.0,16195.476628790198,,,,,,,,,,
social,equality,national aggregate,World,racialInequality,2021,7697244601.0,17037.45205163254,,,,,,,,,,
social,equality,national aggregate,World,racialInequality,2022,7760366644.0,17464.18412521262,,,,,,,,,,
social,equality,national aggregate,Bottom-40,racialInequality,2000,2305033859.0,2637.8848731949,,,,,,,,,,
social,equality,national aggregate,Bottom-40,racialInequality,2001,2354133417.0,2711.279363027382,,,,,,,,,,
social,equality,national aggregate,Bottom-40,racialInequality,2002,2404099984.0,2780.4770825164014,,,,,,,,,,
social,equality,national aggregate,Bottom-40,racialInequality,2003,2453993436.0,2895.6900403739824,,,,,,,,,,
social,equality,national aggregate,Bottom-40,racialInequality,2004,2503595091.0,3041.1857081870667,,,,,,,,,,
social,equality,national aggregate,Bottom-40,racialInequality,2005,2553227674.0,3189.177972567319,,,,,,,,,,
social,equality,national aggregate,Bottom-40,racialInequality,2006,2603053759.0,3364.5960676655677,,,,,,,,,,
social,equality,national aggregate,Bottom-40,racialInequality,2007,2653009084.0,3535.268866028447,,,,,,,,,,
social,equality,national aggregate,Bottom-40,racialInequality,2008,2702827948.0,3610.051122942907,,,,,,,,,,
social,equality,national aggregate,Bottom-40,racialInequality,2009,2753383258.0,3750.927113346384,,,,,,,,,,
social,equality,national aggregate,Bottom-40,racialInequality,2010,2805146425.0,3922.798971156696,,,,,,,,,,
social,equality,national aggregate,Bottom-40,racialInequality,2011,2857666970.0,4090.707047397761,,,,,,,,,,
social,equality,national aggregate,Bottom-40,racialInequality,2012,2909842581.0,4186.235956477863,,,,,,,,,,
social,equality,national aggregate,Bottom-40,racialInequality,2013,2960816829.0,4332.8059941810725,,,,,,,,,,
social,equality,national aggregate,Bottom-40,racialInequality,2014,3011628425.0,4535.02554695132,,,,,,,,,,
social,equality,national aggregate,Bottom-40,racialInequality,2015,3062875450.0,4735.119735734198,,,,,,,,,,
social,equality,national aggregate,Bottom-40,racialInequality,2016,3115693132.0,4915.240337794042,,,,,,,,,,
social,equality,national aggregate,Bottom-40,racialInequality,2017,3169850445.0,5120.5307683583815,,,,,,,,,,
social,equality,national aggregate,Bottom-40,racialInequality,2018,3224035582.0,5321.156386454672,,,,,,,,,,
social,equality,national aggregate,Bottom-40,racialInequality,2019,3278266405.0,5452.071848500109,,,,,,,,,,
social,equality,national aggregate,Bottom-40,racialInequality,2020,3332830632.0,5153.378626392607,,,,,,,,,,
social,equality,national aggregate,Bottom-40,racialInequality,2021,3385613874.0,5387.598022097538,,,,,,,,,,
social,equality,national aggregate,Bottom-40,racialInequality,2022,3436973883.0,5636.707215304104,,,,,,,,,,
social,equality,national aggregate,Middle-40,racialInequality,2000,2764556454.0,7695.08149234658,,,,,,,,,,
social,equality,national aggregate,Middle-40,racialInequality,2001,2788501047.0,7904.465838239397,,,,,,,,,,
social,equality,national aggregate,Middle-40,racialInequality,2002,2811253682.0,8170.0205398361695,,,,,,,,,,
social,equality,national aggregate,Middle-40,racialInequality,2003,2833550634.0,8531.011531184711,,,,,,,,,,
social,equality,national aggregate,Middle-40,racialInequality,2004,2856233227.0,9076.106136827244,,,,,,,,,,
social,equality,national aggregate,Middle-40,racialInequality,2005,2879084923.0,9585.718442984766,,,,,,,,,,
social,equality,national aggregate,Middle-40,racialInequality,2006,2901822819.0,10285.672133265622,,,,,,,,,,
social,equality,national aggregate,Middle-40,racialInequality,2007,2924677305.0,11087.33898762926,,,,,,,,,,
social,equality,national aggregate,Middle-40,racialInequality,2008,2948552268.0,11620.35087626308,,,,,,,,,,
social,equality,national aggregate,Middle-40,racialInequality,2009,2973504405.0,11629.154565908282,,,,,,,,,,
social,equality,national aggregate,Middle-40,racialInequality,2010,2998779245.0,12302.42109379772,,,,,,,,,,
social,equality,national aggregate,Middle-40,racialInequality,2011,3024019897.0,12868.278255659492,,,,,,,,,,
social,equality,national aggregate,Middle-40,racialInequality,2012,3050651475.0,13417.698398778912,,,,,,,,,,
social,equality,national aggregate,Middle-40,racialInequality,2013,3078950711.0,13859.397659636572,,,,,,,,,,
social,equality,national aggregate,Middle-40,racialInequality,2014,3107606734.0,14318.201888567874,,,,,,,,,,
social,equality,national aggregate,Middle-40,racialInequality,2015,3135241667.0,14683.05734184212,,,,,,,,,,
social,equality,national aggregate,Middle-40,racialInequality,2016,3160549377.0,15092.793385288833,,,,,,,,,,
social,equality,national aggregate,Middle-40,racialInequality,2017,3184429538.0,15687.46658668792,,,,,,,,,,
social,equality,national aggregate,Middle-40,racialInequality,2018,3206072216.0,16212.60562721217,,,,,,,,,,
social,equality,national aggregate,Middle-40,racialInequality,2019,3224884083.0,16682.45390031754,,,,,,,,,,
social,equality,national aggregate,Middle-40,racialInequality,2020,3240482913.0,16363.106164095452,,,,,,,,,,
social,equality,national aggregate,Middle-40,racialInequality,2021,3251795583.0,17387.871564397792,,,,,,,,,,
social,equality,national aggregate,Middle-40,racialInequality,2022,3260995320.0,17881.546481055004,,,,,,,,,,
social,equality,national aggregate,Top-20,racialInequality,2000,918346162.0,42873.61998355648,,,,,,,,,,
social,equality,national aggregate,Top-20,racialInequality,2001,924765707.0,43200.33176231356,,,,,,,,,,
social,equality,national aggregate,Top-20,racialInequality,2002,931340408.0,43422.76084548271,,,,,,,,,,
social,equality,national aggregate,Top-20,racialInequality,2003,938159714.0,44137.97711831717,,,,,,,,,,
social,equality,national aggregate,Top-20,racialInequality,2004,945208651.0,45356.37807857556,,,,,,,,,,
social,equality,national aggregate,Top-20,racialInequality,2005,952751174.0,46322.99853044404,,,,,,,,,,
social,equality,national aggregate,Top-20,racialInequality,2006,961119396.0,47325.0808876266,,,,,,,,,,
social,equality,national aggregate,Top-20,racialInequality,2007,970475188.0,48085.29022864957,,,,,,,,,,
social,equality,national aggregate,Top-20,racialInequality,2008,980053029.0,47761.09343185758,,,,,,,,,,
social,equality,national aggregate,Top-20,racialInequality,2009,988894129.0,45881.50711847641,,,,,,,,,,
social,equality,national aggregate,Top-20,racialInequality,2010,996630927.0,47079.15889184694,,,,,,,,,,
social,equality,national aggregate,Top-20,racialInequality,2011,1003863090.0,47887.836613910666,,,,,,,,,,
social,equality,national aggregate,Top-20,racialInequality,2012,1011079336.0,48221.279958995314,,,,,,,,,,
social,equality,national aggregate,Top-20,racialInequality,2013,1017990447.0,48634.52452542208,,,,,,,,,,
social,equality,national aggregate,Top-20,racialInequality,2014,1024538231.0,49318.56681053977,,,,,,,,,,
social,equality,national aggregate,Top-20,racialInequality,2015,1030982755.0,50117.58018531747,,,,,,,,,,
social,equality,national aggregate,Top-20,racialInequality,2016,1037430781.0,50726.19211669091,,,,,,,,,,
social,equality,national aggregate,Top-20,racialInequality,2017,1043668936.0,51661.415273558654,,,,,,,,,,
social,equality,national aggregate,Top-20,racialInequality,2018,1049558552.0,52506.85554158109,,,,,,,,,,
social,equality,national aggregate,Top-20,racialInequality,2019,1055075230.0,53135.85658776534,,,,,,,,,,
social,equality,national aggregate,Top-20,racialInequality,2020,1058226829.0,50458.68072212159,,,,,,,,,,
social,equality,national aggregate,Top-20,racialInequality,2021,1059835144.0,53177.42629715675,,,,,,,,,,
social,equality,national aggregate,Top-20,racialInequality,2022,1062397441.0,54446.30685605507,,,,,,,,,,
social,social cohesion,global doughnut,World,socialSupport,2000,5697045316.0,11511.032635419457,,,,,,,,,,
social,social cohesion,global doughnut,World,socialSupport,2001,5769703014.0,11642.650442749093,,,,,,,,,,
social,social cohesion,global doughnut,World,socialSupport,2002,5842014420.0,11782.637161879573,,,,,,,,,,
social,social cohesion,global doughnut,World,socialSupport,2003,5913980189.0,12066.579183707465,,,,,,,,,,
social,social cohesion,global doughnut,World,socialSupport,2004,5986016444.0,12533.044783811456,,,,,,,,,,
social,social cohesion,global doughnut,World,socialSupport,2005,6058334901.0,12942.937169723027,20.469479993522285,,,,,,,,,
social,social cohesion,global doughnut,World,socialSupport,2006,6130799309.0,13461.392711498323,20.88536506494553,,,,,,,,,
social,social cohesion,global doughnut,World,socialSupport,2007,6203692038.0,13991.259635488695,23.90772940285896,,,,,,,,,
social,social cohesion,global doughnut,World,socialSupport,2008,6277951592.0,14190.348581759928,24.203065074118012,,,,,,,,,
social,social cohesion,global doughnut,World,socialSupport,2009,6353458062.0,13926.245250794182,22.28383833877736,,,,,,,,,
social,social cohesion,global doughnut,World,socialSupport,2010,6428996060.0,14456.692103510704,23.00505096448988,,,,,,,,,
social,social cohesion,global doughnut,World,socialSupport,2011,6505082819.0,14868.723115954395,24.01229118443044,,,,,,,,,
social,social cohesion,global doughnut,World,socialSupport,2012,6582435210.0,15167.367281369412,25.172528547292387,,,,,,,,,
social,social cohesion,global doughnut,World,socialSupport,2013,6660245460.0,15466.221266740382,24.929010788117253,,,,,,,,,
social,social cohesion,global doughnut,World,socialSupport,2014,6737819136.0,15822.54311864738,22.40659571646502,,,,,,,,,
social,social cohesion,global doughnut,World,socialSupport,2015,6813863393.0,16149.754386108643,23.221970771978636,,,,,,,,,
social,social cohesion,global doughnut,World,socialSupport,2016,6888265417.0,16464.365035837538,23.615634044472543,,,,,,,,,
social,social cohesion,global doughnut,World,socialSupport,2017,6961902108.0,16921.842126261992,23.41371610047156,,,,,,,,,
social,social cohesion,global doughnut,World,socialSupport,2018,7032749295.0,17336.746202719998,22.360746297139983,,,,,,,,,
social,social cohesion,global doughnut,World,socialSupport,2019,7100131909.0,17660.681616347716,23.420925024082024,,,,,,,,,
social,social cohesion,global doughnut,World,socialSupport,2020,7162432399.0,16944.91136794954,23.47802961276707,,,,,,,,,
social,social cohesion,global doughnut,World,socialSupport,2021,7217192496.0,17851.686894085637,24.319738719568107,,,,,,,,,
social,social cohesion,global doughnut,World,socialSupport,2022,7268893397.0,18312.534691469777,23.01191148498269,,,,,,,,,
social,social cohesion,global doughnut,World,palma,2000,6087113661.0,11033.593778486846,71.33337934561692,,,,,,,,,
social,social cohesion,global doughnut,World,palma,2001,6168321963.0,11157.924027657036,71.86686992979196,,,,,,,,,
social,social cohesion,global doughnut,World,palma,2002,6249366588.0,11289.939082169089,69.69780509217904,,,,,,,,,
social,social cohesion,global doughnut,World,palma,2003,6330239342.0,11559.495576669651,69.44987649726056,,,,,,,,,
social,social cohesion,global doughnut,World,palma,2004,6411455695.0,12000.204077563389,67.62562904990955,,,,,,,,,
social,social cohesion,global doughnut,World,palma,2005,6493271134.0,12388.84340932646,68.14812014902071,,,,,,,,,
social,social cohesion,global doughnut,World,palma,2006,6575894375.0,12881.718983200612,67.8362875620246,,,,,,,,,
social,social cohesion,global doughnut,World,palma,2007,6659804230.0,13384.936003439365,72.3777234514895,,,,,,,,,
social,social cohesion,global doughnut,World,palma,2008,6753659772.0,13554.87644970591,68.67555786907059,,,,,,,,,
social,social cohesion,global doughnut,World,palma,2009,6840172498.0,13303.153428987966,67.65568621775421,,,,,,,,,
social,social cohesion,global doughnut,World,palma,2010,6927291704.0,13796.6417931423,67.74812077409813,,,,,,,,,
social,social cohesion,global doughnut,World,palma,2011,7014617158.0,14181.534053313428,70.15298640194156,,,,,,,,,
social,social cohesion,global doughnut,World,palma,2012,7102957187.0,14457.278813069255,69.93719951025238,,,,,,,,,
social,social cohesion,global doughnut,World,palma,2013,7191631788.0,14719.598108524537,69.81115958101942,,,,,,,,,
social,social cohesion,global doughnut,World,palma,2014,7279857340.0,15050.324979535386,68.32719717828975,,,,,,,,,
social,social cohesion,global doughnut,World,palma,2015,7367243918.0,15354.313495222154,69.26743302922091,,,,,,,,,
social,social cohesion,global doughnut,World,palma,2016,7453927854.0,15641.917922024915,65.83370180282402,,,,,,,,,
social,social cohesion,global doughnut,World,palma,2017,7540109842.0,16060.191327793138,65.89126693255406,,,,,,,,,
social,social cohesion,global doughnut,World,palma,2018,7623892512.0,16431.285562868605,65.93252293481443,,,,,,,,,
social,social cohesion,global doughnut,World,palma,2019,7704868157.0,16713.676317093705,66.01532488753786,,,,,,,,,
social,social cohesion,global doughnut,World,palma,2020,7780698402.0,16015.845882759748,68.92366521521419,,,,,,,,,
social,social cohesion,global doughnut,World,palma,2021,7848869118.0,16837.8414884704,64.6097772909761,,,,,,,,,
social,social cohesion,global doughnut,World,palma,2022,7914502913.0,17254.434027524196,64.67316014998856,,,,,,,,,
social,social cohesion,national aggregate,World,socialSupport,2000,5697045316.0,11511.032635419457,,,,,,,,,,
social,social cohesion,national aggregate,World,socialSupport,2001,5769703014.0,11642.650442749093,,,,,,,,,,
social,social cohesion,national aggregate,World,socialSupport,2002,5842014420.0,11782.637161879573,,,,,,,,,,
social,social cohesion,national aggregate,World,socialSupport,2003,5913980189.0,12066.579183707465,,,,,,,,,,
social,social cohesion,national aggregate,World,socialSupport,2004,5986016444.0,12533.044783811456,,,,,,,,,,
social,social cohesion,national aggregate,World,socialSupport,2005,6058334901.0,12942.937169723027,20.469479993522285,,,,,,,,,
social,social cohesion,national aggregate,World,socialSupport,2006,6130799309.0,13461.392711498323,20.88536506494553,,,,,,,,,
social,social cohesion,national aggregate,World,socialSupport,2007,6203692038.0,13991.259635488695,23.90772940285896,,,,,,,,,
social,social cohesion,national aggregate,World,socialSupport,2008,6277951592.0,14190.348581759928,24.203065074118012,,,,,,,,,
social,social cohesion,national aggregate,World,socialSupport,2009,6353458062.0,13926.245250794182,22.28383833877736,,,,,,,,,
social,social cohesion,national aggregate,World,socialSupport,2010,6428996060.0,14456.692103510704,23.00505096448988,,,,,,,,,
social,social cohesion,national aggregate,World,socialSupport,2011,6505082819.0,14868.723115954395,24.01229118443044,,,,,,,,,
social,social cohesion,national aggregate,World,socialSupport,2012,6582435210.0,15167.367281369412,25.172528547292387,,,,,,,,,
social,social cohesion,national aggregate,World,socialSupport,2013,6660245460.0,15466.221266740382,24.929010788117253,,,,,,,,,
social,social cohesion,national aggregate,World,socialSupport,2014,6737819136.0,15822.54311864738,22.40659571646502,,,,,,,,,
social,social cohesion,national aggregate,World,socialSupport,2015,6813863393.0,16149.754386108643,23.221970771978636,,,,,,,,,
social,social cohesion,national aggregate,World,socialSupport,2016,6888265417.0,16464.365035837538,23.615634044472543,,,,,,,,,
social,social cohesion,national aggregate,World,socialSupport,2017,6961902108.0,16921.842126261992,23.41371610047156,,,,,,,,,
social,social cohesion,national aggregate,World,socialSupport,2018,7032749295.0,17336.746202719998,22.360746297139983,,,,,,,,,
social,social cohesion,national aggregate,World,socialSupport,2019,7100131909.0,17660.681616347716,23.420925024082024,,,,,,,,,
social,social cohesion,national aggregate,World,socialSupport,2020,7162432399.0,16944.91136794954,23.47802961276707,,,,,,,,,
social,social cohesion,national aggregate,World,socialSupport,2021,7217192496.0,17851.686894085637,24.319738719568107,,,,,,,,,
social,social cohesion,national aggregate,World,socialSupport,2022,7268893397.0,18312.534691469777,23.01191148498269,,,,,,,,,
social,social cohesion,national aggregate,Bottom-40,socialSupport,2000,2068606709.0,2657.2786024748248,,,,,,,,,,
social,social cohesion,national aggregate,Bottom-40,socialSupport,2001,2111705855.0,2731.934993762761,,,,,,,,,,
social,social cohesion,national aggregate,Bottom-40,socialSupport,2002,2155516332.0,2798.596426746777,,,,,,,,,,
social,social cohesion,national aggregate,Bottom-40,socialSupport,2003,2199225441.0,2924.098931047366,,,,,,,,,,
social,social cohesion,national aggregate,Bottom-40,socialSupport,2004,2242454831.0,3079.1075996709696,,,,,,,,,,
social,social cohesion,national aggregate,Bottom-40,socialSupport,2005,2285372248.0,3232.607686231488,27.97783035645124,,,,,,,,,
social,social cohesion,national aggregate,Bottom-40,socialSupport,2006,2327837030.0,3412.653654300569,28.416316969255632,,,,,,,,,
social,social cohesion,national aggregate,Bottom-40,socialSupport,2007,2369725015.0,3588.4157754294074,37.62732259407227,,,,,,,,,
social,social cohesion,national aggregate,Bottom-40,socialSupport,2008,2411777263.0,3663.5010115225737,33.000107974365946,,,,,,,,,
social,social cohesion,national aggregate,Bottom-40,socialSupport,2009,2454747332.0,3815.923832807464,32.702104404688924,,,,,,,,,
social,social cohesion,national aggregate,Bottom-40,socialSupport,2010,2498623479.0,4005.671853583656,33.855732806912485,,,,,,,,,
social,social cohesion,national aggregate,Bottom-40,socialSupport,2011,2543300889.0,4138.407968711472,36.12058847173536,,,,,,,,,
social,social cohesion,national aggregate,Bottom-40,socialSupport,2012,2587910089.0,4281.808014532431,38.69485490379903,,,,,,,,,
social,social cohesion,national aggregate,Bottom-40,socialSupport,2013,2632058645.0,4465.57367256785,37.348308216634365,,,,,,,,,
social,social cohesion,national aggregate,Bottom-40,socialSupport,2014,2675979160.0,4676.780023915346,33.804290929472685,,,,,,,,,
social,social cohesion,national aggregate,Bottom-40,socialSupport,2015,2719520306.0,4893.09160667262,33.74461060527578,,,,,,,,,
social,social cohesion,national aggregate,Bottom-40,socialSupport,2016,2763758398.0,5096.673417169512,32.81659492395784,,,,,,,,,
social,social cohesion,national aggregate,Bottom-40,socialSupport,2017,2808750144.0,5327.612591183659,32.974780242219595,,,,,,,,,
social,social cohesion,national aggregate,Bottom-40,socialSupport,2018,2853383175.0,5561.141260871828,31.522038504286016,,,,,,,,,
social,social cohesion,national aggregate,Bottom-40,socialSupport,2019,2897623168.0,5714.772660140999,35.93962639223143,,,,,,,,,
social,social cohesion,national aggregate,Bottom-40,socialSupport,2020,2942137369.0,5398.3644631937,33.835558126874176,,,,,,,,,
social,social cohesion,national aggregate,Bottom-40,socialSupport,2021,2984932866.0,5664.189471179911,37.66350589137476,,,,,,,,,
social,social cohesion,national aggregate,Bottom-40,socialSupport,2022,3025970227.0,5946.329182092706,36.09616174809331,,,,,,,,,
social,social cohesion,national aggregate,Middle-40,socialSupport,2000,2708222736.0,7641.4605772523855,,,,,,,,,,
social,social cohesion,national aggregate,Middle-40,socialSupport,2001,2731386678.0,7851.073005672814,,,,,,,,,,
social,social cohesion,national aggregate,Middle-40,socialSupport,2002,2753358616.0,8117.255404838118,,,,,,,,,,
social,social cohesion,national aggregate,Middle-40,socialSupport,2003,2774863718.0,8469.510670568241,,,,,,,,,,
social,social cohesion,national aggregate,Middle-40,socialSupport,2004,2796726888.0,9019.265075898234,,,,,,,,,,
social,social cohesion,national aggregate,Middle-40,socialSupport,2005,2818763300.0,9528.41552352324,19.322720363351948,,,,,,,,,
social,social cohesion,national aggregate,Middle-40,socialSupport,2006,2840665243.0,10233.75332867938,19.73697206160567,,,,,,,,,
social,social cohesion,national aggregate,Middle-40,socialSupport,2007,2862618119.0,11042.149030315284,18.54151616200513,,,,,,,,,
social,social cohesion,national aggregate,Middle-40,socialSupport,2008,2885541102.0,11585.56429757122,22.30143929180781,,,,,,,,,
social,social cohesion,national aggregate,Middle-40,socialSupport,2009,2909490695.0,11598.623807432848,18.06326762262236,,,,,,,,,
social,social cohesion,national aggregate,Middle-40,socialSupport,2010,2933717376.0,12280.143120263418,18.861156186754584,,,,,,,,,
social,social cohesion,national aggregate,Middle-40,socialSupport,2011,2958286321.0,12894.986433015796,18.977182816195352,,,,,,,,,
social,social cohesion,national aggregate,Middle-40,socialSupport,2012,2984220456.0,13423.408108335569,18.768820940216216,,,,,,,,,
social,social cohesion,national aggregate,Middle-40,socialSupport,2013,3011379636.0,13884.899460213828,19.59959861697041,,,,,,,,,
social,social cohesion,national aggregate,Middle-40,socialSupport,2014,3038876069.0,14360.081121531226,16.426310751095983,,,,,,,,,
social,social cohesion,national aggregate,Middle-40,socialSupport,2015,3065347669.0,14730.456648707072,18.46962169447231,,,,,,,,,
social,social cohesion,national aggregate,Middle-40,socialSupport,2016,3089490240.0,15148.596738406466,20.07769562423887,,,,,,,,,
social,social cohesion,national aggregate,Middle-40,socialSupport,2017,3112206752.0,15746.957918584492,19.49871129786908,,,,,,,,,
social,social cohesion,national aggregate,Middle-40,socialSupport,2018,3132682647.0,16284.66566559764,18.25010928130338,,,,,,,,,
social,social cohesion,national aggregate,Middle-40,socialSupport,2019,3150369745.0,16773.72182993595,16.570850481968975,,,,,,,,,
social,social cohesion,national aggregate,Middle-40,socialSupport,2020,3164900724.0,16482.64955016132,18.86843062799495,,,,,,,,,
social,social cohesion,national aggregate,Middle-40,socialSupport,2021,3175175854.0,17522.014019210605,16.462037069410385,,,,,,,,,
social,social cohesion,national aggregate,Middle-40,socialSupport,2022,3183371386.0,18023.659519827743,14.730443905987684,,,,,,,,,
social,social cohesion,national aggregate,Top-20,socialSupport,2000,920215871.0,42802.166516442725,,,,,,,,,,
social,social cohesion,national aggregate,Top-20,socialSupport,2001,926610481.0,43126.293984763935,,,,,,,,,,
social,social cohesion,national aggregate,Top-20,socialSupport,2002,933139472.0,43350.64800861324,,,,,,,,,,
social,social cohesion,national aggregate,Top-20,socialSupport,2003,939891030.0,44078.53494602646,,,,,,,,,,
social,social cohesion,national aggregate,Top-20,socialSupport,2004,946834725.0,45302.34282384274,,,,,,,,,,
social,social cohesion,national aggregate,Top-20,socialSupport,2005,954199353.0,46286.54165220403,5.874069145184791,,,,,,,,,
social,social cohesion,national aggregate,Top-20,socialSupport,2006,962297036.0,47297.58743699467,6.057689108028072,,,,,,,,,
social,social cohesion,national aggregate,Top-20,socialSupport,2007,971348904.0,48061.46513975733,6.251618548631882,,,,,,,,,
social,social cohesion,national aggregate,Top-20,socialSupport,2008,980633227.0,47744.81403210857,8.163134690467501,,,,,,,,,
social,social cohesion,national aggregate,Top-20,socialSupport,2009,989220035.0,45860.97800962637,8.8444627370489,,,,,,,,,
social,social cohesion,national aggregate,Top-20,socialSupport,2010,996655205.0,47064.30202196776,8.000110212809957,,,,,,,,,
social,social cohesion,national aggregate,Top-20,socialSupport,2011,1003495609.0,47882.61773243426,8.167925845930597,,,,,,,,,
social,social cohesion,national aggregate,Top-20,socialSupport,2012,1010304665.0,48202.16207730486,9.45005381292644,,,,,,,,,
social,social cohesion,national aggregate,Top-20,socialSupport,2013,1016807179.0,48625.221894702176,8.564614252407353,,,,,,,,,
social,social cohesion,national aggregate,Top-20,socialSupport,2014,1022963907.0,49323.30526103864,10.356659339794945,,,,,,,,,
social,social cohesion,national aggregate,Top-20,socialSupport,2015,1028995418.0,50127.90764687617,9.568916262101451,,,,,,,,,
social,social cohesion,national aggregate,Top-20,socialSupport,2016,1035016779.0,50746.52085196338,9.607352270217348,,,,,,,,,
social,social cohesion,national aggregate,Top-20,socialSupport,2017,1040945212.0,51718.84779246646,9.32043267398879,,,,,,,,,
social,social cohesion,national aggregate,Top-20,socialSupport,2018,1046683473.0,52587.27648257096,9.688953783318697,,,,,,,,,
social,social cohesion,national aggregate,Top-20,socialSupport,2019,1052138996.0,53215.86393796806,9.45488861157429,,,,,,,,,
social,social cohesion,national aggregate,Top-20,socialSupport,2020,1055394306.0,50519.60443928863,8.427400253409317,,,,,,,,,
social,social cohesion,national aggregate,Top-20,socialSupport,2021,1057083776.0,53256.289456014994,10.242647596129274,,,,,,,,,
social,social cohesion,national aggregate,Top-20,socialSupport,2022,1059551784.0,54497.04896139191,10.525910315897647,,,,,,,,,
social,social cohesion,national aggregate,World,palma,2000,6087113661.0,11033.593778486846,71.33337934561692,,,,,,,,,
social,social cohesion,national aggregate,World,palma,2001,6168321963.0,11157.924027657036,71.86686992979196,,,,,,,,,
social,social cohesion,national aggregate,World,palma,2002,6249366588.0,11289.939082169089,69.69780509217904,,,,,,,,,
social,social cohesion,national aggregate,World,palma,2003,6330239342.0,11559.495576669651,69.44987649726056,,,,,,,,,
social,social cohesion,national aggregate,World,palma,2004,6411455695.0,12000.204077563389,67.62562904990955,,,,,,,,,
social,social cohesion,national aggregate,World,palma,2005,6493271134.0,12388.84340932646,68.14812014902071,,,,,,,,,
social,social cohesion,national aggregate,World,palma,2006,6575894375.0,12881.718983200612,67.8362875620246,,,,,,,,,
social,social cohesion,national aggregate,World,palma,2007,6659804230.0,13384.936003439365,72.3777234514895,,,,,,,,,
social,social cohesion,national aggregate,World,palma,2008,6753659772.0,13554.87644970591,68.67555786907059,,,,,,,,,
social,social cohesion,national aggregate,World,palma,2009,6840172498.0,13303.153428987966,67.65568621775421,,,,,,,,,
social,social cohesion,national aggregate,World,palma,2010,6927291704.0,13796.6417931423,67.74812077409813,,,,,,,,,
social,social cohesion,national aggregate,World,palma,2011,7014617158.0,14181.534053313428,70.15298640194156,,,,,,,,,
social,social cohesion,national aggregate,World,palma,2012,7102957187.0,14457.278813069255,69.93719951025238,,,,,,,,,
social,social cohesion,national aggregate,World,palma,2013,7191631788.0,14719.598108524537,69.81115958101942,,,,,,,,,
social,social cohesion,national aggregate,World,palma,2014,7279857340.0,15050.324979535386,68.32719717828975,,,,,,,,,
social,social cohesion,national aggregate,World,palma,2015,7367243918.0,15354.313495222154,69.26743302922091,,,,,,,,,
social,social cohesion,national aggregate,World,palma,2016,7453927854.0,15641.917922024915,65.83370180282402,,,,,,,,,
social,social cohesion,national aggregate,World,palma,2017,7540109842.0,16060.191327793138,65.89126693255406,,,,,,,,,
social,social cohesion,national aggregate,World,palma,2018,7623892512.0,16431.285562868605,65.93252293481443,,,,,,,,,
social,social cohesion,national aggregate,World,palma,2019,7704868157.0,16713.676317093705,66.01532488753786,,,,,,,,,
social,social cohesion,national aggregate,World,palma,2020,7780698402.0,16015.845882759748,68.92366521521419,,,,,,,,,
social,social cohesion,national aggregate,World,palma,2021,7848869118.0,16837.8414884704,64.6097772909761,,,,,,,,,
social,social cohesion,national aggregate,World,palma,2022,7914502913.0,17254.434027524196,64.67316014998856,,,,,,,,,
social,social cohesion,national aggregate,Bottom-40,palma,2000,2390496925.0,2590.9974391428664,91.30067598811073,,,,,,,,,
social,social cohesion,national aggregate,Bottom-40,palma,2001,2441157194.0,2663.2031090486253,91.36012611074813,,,,,,,,,
social,social cohesion,national aggregate,Bottom-40,palma,2002,2492714585.0,2731.9750022323224,91.41991962148366,,,,,,,,,
social,social cohesion,national aggregate,Bottom-40,palma,2003,2544324485.0,2846.256099720923,91.47736433468312,,,,,,,,,
social,social cohesion,national aggregate,Bottom-40,palma,2004,2595669620.0,2992.2508778064066,86.39552925845778,,,,,,,,,
social,social cohesion,national aggregate,Bottom-40,palma,2005,2646943702.0,3139.9579892205297,86.40604204282393,,,,,,,,,
social,social cohesion,national aggregate,Bottom-40,palma,2006,2698319942.0,3312.081416215672,86.39838837169295,,,,,,,,,
social,social cohesion,national aggregate,Bottom-40,palma,2007,2749859301.0,3481.6419270781485,86.3699651519007,,,,,,,,,
social,social cohesion,national aggregate,Bottom-40,palma,2008,2810086898.0,3550.327833144699,89.44396811318822,,,,,,,,,
social,social cohesion,national aggregate,Bottom-40,palma,2009,2862628786.0,3690.6612219346794,89.41539537079188,,,,,,,,,
social,social cohesion,national aggregate,Bottom-40,palma,2010,2916557172.0,3860.087593058656,89.37842350652195,,,,,,,,,
social,social cohesion,national aggregate,Bottom-40,palma,2011,2971219398.0,4025.339575358574,86.35012448851816,,,,,,,,,
social,social cohesion,national aggregate,Bottom-40,palma,2012,3025496765.0,4118.907239318242,86.34730402694713,,,,,,,,,
social,social cohesion,national aggregate,Bottom-40,palma,2013,3078734496.0,4261.941562979554,86.36201421247856,,,,,,,,,
social,social cohesion,national aggregate,Bottom-40,palma,2014,3131533963.0,4461.00717186334,86.38907005205616,,,,,,,,,
social,social cohesion,national aggregate,Bottom-40,palma,2015,3184625696.0,4655.56473539207,85.83105108500638,,,,,,,,,
social,social cohesion,national aggregate,Bottom-40,palma,2016,3239351100.0,4835.955023097456,85.81916282554243,,,,,,,,,
social,social cohesion,national aggregate,Bottom-40,palma,2017,3295224355.0,5037.397493099811,85.6104483058787,,,,,,,,,
social,social cohesion,national aggregate,Bottom-40,palma,2018,3351275676.0,5234.702054758413,85.58503726030088,,,,,,,,,
social,social cohesion,national aggregate,Bottom-40,palma,2019,3407742141.0,5364.77105881448,85.54900354474914,,,,,,,,,
social,social cohesion,national aggregate,Bottom-40,palma,2020,3464675412.0,5076.04284296782,82.45770977867292,,,,,,,,,
social,social cohesion,national aggregate,Bottom-40,palma,2021,3519786549.0,5287.298647675415,82.24154086339172,,,,,,,,,
social,social cohesion,national aggregate,Bottom-40,palma,2022,3573523686.0,5529.041654165806,82.19508672930621,,,,,,,,,
social,social cohesion,national aggregate,Middle-40,palma,2000,2771079507.0,7692.85018485735,77.69106417053807,,,,,,,,,
social,social cohesion,national aggregate,Middle-40,palma,2001,2795128241.0,7902.984182376066,78.56204888167777,,,,,,,,,
social,social cohesion,national aggregate,Middle-40,palma,2002,2817982774.0,8168.321690814426,73.4539344277766,,,,,,,,,
social,social cohesion,national aggregate,Middle-40,palma,2003,2840378133.0,8528.850379276693,72.5912475893575,,,,,,,,,
social,social cohesion,national aggregate,Middle-40,palma,2004,2863160639.0,9073.696198278563,72.63184536953953,,,,,,,,,
social,social cohesion,national aggregate,Middle-40,palma,2005,2886128730.0,9583.909852877112,73.59343146831846,,,,,,,,,
social,social cohesion,national aggregate,Middle-40,palma,2006,2908976565.0,10285.251123919892,72.71649168476543,,,,,,,,,
social,social cohesion,national aggregate,Middle-40,palma,2007,2931945847.0,11087.96033204242,72.97049518118197,,,,,,,,,
social,social cohesion,national aggregate,Middle-40,palma,2008,2955942444.0,11621.247297116652,71.6259879585125,,,,,,,,,
social,social cohesion,national aggregate,Middle-40,palma,2009,2981024091.0,11630.725189742872,69.12279042698954,,,,,,,,,
social,social cohesion,national aggregate,Middle-40,palma,2010,3006436061.0,12302.342501699068,69.13951834746835,,,,,,,,,
social,social cohesion,national aggregate,Middle-40,palma,2011,3031818549.0,12869.064810164246,77.42792106652554,,,,,,,,,
social,social cohesion,national aggregate,Middle-40,palma,2012,3058599742.0,13418.780155524284,76.74100830418496,,,,,,,,,
social,social cohesion,national aggregate,Middle-40,palma,2013,3087056858.0,13858.936902267154,76.49093876844947,,,,,,,,,
social,social cohesion,national aggregate,Middle-40,palma,2014,3115874201.0,14317.047425141602,72.80237046386456,,,,,,,,,
social,social cohesion,national aggregate,Middle-40,palma,2015,3143671521.0,14682.35031361053,75.36761796430703,,,,,,,,,
social,social cohesion,national aggregate,Middle-40,palma,2016,3169140069.0,15090.746063579065,67.11021345519455,,,,,,,,,
social,social cohesion,national aggregate,Middle-40,palma,2017,3193178974.0,15681.633581815418,67.23138782636867,,,,,,,,,
social,social cohesion,national aggregate,Middle-40,palma,2018,3214995105.0,16205.265939374283,67.12396649201119,,,,,,,,,
social,social cohesion,national aggregate,Middle-40,palma,2019,3233967613.0,16672.718839130957,67.1218763995705,,,,,,,,,
social,social cohesion,national aggregate,Middle-40,palma,2020,3249703015.0,16353.946617090254,66.76000969891706,,,,,,,,,
social,social cohesion,national aggregate,Middle-40,palma,2021,3261155656.0,17377.02988724466,66.7248818374096,,,,,,,,,
social,social cohesion,national aggregate,Middle-40,palma,2022,3270491108.0,17872.515797620435,66.68381582403006,,,,,,,,,
social,social cohesion,national aggregate,Top-20,palma,2000,925537229.0,42841.57056886864,0.7263747788150832,,,,,,,,,
social,social cohesion,national aggregate,Top-20,palma,2001,932036528.0,43168.38978676752,0.7323335293142074,,,,,,,,,
social,social cohesion,national aggregate,Top-20,palma,2002,938669229.0,43387.74839026642,0.7366231667534506,,,,,,,,,
social,social cohesion,national aggregate,Top-20,palma,2003,945536724.0,44109.777454907606,0.7399504241783421,,,,,,,,,
social,social cohesion,national aggregate,Top-20,palma,2004,952625436.0,45340.414645573714,1.435856159524172,,,,,,,,,
social,social cohesion,national aggregate,Top-20,palma,2005,960198702.0,46315.86108642239,1.4498829222537315,,,,,,,,,
social,social cohesion,national aggregate,Top-20,palma,2006,968597868.0,47338.75129945506,1.4693376343463107,,,,,,,,,
social,social cohesion,national aggregate,Top-20,palma,2007,977999082.0,48116.33221024317,31.258389770145,,,,,,,,,
social,social cohesion,national aggregate,Top-20,palma,2008,987630430.0,47807.91933225158,0.7530465621639463,,,,,,,,,
social,social cohesion,national aggregate,Top-20,palma,2009,996519621.0,45919.21545509608,0.759419066170098,,,,,,,,,
social,social cohesion,national aggregate,Top-20,palma,2010,1004298471.0,47126.41840786978,0.7668753087248302,,,,,,,,,
social,social cohesion,national aggregate,Top-20,palma,2011,1011579211.0,47946.01860155472,0.774798346463844,,,,,,,,,
social,social cohesion,national aggregate,Top-20,palma,2012,1018860680.0,48274.52404996078,0.7826552890430515,,,,,,,,,
social,social cohesion,national aggregate,Top-20,palma,2013,1025840434.0,48694.91910204364,0.0375935659404901,,,,,,,,,
social,social cohesion,national aggregate,Top-20,palma,2014,1032449176.0,49381.90255022027,0.0376900877104288,,,,,,,,,
social,social cohesion,national aggregate,Top-20,palma,2015,1038946701.0,50181.83804288999,0.0377976078678553,,,,,,,,,
social,social cohesion,national aggregate,Top-20,palma,2016,1045436685.0,50795.6954314738,0.0378766122981421,,,,,,,,,
social,social cohesion,national aggregate,Top-20,palma,2017,1051706513.0,51746.36506086974,0.0379402423649343,,,,,,,,,
social,social cohesion,national aggregate,Top-20,palma,2018,1057621731.0,52596.85291749837,0.0380009211440834,,,,,,,,,
social,social cohesion,national aggregate,Top-20,palma,2019,1063158403.0,53214.91427993404,0.0380523728974373,,,,,,,,,
social,social cohesion,national aggregate,Top-20,palma,2020,1066319975.0,50530.94500051039,31.542921626315778,,,,,,,,,
social,social cohesion,national aggregate,Top-20,palma,2021,1067926913.0,53260.809722408114,0.0381960595837142,,,,,,,,,
social,social cohesion,national aggregate,Top-20,palma,2022,1070488119.0,54508.03426175838,0.038298790311002,,,,,,,,,
social,political voice,global doughnut,World,govRegimes,2000,6084948028.0,11028.4470413758,46.63682434002212,,,,,,,,,
social,political voice,global doughnut,World,govRegimes,2001,6166127352.0,11152.76028809876,46.03006467388966,,,,,,,,,
social,political voice,global doughnut,World,govRegimes,2002,6247142642.0,11284.687175014422,48.53922447061679,,,,,,,,,
social,political voice,global doughnut,World,govRegimes,2003,6327986460.0,11554.247982960023,47.84305154786946,,,,,,,,,
social,political voice,global doughnut,World,govRegimes,2004,6409174329.0,11995.078155237525,49.09820425326115,,,,,,,,,
social,political voice,global doughnut,World,govRegimes,2005,6490951589.0,12383.721716281398,49.45188273225927,,,,,,,,,
social,political voice,global doughnut,World,govRegimes,2006,6573549605.0,12876.458765211017,49.585767277403846,,,,,,,,,
social,political voice,global doughnut,World,govRegimes,2007,6657436614.0,13379.739886767127,50.45851470723444,,,,,,,,,
social,political voice,global doughnut,World,govRegimes,2008,6751269201.0,13549.975093848105,50.34204247842139,,,,,,,,,
social,political voice,global doughnut,World,govRegimes,2009,6837758745.0,13298.668586066797,50.69099407074796,,,,,,,,,
social,political voice,global doughnut,World,govRegimes,2010,6924854700.0,13792.366213313791,49.76636637588945,,,,,,,,,
social,political voice,global doughnut,World,govRegimes,2011,7012156181.0,14177.490209214177,49.629011992481175,,,,,,,,,
social,political voice,global doughnut,World,govRegimes,2012,7100472452.0,14453.442156074118,47.86732650505043,,,,,,,,,
social,political voice,global doughnut,World,govRegimes,2013,7189125117.0,14715.931389947464,48.388476614128734,,,,,,,,,
social,political voice,global doughnut,World,govRegimes,2014,7277328582.0,15046.81655742922,48.01433125670015,,,,,,,,,
social,political voice,global doughnut,World,govRegimes,2015,7364693291.0,15350.737308665568,48.03791642380291,,,,,,,,,
social,political voice,global doughnut,World,govRegimes,2016,7451355696.0,15638.382530885674,47.5063856755658,,,,,,,,,
social,political voice,global doughnut,World,govRegimes,2017,7537515760.0,16056.690045694071,66.10254127017573,,,,,,,,,
social,political voice,global doughnut,World,govRegimes,2018,7621277016.0,16428.10187876494,67.88491449842873,,,,,,,,,
social,political voice,global doughnut,World,govRegimes,2019,7702231758.0,16710.3743932465,67.89607363564872,,,,,,,,,
social,political voice,global doughnut,World,govRegimes,2020,7778041468.0,16013.049532167362,67.71991885965605,,,,,,,,,
social,political voice,global doughnut,World,govRegimes,2021,7846191585.0,16835.161374113653,70.7494789907045,,,,,,,,,
social,political voice,global doughnut,World,govRegimes,2022,7911804204.0,17251.584578168557,70.76488174681326,,,,,,,,,
social,political voice,national aggregate,World,govRegimes,2000,6084948028.0,11028.4470413758,46.63682434002212,,,,,,,,,
social,political voice,national aggregate,World,govRegimes,2001,6166127352.0,11152.76028809876,46.03006467388966,,,,,,,,,
social,political voice,national aggregate,World,govRegimes,2002,6247142642.0,11284.687175014422,48.53922447061679,,,,,,,,,
social,political voice,national aggregate,World,govRegimes,2003,6327986460.0,11554.247982960023,47.84305154786946,,,,,,,,,
social,political voice,national aggregate,World,govRegimes,2004,6409174329.0,11995.078155237525,49.09820425326115,,,,,,,,,
social,political voice,national aggregate,World,govRegimes,2005,6490951589.0,12383.721716281398,49.45188273225927,,,,,,,,,
social,political voice,national aggregate,World,govRegimes,2006,6573549605.0,12876.458765211017,49.585767277403846,,,,,,,,,
social,political voice,national aggregate,World,govRegimes,2007,6657436614.0,13379.739886767127,50.45851470723444,,,,,,,,,
social,political voice,national aggregate,World,govRegimes,2008,6751269201.0,13549.975093848105,50.34204247842139,,,,,,,,,
social,political voice,national aggregate,World,govRegimes,2009,6837758745.0,13298.668586066797,50.69099407074796,,,,,,,,,
social,political voice,national aggregate,World,govRegimes,2010,6924854700.0,13792.366213313791,49.76636637588945,,,,,,,,,
social,political voice,national aggregate,World,govRegimes,2011,7012156181.0,14177.490209214177,49.629011992481175,,,,,,,,,
social,political voice,national aggregate,World,govRegimes,2012,7100472452.0,14453.442156074118,47.86732650505043,,,,,,,,,
social,political voice,national aggregate,World,govRegimes,2013,7189125117.0,14715.931389947464,48.388476614128734,,,,,,,,,
social,political voice,national aggregate,World,govRegimes,2014,7277328582.0,15046.81655742922,48.01433125670015,,,,,,,,,
social,political voice,national aggregate,World,govRegimes,2015,7364693291.0,15350.737308665568,48.03791642380291,,,,,,,,,
social,political voice,national aggregate,World,govRegimes,2016,7451355696.0,15638.382530885674,47.5063856755658,,,,,,,,,
social,political voice,national aggregate,World,govRegimes,2017,7537515760.0,16056.690045694071,66.10254127017573,,,,,,,,,
social,political voice,national aggregate,World,govRegimes,2018,7621277016.0,16428.10187876494,67.88491449842873,,,,,,,,,
social,political voice,national aggregate,World,govRegimes,2019,7702231758.0,16710.3743932465,67.89607363564872,,,,,,,,,
social,political voice,national aggregate,World,govRegimes,2020,7778041468.0,16013.049532167362,67.71991885965605,,,,,,,,,
social,political voice,national aggregate,World,govRegimes,2021,7846191585.0,16835.161374113653,70.7494789907045,,,,,,,,,
social,political voice,national aggregate,World,govRegimes,2022,7911804204.0,17251.584578168557,70.76488174681326,,,,,,,,,
social,political voice,national aggregate,Bottom-40,govRegimes,2000,2389945917.0,2590.671949861747,41.38217078323952,,,,,,,,,
social,political voice,national aggregate,Bottom-40,govRegimes,2001,2440601941.0,2662.819506213497,42.17686816139429,,,,,,,,,
social,political voice,national aggregate,Bottom-40,govRegimes,2002,2492155654.0,2731.6211374082936,47.65119141310264,,,,,,,,,
social,political voice,national aggregate,Bottom-40,govRegimes,2003,2543762367.0,2845.932953731204,46.02070787691624,,,,,,,,,
social,political voice,national aggregate,Bottom-40,govRegimes,2004,2595104623.0,2991.96101550394,49.36314388431499,,,,,,,,,
social,political voice,national aggregate,Bottom-40,govRegimes,2005,2646376090.0,3139.6893409668046,49.47183334776879,,,,,,,,,
social,political voice,national aggregate,Bottom-40,govRegimes,2006,2697749751.0,3311.857003805604,49.044723199753896,,,,,,,,,
social,political voice,national aggregate,Bottom-40,govRegimes,2007,2749286468.0,3481.4351455806286,51.12499287942518,,,,,,,,,
social,political voice,national aggregate,Bottom-40,govRegimes,2008,2809511421.0,3550.140231906892,50.66360198291573,,,,,,,,,
social,political voice,national aggregate,Bottom-40,govRegimes,2009,2862050601.0,3690.517411573784,51.45252283399444,,,,,,,,,
social,political voice,national aggregate,Bottom-40,govRegimes,2010,2915975568.0,3859.969421833083,47.89172678006471,,,,,,,,,
social,political voice,national aggregate,Bottom-40,govRegimes,2011,2970634007.0,4025.244327501248,47.49746383011767,,,,,,,,,
social,political voice,national aggregate,Bottom-40,govRegimes,2012,3024908232.0,4118.834478145015,43.71597951339107,,,,,,,,,
social,political voice,national aggregate,Bottom-40,govRegimes,2013,3078143278.0,4261.887246708674,42.59762699714071,,,,,,,,,
social,political voice,national aggregate,Bottom-40,govRegimes,2014,3130940253.0,4460.963705773672,41.252698219406106,,,,,,,,,
social,political voice,national aggregate,Bottom-40,govRegimes,2015,3184029547.0,4655.494651093422,41.972289461295006,,,,,,,,,
social,political voice,national aggregate,Bottom-40,govRegimes,2016,3238752230.0,4835.899647709131,40.75362273081321,,,,,,,,,
social,political voice,national aggregate,Bottom-40,govRegimes,2017,3294622503.0,5037.354035595447,83.39360155824201,,,,,,,,,
social,political voice,national aggregate,Bottom-40,govRegimes,2018,3350670781.0,5234.689706790688,87.07449175681936,,,,,,,,,
social,political voice,national aggregate,Bottom-40,govRegimes,2019,3407133981.0,5364.74691175456,88.24884165892153,,,,,,,,,
social,political voice,national aggregate,Bottom-40,govRegimes,2020,3464062178.0,5076.005116678059,87.63968549065692,,,,,,,,,
social,political voice,national aggregate,Bottom-40,govRegimes,2021,3519166509.0,5287.35486659999,94.18736739290786,,,,,,,,,
social,political voice,national aggregate,Bottom-40,govRegimes,2022,3572896169.0,5529.173465768377,92.47632465974412,,,,,,,,,
social,political voice,national aggregate,Middle-40,govRegimes,2000,2770249768.0,7691.947282112168,65.24938617014983,,,,,,,,,
social,political voice,national aggregate,Middle-40,govRegimes,2001,2794287788.0,7902.162808908474,63.22414361136664,,,,,,,,,
social,political voice,national aggregate,Middle-40,govRegimes,2002,2817131735.0,8167.534138541174,63.95077172349557,,,,,,,,,
social,political voice,national aggregate,Middle-40,govRegimes,2003,2839516412.0,8528.043742698752,63.83859312590583,,,,,,,,,
social,political voice,national aggregate,Middle-40,govRegimes,2004,2862288146.0,9072.986838834498,63.60956357746102,,,,,,,,,
social,political voice,national aggregate,Middle-40,govRegimes,2005,2885235255.0,9583.190509122234,64.26601164624962,,,,,,,,,
social,political voice,national aggregate,Middle-40,govRegimes,2006,2908072527.0,10284.576402259116,64.91591913450239,,,,,,,,,
social,political voice,national aggregate,Middle-40,govRegimes,2007,2931031168.0,11087.438245811058,64.90373916078399,,,,,,,,,
social,political voice,national aggregate,Middle-40,govRegimes,2008,2955016869.0,11620.863269798476,65.0133489982456,,,,,,,,,
social,political voice,national aggregate,Middle-40,govRegimes,2009,2980087477.0,11630.490665799372,64.98688719532511,,,,,,,,,
social,political voice,national aggregate,Middle-40,govRegimes,2010,3005489039.0,12302.406183119158,66.23864988915037,,,,,,,,,
social,political voice,national aggregate,Middle-40,govRegimes,2011,3030861670.0,12869.2737856351,66.26954433060615,,,,,,,,,
social,political voice,national aggregate,Middle-40,govRegimes,2012,3057632885.0,13419.167264192847,65.87696191002995,,,,,,,,,
social,political voice,national aggregate,Middle-40,govRegimes,2013,3086080215.0,13859.42256123763,68.16810933088465,,,,,,,,,
social,political voice,national aggregate,Middle-40,govRegimes,2014,3114887046.0,14317.639459051905,68.6183041771846,,,,,,,,,
social,political voice,national aggregate,Middle-40,govRegimes,2015,3142673848.0,14683.000799484083,67.93072957152759,,,,,,,,,
social,political voice,national aggregate,Middle-40,govRegimes,2016,3168132734.0,15091.428079195408,67.92491715721151,,,,,,,,,
social,political voice,national aggregate,Middle-40,govRegimes,2017,3192161822.0,15682.511933638909,67.8431249028327,,,,,,,,,
social,political voice,national aggregate,Middle-40,govRegimes,2018,3213968034.0,16206.222619638567,67.99977479178625,,,,,,,,,
social,political voice,national aggregate,Middle-40,govRegimes,2019,3232930982.0,16673.778088157665,66.53435687232991,,,,,,,,,
social,political voice,national aggregate,Middle-40,govRegimes,2020,3248657974.0,16355.453284674675,66.4752420933063,,,,,,,,,
social,political voice,national aggregate,Middle-40,govRegimes,2021,3260103260.0,17378.659541987392,66.40452591063021,,,,,,,,,
social,political voice,national aggregate,Middle-40,govRegimes,2022,3269431713.0,17873.984848656917,67.9741616918732,,,,,,,,,
social,political voice,national aggregate,Top-20,govRegimes,2000,924752343.0,42830.21973778781,4.4600106517383535,,,,,,,,,
social,political voice,national aggregate,Top-20,govRegimes,2001,931237623.0,43157.12743881173,4.535729652323122,,,,,,,,,
social,political voice,national aggregate,Top-20,govRegimes,2002,937855253.0,43375.9960739964,4.605747407377373,,,,,,,,,
social,political voice,national aggregate,Top-20,govRegimes,2003,944707681.0,44098.53790031769,4.672032194475192,,,,,,,,,
social,political voice,national aggregate,Top-20,govRegimes,2004,951781560.0,45330.35126895816,4.73588456578209,,,,,,,,,
social,political voice,national aggregate,Top-20,govRegimes,2005,959340244.0,46306.38661893481,4.843054827584195,,,,,,,,,
social,political voice,national aggregate,Top-20,govRegimes,2006,967727327.0,47328.60554556319,5.02611630807032,,,,,,,,,
social,political voice,national aggregate,Top-20,govRegimes,2007,977118978.0,48106.40429629215,5.252410315993269,,,,,,,,,
social,political voice,national aggregate,Top-20,govRegimes,2008,986740911.0,47799.2981514504,5.489961386631916,,,,,,,,,
social,political voice,national aggregate,Top-20,govRegimes,2009,995620667.0,45911.82342433758,5.711467819500376,,,,,,,,,
social,political voice,national aggregate,Top-20,govRegimes,2010,1003390093.0,47120.06712269225,5.874300275755264,,,,,,,,,
social,political voice,national aggregate,Top-20,govRegimes,2011,1010660504.0,47941.18211453516,5.991111828389012,,,,,,,,,
social,political voice,national aggregate,Top-20,govRegimes,2012,1017931335.0,48270.72587394311,6.106739802837487,,,,,,,,,
social,political voice,national aggregate,Top-20,govRegimes,2013,1024901624.0,48692.168564570165,6.2220214610568325,,,,,,,,,
social,political voice,national aggregate,Top-20,govRegimes,2014,1031501283.0,49380.24656592933,6.319008136415473,,,,,,,,,
social,political voice,national aggregate,Top-20,govRegimes,2015,1037989896.0,50180.02306387485,6.415653683781137,,,,,,,,,
social,political voice,national aggregate,Top-20,govRegimes,2016,1044470732.0,50794.36029535577,6.511372019948569,,,,,,,,,
social,political voice,national aggregate,Top-20,govRegimes,2017,1050731435.0,51745.15259837263,6.597572766060815,,,,,,,,,
social,political voice,national aggregate,Top-20,govRegimes,2018,1056638201.0,52598.05287466278,6.684105111206367,,,,,,,,,
social,political voice,national aggregate,Top-20,govRegimes,2019,1062166795.0,53215.36253544037,6.75476180744287,,,,,,,,,
social,political voice,national aggregate,Top-20,govRegimes,2020,1065321316.0,50532.44632408532,6.743216241061302,,,,,,,,,
social,political voice,national aggregate,Top-20,govRegimes,2021,1066921816.0,53264.06664336831,6.71776159463216,,,,,,,,,
social,political voice,national aggregate,Top-20,govRegimes,2022,1069476322.0,54511.000006744274,6.762845283450791,,,,,,,,,
social,peace and justice,global doughnut,World,controlCorruption,2000,4379369719.0,13657.748220423788,,,,,,,,,,
social,peace and justice,global doughnut,World,controlCorruption,2001,4441870763.0,13744.38886283874,,,,,,,,,,
social,peace and justice,global doughnut,World,controlCorruption,2002,4504516523.0,13829.61366829069,,,,,,,,,,
social,peace and justice,global doughnut,World,controlCorruption,2003,4567031457.0,14045.685960145103,,,,,,,,,,
social,peace and justice,global doughnut,World,controlCorruption,2004,4629582264.0,14488.638765239117,,,,,,,,,,
social,peace and justice,global doughnut,World,controlCorruption,2005,4691861255.0,14849.27315020903,79.93827983595126,,,,,,,,,
social,peace and justice,global doughnut,World,controlCorruption,2006,4753212340.0,15306.65404387015,80.05125172529529,,,,,,,,,
social,peace and justice,global doughnut,World,controlCorruption,2007,4814328029.0,15744.417516547275,81.42652439043862,,,,,,,,,
social,peace and justice,global doughnut,World,controlCorruption,2008,4876655997.0,15805.968601009448,82.58861759473042,,,,,,,,,
social,peace and justice,global doughnut,World,controlCorruption,2009,4939993164.0,15316.977397356452,82.16417234868277,,,,,,,,,
social,peace and justice,global doughnut,World,controlCorruption,2010,5003854548.0,15774.295817371458,80.50876076959149,,,,,,,,,
social,peace and justice,global doughnut,World,controlCorruption,2011,5068947557.0,16068.559426368864,80.89666373912203,,,,,,,,,
social,peace and justice,global doughnut,World,controlCorruption,2012,5134844706.0,16226.866901290789,79.09398855964955,,,,,,,,,
social,peace and justice,global doughnut,World,controlCorruption,2013,5200757407.0,16419.09098974723,79.28789563682088,,,,,,,,,
social,peace and justice,global doughnut,World,controlCorruption,2014,5266550178.0,16637.442293307293,77.89981894642439,,,,,,,,,
social,peace and justice,global doughnut,World,controlCorruption,2015,5331497278.0,16863.981412950558,76.77370622662853,,,,,,,,,
social,peace and justice,global doughnut,World,controlCorruption,2016,5395491636.0,17054.26891212842,77.14970265148527,,,,,,,,,
social,peace and justice,global doughnut,World,controlCorruption,2017,5458677719.0,17413.69534514696,75.39862471905622,,,,,,,,,
social,peace and justice,global doughnut,World,controlCorruption,2018,5520512900.0,17721.40283391695,77.05378272955056,,,,,,,,,
social,peace and justice,global doughnut,World,controlCorruption,2019,5580971652.0,17912.821532253565,74.56823478005977,,,,,,,,,
social,peace and justice,global doughnut,World,controlCorruption,2020,5638942837.0,16969.22767060095,75.70267463378325,,,,,,,,,
social,peace and justice,global doughnut,World,controlCorruption,2021,5691767651.0,17771.216115037994,74.62251558544021,,,,,,,,,
social,peace and justice,global doughnut,World,controlCorruption,2022,5741934331.0,18193.536202261443,74.77606433214086,,,,,,,,,
social,peace and justice,global doughnut,World,homicideOver5,2000,5358545835.0,11917.585663401089,28.4529011778062,,,,,,,,,
social,peace and justice,global doughnut,World,homicideOver5,2001,5423237439.0,12052.721806294005,28.549872920288344,,,,,,,,,
social,peace and justice,global doughnut,World,homicideOver5,2002,5487912017.0,12187.062441515493,28.643585285817093,,,,,,,,,
social,peace and justice,global doughnut,World,homicideOver5,2003,5552017764.0,12483.54762516617,28.57152580248841,,,,,,,,,
social,peace and justice,global doughnut,World,homicideOver5,2004,5615585413.0,12978.93162959908,28.534742260183304,,,,,,,,,
social,peace and justice,global doughnut,World,homicideOver5,2005,5679295190.0,13414.15586616838,28.61694972048107,,,,,,,,,
social,peace and justice,global doughnut,World,homicideOver5,2006,5743313874.0,13959.112903798869,28.136229613279884,,,,,,,,,
social,peace and justice,global doughnut,World,homicideOver5,2007,5808081033.0,14516.2562135692,29.36902807154757,,,,,,,,,
social,peace and justice,global doughnut,World,homicideOver5,2008,5873492077.0,14728.550143276178,27.969637269675,,,,,,,,,
social,peace and justice,global doughnut,World,homicideOver5,2009,5939483074.0,14445.741537045811,22.14192763267398,,,,,,,,,
social,peace and justice,global doughnut,World,homicideOver5,2010,6005569515.0,15000.199305866649,21.568045124859403,,,,,,,,,
social,peace and justice,global doughnut,World,homicideOver5,2011,6072091031.0,15457.937440237632,21.266798066881616,,,,,,,,,
social,peace and justice,global doughnut,World,homicideOver5,2012,6139256845.0,15767.199064094397,22.8182664183681,,,,,,,,,
social,peace and justice,global doughnut,World,homicideOver5,2013,6205720159.0,16080.682891196651,22.85434854717238,,,,,,,,,
social,peace and justice,global doughnut,World,homicideOver5,2014,6271205199.0,16452.853343408107,22.87903685927532,,,,,,,,,
social,peace and justice,global doughnut,World,homicideOver5,2015,6335451163.0,16816.339819520763,18.66401996602369,,,,,,,,,
social,peace and justice,global doughnut,World,homicideOver5,2016,6398905337.0,17150.371589239894,24.009903555164907,,,,,,,,,
social,peace and justice,global doughnut,World,homicideOver5,2017,6461824528.0,17639.9842584069,24.822779712596983,,,,,,,,,
social,peace and justice,global doughnut,World,homicideOver5,2018,6522109979.0,18088.458661652232,16.8070023279195,,,,,,,,,
social,peace and justice,global doughnut,World,homicideOver5,2019,6579296380.0,18435.94325312217,15.361676805932248,,,,,,,,,
social,peace and justice,global doughnut,World,homicideOver5,2020,6631365292.0,17687.758777056963,20.52634094282375,,,,,,,,,
social,peace and justice,global doughnut,World,homicideOver5,2021,6676061478.0,18653.97930728317,20.81116873441709,,,,,,,,,
social,peace and justice,global doughnut,World,homicideOver5,2022,6718111096.0,19145.78709231794,19.52460119007237,,,,,,,,,
social,peace and justice,national aggregate,World,controlCorruption,2000,4379369719.0,13657.748220423788,,,,,,,,,,
social,peace and justice,national aggregate,World,controlCorruption,2001,4441870763.0,13744.38886283874,,,,,,,,,,
social,peace and justice,national aggregate,World,controlCorruption,2002,4504516523.0,13829.61366829069,,,,,,,,,,
social,peace and justice,national aggregate,World,controlCorruption,2003,4567031457.0,14045.685960145103,,,,,,,,,,
social,peace and justice,national aggregate,World,controlCorruption,2004,4629582264.0,14488.638765239117,,,,,,,,,,
social,peace and justice,national aggregate,World,controlCorruption,2005,4691861255.0,14849.27315020903,79.93827983595126,,,,,,,,,
social,peace and justice,national aggregate,World,controlCorruption,2006,4753212340.0,15306.65404387015,80.05125172529529,,,,,,,,,
social,peace and justice,national aggregate,World,controlCorruption,2007,4814328029.0,15744.417516547275,81.42652439043862,,,,,,,,,
social,peace and justice,national aggregate,World,controlCorruption,2008,4876655997.0,15805.968601009448,82.58861759473042,,,,,,,,,
social,peace and justice,national aggregate,World,controlCorruption,2009,4939993164.0,15316.977397356452,82.16417234868277,,,,,,,,,
social,peace and justice,national aggregate,World,controlCorruption,2010,5003854548.0,15774.295817371458,80.50876076959149,,,,,,,,,
social,peace and justice,national aggregate,World,controlCorruption,2011,5068947557.0,16068.559426368864,80.89666373912203,,,,,,,,,
social,peace and justice,national aggregate,World,controlCorruption,2012,5134844706.0,16226.866901290789,79.09398855964955,,,,,,,,,
social,peace and justice,national aggregate,World,controlCorruption,2013,5200757407.0,16419.09098974723,79.28789563682088,,,,,,,,,
social,peace and justice,national aggregate,World,controlCorruption,2014,5266550178.0,16637.442293307293,77.89981894642439,,,,,,,,,
social,peace and justice,national aggregate,World,controlCorruption,2015,5331497278.0,16863.981412950558,76.77370622662853,,,,,,,,,
social,peace and justice,national aggregate,World,controlCorruption,2016,5395491636.0,17054.26891212842,77.14970265148527,,,,,,,,,
social,peace and justice,national aggregate,World,controlCorruption,2017,5458677719.0,17413.69534514696,75.39862471905622,,,,,,,,,
social,peace and justice,national aggregate,World,controlCorruption,2018,5520512900.0,17721.40283391695,77.05378272955056,,,,,,,,,
social,peace and justice,national aggregate,World,controlCorruption,2019,5580971652.0,17912.821532253565,74.56823478005977,,,,,,,,,
social,peace and justice,national aggregate,World,controlCorruption,2020,5638942837.0,16969.22767060095,75.70267463378325,,,,,,,,,
social,peace and justice,national aggregate,World,controlCorruption,2021,5691767651.0,17771.216115037994,74.62251558544021,,,,,,,,,
social,peace and justice,national aggregate,World,controlCorruption,2022,5741934331.0,18193.536202261443,74.77606433214086,,,,,,,,,
social,peace and justice,national aggregate,Bottom-40,controlCorruption,2000,2046843979.0,2652.623164815771,,,,,,,,,,
social,peace and justice,national aggregate,Bottom-40,controlCorruption,2001,2089308297.0,2726.519368474804,,,,,,,,,,
social,peace and justice,national aggregate,Bottom-40,controlCorruption,2002,2132524521.0,2793.2486165491678,,,,,,,,,,
social,peace and justice,national aggregate,Bottom-40,controlCorruption,2003,2175611989.0,2919.6242412354504,,,,,,,,,,
social,peace and justice,national aggregate,Bottom-40,controlCorruption,2004,2218178413.0,3076.327924390546,,,,,,,,,,
social,peace and justice,national aggregate,Bottom-40,controlCorruption,2005,2260378738.0,3230.1646405927545,83.1334361074893,,,,,,,,,
social,peace and justice,national aggregate,Bottom-40,controlCorruption,2006,2302057409.0,3409.656115407229,82.93388155841369,,,,,,,,,
social,peace and justice,national aggregate,Bottom-40,controlCorruption,2007,2343127148.0,3587.841887256227,84.00084213054457,,,,,,,,,
social,peace and justice,national aggregate,Bottom-40,controlCorruption,2008,2384358657.0,3663.524335235869,86.4668743813569,,,,,,,,,
social,peace and justice,national aggregate,Bottom-40,controlCorruption,2009,2426460513.0,3816.400465184288,86.69588682061236,,,,,,,,,
social,peace and justice,national aggregate,Bottom-40,controlCorruption,2010,2469441649.0,4008.393716170501,83.9341129075425,,,,,,,,,
social,peace and justice,national aggregate,Bottom-40,controlCorruption,2011,2513241063.0,4150.133445122023,85.67560998522737,,,,,,,,,
social,peace and justice,national aggregate,Bottom-40,controlCorruption,2012,2556973441.0,4294.522763401915,82.18645870392538,,,,,,,,,
social,peace and justice,national aggregate,Bottom-40,controlCorruption,2013,2600246577.0,4480.109202581321,81.26722081496591,,,,,,,,,
social,peace and justice,national aggregate,Bottom-40,controlCorruption,2014,2643280995.0,4697.644624443966,80.84445899786226,,,,,,,,,
social,peace and justice,national aggregate,Bottom-40,controlCorruption,2015,2685939375.0,4927.464372250671,78.27766421094174,,,,,,,,,
social,peace and justice,national aggregate,Bottom-40,controlCorruption,2016,2729297572.0,5138.295139243285,77.62377124314419,,,,,,,,,
social,peace and justice,national aggregate,Bottom-40,controlCorruption,2017,2773403415.0,5375.733397690406,76.42548490745193,,,,,,,,,
social,peace and justice,national aggregate,Bottom-40,controlCorruption,2018,2817151600.0,5613.163225439586,78.92593153328161,,,,,,,,,
social,peace and justice,national aggregate,Bottom-40,controlCorruption,2019,2860505744.0,5769.786858350714,75.526142496348,,,,,,,,,
social,peace and justice,national aggregate,Bottom-40,controlCorruption,2020,2904151149.0,5450.381990461728,78.48070092020077,,,,,,,,,
social,peace and justice,national aggregate,Bottom-40,controlCorruption,2021,2946115419.0,5720.351054200448,76.58955983238496,,,,,,,,,
social,peace and justice,national aggregate,Bottom-40,controlCorruption,2022,2986303189.0,6007.033597263479,77.13948772483658,,,,,,,,,
social,peace and justice,national aggregate,Middle-40,controlCorruption,2000,1439067493.0,11348.368367255916,,,,,,,,,,
social,peace and justice,national aggregate,Middle-40,controlCorruption,2001,1453483786.0,11510.514136799273,,,,,,,,,,
social,peace and justice,national aggregate,Middle-40,controlCorruption,2002,1467156964.0,11717.235795831062,,,,,,,,,,
social,peace and justice,national aggregate,Middle-40,controlCorruption,2003,1480594234.0,12028.023409397912,,,,,,,,,,
social,peace and justice,national aggregate,Middle-40,controlCorruption,2004,1494377754.0,12670.893512412242,,,,,,,,,,
social,peace and justice,national aggregate,Middle-40,controlCorruption,2005,1508197204.0,13182.082354442287,84.99583992992108,,,,,,,,,
social,peace and justice,national aggregate,Middle-40,controlCorruption,2006,1521503128.0,13910.843720648309,84.94985072695542,,,,,,,,,
social,peace and justice,national aggregate,Middle-40,controlCorruption,2007,1534631438.0,14685.084710222967,86.3604270849872,,,,,,,,,
social,peace and justice,national aggregate,Middle-40,controlCorruption,2008,1548741081.0,15129.861912734325,85.95797955550884,,,,,,,,,
social,peace and justice,national aggregate,Middle-40,controlCorruption,2009,1563584607.0,14630.563611606118,85.04280093830961,,,,,,,,,
social,peace and justice,national aggregate,Middle-40,controlCorruption,2010,1578594750.0,15214.767791767008,83.2895948654823,,,,,,,,,
social,peace and justice,national aggregate,Middle-40,controlCorruption,2011,1594080860.0,15713.523232892136,82.12504680708967,,,,,,,,,
social,peace and justice,national aggregate,Middle-40,controlCorruption,2012,1610447775.0,16040.943449596276,81.82765102009691,,,,,,,,,
social,peace and justice,national aggregate,Middle-40,controlCorruption,2013,1627584514.0,16324.98911984368,82.91890244034164,,,,,,,,,
social,peace and justice,national aggregate,Middle-40,controlCorruption,2014,1645028375.0,16480.098586888074,81.64261822100663,,,,,,,,,
social,peace and justice,national aggregate,Middle-40,controlCorruption,2015,1662137975.0,16584.896426489373,82.89457385435004,,,,,,,,,
social,peace and justice,national aggregate,Middle-40,controlCorruption,2016,1677635903.0,16699.26754220315,83.76556343102129,,,,,,,,,
social,peace and justice,national aggregate,Middle-40,controlCorruption,2017,1691715414.0,17053.05854016181,82.25414040366283,,,,,,,,,
social,peace and justice,national aggregate,Middle-40,controlCorruption,2018,1705153314.0,17337.356758270693,82.50001942913727,,,,,,,,,
social,peace and justice,national aggregate,Middle-40,controlCorruption,2019,1717807031.0,17514.03922934785,80.81660530416366,,,,,,,,,
social,peace and justice,national aggregate,Middle-40,controlCorruption,2020,1729042222.0,16788.236406047217,80.6050129843971,,,,,,,,,
social,peace and justice,national aggregate,Middle-40,controlCorruption,2021,1738134111.0,17594.26971461778,79.80932053346504,,,,,,,,,
social,peace and justice,national aggregate,Middle-40,controlCorruption,2022,1746198180.0,18079.07275708951,79.25220908653117,,,,,,,,,
social,peace and justice,national aggregate,Top-20,controlCorruption,2000,893458247.0,42589.2931702756,,,,,,,,,,
social,peace and justice,national aggregate,Top-20,controlCorruption,2001,899078680.0,42959.43692080329,,,,,,,,,,
social,peace and justice,national aggregate,Top-20,controlCorruption,2002,904835038.0,43265.37586047591,,,,,,,,,,
social,peace and justice,national aggregate,Top-20,controlCorruption,2003,910825234.0,43901.39459635074,,,,,,,,,,
social,peace and justice,national aggregate,Top-20,controlCorruption,2004,917026097.0,45055.860035802114,,,,,,,,,,
social,peace and justice,national aggregate,Top-20,controlCorruption,2005,923285313.0,46018.44471739657,63.854344475485775,,,,,,,,,
social,peace and justice,national aggregate,Top-20,controlCorruption,2006,929651803.0,47051.12213796628,64.89588600329905,,,,,,,,,
social,peace and justice,national aggregate,Top-20,controlCorruption,2007,936569443.0,47893.75576011528,66.9015192526109,,,,,,,,,
social,peace and justice,national aggregate,Top-20,controlCorruption,2008,943556259.0,47599.57499105278,67.25786832493182,,,,,,,,,
social,peace and justice,national aggregate,Top-20,controlCorruption,2009,949948044.0,45822.81612727572,65.85064270648853,,,,,,,,,
social,peace and justice,national aggregate,Top-20,controlCorruption,2010,955818149.0,47096.65219005768,67.06633205050508,,,,,,,,,
social,peace and justice,national aggregate,Top-20,controlCorruption,2011,961625634.0,47806.30944460948,66.37044336074875,,,,,,,,,
social,peace and justice,national aggregate,Top-20,controlCorruption,2012,967423490.0,48074.45730717977,66.36969068982295,,,,,,,,,
social,peace and justice,national aggregate,Top-20,controlCorruption,2013,972926316.0,48484.679881822136,67.92372161762351,,,,,,,,,
social,peace and justice,national aggregate,Top-20,controlCorruption,2014,978240808.0,49164.27501560262,63.64921523035171,,,,,,,,,
social,peace and justice,national aggregate,Top-20,controlCorruption,2015,983419928.0,49936.97286673346,62.32080966869284,,,,,,,,,
social,peace and justice,national aggregate,Top-20,controlCorruption,2016,988558161.0,50555.38461446683,64.6133842859184,,,,,,,,,
social,peace and justice,national aggregate,Top-20,controlCorruption,2017,993558890.0,51630.30792718037,60.85949749350035,,,,,,,,,
social,peace and justice,national aggregate,Top-20,controlCorruption,2018,998207986.0,52549.4191515727,62.46684718183417,,,,,,,,,
social,peace and justice,national aggregate,Top-20,controlCorruption,2019,1002658877.0,53239.14466224873,61.13036906886514,,,,,,,,,
social,peace and justice,national aggregate,Top-20,controlCorruption,2020,1005749466.0,50541.61482746034,59.25309271932176,,,,,,,,,
social,peace and justice,national aggregate,Top-20,controlCorruption,2021,1007518121.0,53314.79115949213,59.92252986374943,,,,,,,,,
social,peace and justice,national aggregate,Top-20,controlCorruption,2022,1009432962.0,54444.05389805466,60.040925696854856,,,,,,,,,
social,peace and justice,national aggregate,World,homicideOver5,2000,5358545835.0,11917.585663401089,28.4529011778062,,,,,,,,,
social,peace and justice,national aggregate,World,homicideOver5,2001,5423237439.0,12052.721806294005,28.549872920288344,,,,,,,,,
social,peace and justice,national aggregate,World,homicideOver5,2002,5487912017.0,12187.062441515493,28.643585285817093,,,,,,,,,
social,peace and justice,national aggregate,World,homicideOver5,2003,5552017764.0,12483.54762516617,28.57152580248841,,,,,,,,,
social,peace and justice,national aggregate,World,homicideOver5,2004,5615585413.0,12978.93162959908,28.534742260183304,,,,,,,,,
social,peace and justice,national aggregate,World,homicideOver5,2005,5679295190.0,13414.15586616838,28.61694972048107,,,,,,,,,
social,peace and justice,national aggregate,World,homicideOver5,2006,5743313874.0,13959.112903798869,28.136229613279884,,,,,,,,,
social,peace and justice,national aggregate,World,homicideOver5,2007,5808081033.0,14516.2562135692,29.36902807154757,,,,,,,,,
social,peace and justice,national aggregate,World,homicideOver5,2008,5873492077.0,14728.550143276178,27.969637269675,,,,,,,,,
social,peace and justice,national aggregate,World,homicideOver5,2009,5939483074.0,14445.741537045811,22.14192763267398,,,,,,,,,
social,peace and justice,national aggregate,World,homicideOver5,2010,6005569515.0,15000.199305866649,21.568045124859403,,,,,,,,,
social,peace and justice,national aggregate,World,homicideOver5,2011,6072091031.0,15457.937440237632,21.266798066881616,,,,,,,,,
social,peace and justice,national aggregate,World,homicideOver5,2012,6139256845.0,15767.199064094397,22.8182664183681,,,,,,,,,
social,peace and justice,national aggregate,World,homicideOver5,2013,6205720159.0,16080.682891196651,22.85434854717238,,,,,,,,,
social,peace and justice,national aggregate,World,homicideOver5,2014,6271205199.0,16452.853343408107,22.87903685927532,,,,,,,,,
social,peace and justice,national aggregate,World,homicideOver5,2015,6335451163.0,16816.339819520763,18.66401996602369,,,,,,,,,
social,peace and justice,national aggregate,World,homicideOver5,2016,6398905337.0,17150.371589239894,24.009903555164907,,,,,,,,,
social,peace and justice,national aggregate,World,homicideOver5,2017,6461824528.0,17639.9842584069,24.822779712596983,,,,,,,,,
social,peace and justice,national aggregate,World,homicideOver5,2018,6522109979.0,18088.458661652232,16.8070023279195,,,,,,,,,
social,peace and justice,national aggregate,World,homicideOver5,2019,6579296380.0,18435.94325312217,15.361676805932248,,,,,,,,,
social,peace and justice,national aggregate,World,homicideOver5,2020,6631365292.0,17687.758777056963,20.52634094282375,,,,,,,,,
social,peace and justice,national aggregate,World,homicideOver5,2021,6676061478.0,18653.97930728317,20.81116873441709,,,,,,,,,
social,peace and justice,national aggregate,World,homicideOver5,2022,6718111096.0,19145.78709231794,19.52460119007237,,,,,,,,,
social,peace and justice,national aggregate,Bottom-40,homicideOver5,2000,1958942674.0,2730.263994802813,20.39193735998014,,,,,,,,,
social,peace and justice,national aggregate,Bottom-40,homicideOver5,2001,1997490817.0,2802.528042792699,20.51766869274173,,,,,,,,,
social,peace and justice,national aggregate,Bottom-40,homicideOver5,2002,2036578779.0,2862.457402118761,20.7947951420739,,,,,,,,,
social,peace and justice,national aggregate,Bottom-40,homicideOver5,2003,2075270877.0,2994.098846940914,20.8629031418726,,,,,,,,,
social,peace and justice,national aggregate,Bottom-40,homicideOver5,2004,2113206705.0,3151.495743256188,20.937536728097783,,,,,,,,,
social,peace and justice,national aggregate,Bottom-40,homicideOver5,2005,2150663688.0,3317.4685612032417,21.043003493533664,,,,,,,,,
social,peace and justice,national aggregate,Bottom-40,homicideOver5,2006,2187806837.0,3499.1464863799392,19.97656176078583,,,,,,,,,
social,peace and justice,national aggregate,Bottom-40,homicideOver5,2007,2224592906.0,3693.516274275575,20.11066729527726,,,,,,,,,
social,peace and justice,national aggregate,Bottom-40,homicideOver5,2008,2260753520.0,3772.487143221718,19.680169822316586,,,,,,,,,
social,peace and justice,national aggregate,Bottom-40,homicideOver5,2009,2297131180.0,3929.139826678186,20.50006700096248,,,,,,,,,
social,peace and justice,national aggregate,Bottom-40,homicideOver5,2010,2334429356.0,4126.410773304553,20.123869578343324,,,,,,,,,
social,peace and justice,national aggregate,Bottom-40,homicideOver5,2011,2372225425.0,4320.887352145175,22.251215101111228,,,,,,,,,
social,peace and justice,national aggregate,Bottom-40,homicideOver5,2012,2409303309.0,4428.245082085843,24.10822850034113,,,,,,,,,
social,peace and justice,national aggregate,Bottom-40,homicideOver5,2013,2444820857.0,4591.748285382791,24.24788099719652,,,,,,,,,
social,peace and justice,national aggregate,Bottom-40,homicideOver5,2014,2479638516.0,4798.14459615365,24.3903373051171,,,,,,,,,
social,peace and justice,national aggregate,Bottom-40,homicideOver5,2015,2514560759.0,5037.381496858873,14.2776590987118,,,,,,,,,
social,peace and justice,national aggregate,Bottom-40,homicideOver5,2016,2550598414.0,5281.2777534448815,14.848718478031644,,,,,,,,,
social,peace and justice,national aggregate,Bottom-40,homicideOver5,2017,2587326147.0,5551.281408445328,16.434855709746746,,,,,,,,,
social,peace and justice,national aggregate,Bottom-40,homicideOver5,2018,2623827827.0,5818.2732803008175,11.447157428138672,,,,,,,,,
social,peace and justice,national aggregate,Bottom-40,homicideOver5,2019,2660222964.0,5989.063466640426,7.962336385575236,,,,,,,,,
social,peace and justice,national aggregate,Bottom-40,homicideOver5,2020,2696625033.0,5657.033073598912,7.467194754028673,,,,,,,,,
social,peace and justice,national aggregate,Bottom-40,homicideOver5,2021,2731008408.0,5932.403833275866,10.575257042562718,,,,,,,,,
social,peace and justice,national aggregate,Bottom-40,homicideOver5,2022,2763746672.0,6242.566869803608,6.726303712397559,,,,,,,,,
social,peace and justice,national aggregate,Middle-40,homicideOver5,2000,2484330275.0,7774.46012021573,33.911425887204146,,,,,,,,,
social,peace and justice,national aggregate,Middle-40,homicideOver5,2001,2504019349.0,7982.24812697306,34.052801163079195,,,,,,,,,
social,peace and justice,national aggregate,Middle-40,homicideOver5,2002,2523019577.0,8239.244569264605,34.07615730918286,,,,,,,,,
social,peace and justice,national aggregate,Middle-40,homicideOver5,2003,2541612713.0,8599.382112831338,33.91099362194605,,,,,,,,,
social,peace and justice,national aggregate,Middle-40,homicideOver5,2004,2560209435.0,9184.806114267354,33.81162525869685,,,,,,,,,
social,peace and justice,national aggregate,Middle-40,homicideOver5,2005,2578949778.0,9720.745658852678,33.94739779224968,,,,,,,,,
social,peace and justice,national aggregate,Middle-40,homicideOver5,2006,2597492144.0,10460.394300787628,33.83254247871173,,,,,,,,,
social,peace and justice,national aggregate,Middle-40,homicideOver5,2007,2616142742.0,11299.927526512996,36.51541602312157,,,,,,,,,
social,peace and justice,national aggregate,Middle-40,homicideOver5,2008,2635834843.0,11872.791092794274,33.83431228130252,,,,,,,,,
social,peace and justice,national aggregate,Middle-40,homicideOver5,2009,2656633629.0,11869.532799016051,31.763301751082366,,,,,,,,,
social,peace and justice,national aggregate,Middle-40,homicideOver5,2010,2677719635.0,12567.695726077807,30.814770195312104,,,,,,,,,
social,peace and justice,national aggregate,Middle-40,homicideOver5,2011,2699242138.0,13203.366016494636,28.27135792142853,,,,,,,,,
social,peace and justice,national aggregate,Middle-40,homicideOver5,2012,2722123995.0,13771.921182947051,30.11066272166636,,,,,,,,,
social,peace and justice,national aggregate,Middle-40,homicideOver5,2013,2746162125.0,14260.36384844386,30.04462138228638,,,,,,,,,
social,peace and justice,national aggregate,Middle-40,homicideOver5,2014,2770294230.0,14746.966419470951,29.946639278095745,,,,,,,,,
social,peace and justice,national aggregate,Middle-40,homicideOver5,2015,2793192006.0,15144.03704898111,29.46581395879879,,,,,,,,,
social,peace and justice,national aggregate,Middle-40,homicideOver5,2016,2814187074.0,15542.268325671255,29.49461518278582,,,,,,,,,
social,peace and justice,national aggregate,Middle-40,homicideOver5,2017,2834176357.0,16153.208675953292,29.94135830341344,,,,,,,,,
social,peace and justice,national aggregate,Middle-40,homicideOver5,2018,2852109016.0,16714.47956979968,27.888680395377985,,,,,,,,,
social,peace and justice,national aggregate,Middle-40,homicideOver5,2019,2867425581.0,17225.068575506484,27.84622531412089,,,,,,,,,
social,peace and justice,national aggregate,Middle-40,homicideOver5,2020,2879982001.0,16919.945259851946,28.59274577806641,,,,,,,,,
social,peace and justice,national aggregate,Middle-40,homicideOver5,2021,2888737576.0,18022.50453107665,26.4167537176108,,,,,,,,,
social,peace and justice,national aggregate,Middle-40,homicideOver5,2022,2895532235.0,18527.066891140126,27.18143581641045,,,,,,,,,
social,peace and justice,national aggregate,Top-20,homicideOver5,2000,915272886.0,42826.75945099131,30.88953822674476,,,,,,,,,
social,peace and justice,national aggregate,Top-20,homicideOver5,2001,921727273.0,43157.06556447137,31.007015564353384,,,,,,,,,
social,peace and justice,national aggregate,Top-20,homicideOver5,2002,928313661.0,43373.41220687926,31.09770610173106,,,,,,,,,
social,peace and justice,national aggregate,Top-20,homicideOver5,2003,935134174.0,44099.56803784812,31.16646980757223,,,,,,,,,
social,peace and justice,national aggregate,Top-20,homicideOver5,2004,942169273.0,45331.036737896255,31.235467174909665,,,,,,,,,
social,peace and justice,national aggregate,Top-20,homicideOver5,2005,949681724.0,46309.06939416513,31.2936920327636,,,,,,,,,
social,peace and justice,national aggregate,Top-20,homicideOver5,2006,958014893.0,47332.58168995464,31.325792969692383,,,,,,,,,
social,peace and justice,national aggregate,Top-20,homicideOver5,2007,967345385.0,48103.6035527659,31.33328278606508,,,,,,,,,
social,peace and justice,national aggregate,Top-20,homicideOver5,2008,976903714.0,47788.37655027015,31.329362414523487,,,,,,,,,
social,peace and justice,national aggregate,Top-20,homicideOver5,2009,985718265.0,45896.976201243,0.0373389652062498,,,,,,,,,
social,peace and justice,national aggregate,Top-20,homicideOver5,2010,993420524.0,47109.11289134587,0.0375744199945681,,,,,,,,,
social,peace and justice,national aggregate,Top-20,homicideOver5,2011,1000623468.0,47942.91166689566,0.0377714507091692,,,,,,,,,
social,peace and justice,national aggregate,Top-20,homicideOver5,2012,1007829541.0,48263.14387825407,0.0379092876778455,,,,,,,,,
social,peace and justice,national aggregate,Top-20,homicideOver5,2013,1014737177.0,48687.42965240927,0.0380049148430874,,,,,,,,,
social,peace and justice,national aggregate,Top-20,homicideOver5,2014,1021272453.0,49377.73377672948,0.03810256497734,,,,,,,,,
social,peace and justice,national aggregate,Top-20,homicideOver5,2015,1027698398.0,50182.12999402784,0.0382113079833758,,,,,,,,,
social,peace and justice,national aggregate,Top-20,homicideOver5,2016,1034119849.0,50801.012145882,31.67971046265064,,,,,,,,,
social,peace and justice,national aggregate,Top-20,homicideOver5,2017,1040322024.0,51755.575731239085,31.73923490828643,,,,,,,,,
social,peace and justice,national aggregate,Top-20,homicideOver5,2018,1046173136.0,52608.167454582464,0.0384167769339472,,,,,,,,,
social,peace and justice,national aggregate,Top-20,homicideOver5,2019,1051647835.0,53222.843626597954,0.0384688663387016,,,,,,,,,
social,peace and justice,national aggregate,Top-20,homicideOver5,2020,1054758258.0,50542.34412297844,31.88867889385133,,,,,,,,,
social,peace and justice,national aggregate,Top-20,homicideOver5,2021,1056315494.0,53271.37790131012,31.94543400307257,,,,,,,,,
social,peace and justice,national aggregate,Top-20,homicideOver5,2022,1058832189.0,54517.545359683136,31.99177088863512,,,,,,,,,
